# Rhino

v -0.061633 0.0023340000000000001 1.8658040453410365
v 0.034556999999999997 -0.0013079999999999999 1.8387070453410388
v 0.093828999999999996 0.37720999999999999 1.6978720453410361
v -0.158938 0.38678099999999999 1.7690750453410402
v 0.123727 0.75546999999999997 1.5609880453410412
v -0.22921900000000001 0.76883299999999999 1.6604100453410382
v 0.131582 1.133148 1.4260040453410383
v -0.27980300000000002 1.1487229999999999 1.5418880453410395
v 0.12386 1.5099530000000001 1.2911150453410372
v -0.31714900000000001 1.526651 1.4153440453410369
v 0.106073 1.885634 1.1547850453410362
v -0.34676499999999999 1.902779 1.2823470453410408
v 0.082654000000000005 2.259976 1.0157830453410384
v -0.37307699999999999 2.277231 1.1441590453410413
v 0.061751 2.5633949999999999 0.90046904534104044
v -0.39415099999999997 2.580657 1.0288930453410359
v -0.027002999999999999 3.6783130000000002 0.43554204534103746
v -0.48290499999999997 3.6955740000000001 0.56396604534104
v -0.12625700000000001 4.7770390000000003 -0.06448395465896084
v -0.58215899999999998 4.7943009999999999 0.06394004534103459
v -0.235903 5.8583720000000001 -0.59906195465896417
v -0.691805 5.8756329999999997 -0.47063795465896163
v -0.35582000000000003 6.9211280000000004 -1.1676079546589619
v -0.81172200000000005 6.9383900000000001 -1.0391829546589619
v -0.418323 7.4476440000000004 -1.4602569546589592
v -0.87422500000000003 7.4649049999999999 -1.3318319546589592
v -0.539663 8.3036849999999998 -1.9628589546589623
v -0.97304100000000004 8.320093 -1.8407789546589584
v -0.73536599999999996 9.1478680000000008 -2.4685959546589658
v -1.0110760000000001 9.1583070000000006 -2.3909309546589625
v -0.96151500000000001 9.7553140000000003 -2.8241479546589616
v 0.045449000000000003 0.058321999999999999 1.9563570453410364
v -0.053662000000000001 0.062074999999999998 1.9435950453410413
v -0.124042 0.45638200000000001 2.0159870453410349
v 0.12435499999999999 0.44697700000000001 2.0479720453410408
v -0.16418199999999999 0.84843199999999996 2.0974150453410374
v 0.17163700000000001 0.83571700000000004 2.1406570453410367
v -0.18359900000000001 1.2385189999999999 2.1866400453410364
v 0.19681100000000001 1.224116 2.2356230453410362
v -0.190417 1.6268849999999999 2.2825980453410395
v 0.20800099999999999 1.6117999999999999 2.3339010453410367
v -0.19118299999999999 2.0137109999999998 2.3844310453410387
v 0.211753 1.9984550000000001 2.4363160453410373
v -0.19056200000000001 2.3408479999999998 2.4746430453410397
v 0.21266499999999999 2.3255810000000001 2.5265650453410373
v -0.19289800000000001 3.3332799999999998 2.7845960453410399
v 0.21032899999999999 3.3180130000000001 2.8365180453410375
v -0.19991800000000001 4.314724 3.1276920453410355
v 0.20330899999999999 4.2994579999999996 3.1796140453410402
v -0.211614 5.2840540000000003 3.5035370453410408
v 0.19161400000000001 5.2687869999999997 3.5554590453410384
v -0.22797100000000001 6.240157 3.9117000453410355
v 0.175256 6.2248900000000003 3.9636220453410402
v -0.237313 6.7146949999999999 4.1237750453410342
v 0.16591500000000001 6.6994290000000003 4.1756960453410414
v -0.24381800000000001 7.6131919999999997 4.5629940453410356
v 0.127912 7.5991179999999998 4.6108600453410347
v -0.16009599999999999 8.4934220000000007 5.0431580453410376
v -0.0088419999999999992 8.4876950000000004 5.062634045341035
v -0.093955999999999998 8.7889149999999994 5.2142980453410388
v -0.045172999999999998 0.101782 1.8493960453410381
v 0.054736 0.097999000000000003 1.8513940453410385
v 0.15174399999999999 0.49396499999999999 1.8302740453410351
v -0.111055 0.503915 1.8250200453410415
v 0.21954299999999999 0.89092899999999997 1.8067520453410353
v -0.14766199999999999 0.90483199999999997 1.799412045341036
v 0.26570199999999999 1.2885960000000001 1.7809810453410364
v -0.16256699999999999 1.3048109999999999 1.7724200453410361
v 0.29690299999999997 1.6867049999999999 1.7530940453410366
v -0.16244900000000001 1.704097 1.7439110453410365
v 0.31884600000000002 2.085032 1.7232050453410395
v -0.15301200000000001 2.102897 1.7137730453410356
v 0.33612399999999998 2.4833940000000001 1.6914080453410349
v -0.138847 2.5013779999999999 1.6819130453410409
v 0.34939799999999999 2.8166720000000001 1.663507045341035
v -0.12576799999999999 2.8346629999999999 1.6540080453410368
v 0.458426 5.5312590000000004 1.3508570453410371
v -0.016740000000000001 5.5492499999999998 1.341358045341039
v 0.56872100000000003 8.2347450000000002 0.95384304534103848
v 0.093554999999999999 8.2527360000000005 0.94434404534104033
v 0.59759499999999999 9.2220449999999996 0.79718804534103782
v 0.14566299999999999 9.2391559999999995 0.78815304534104058
v 0.55692399999999997 10.210132 0.62791204534103429
v 0.267625 10.221086 0.62212804534103583
v 0.442218 10.938242000000001 0.49579604534103794
v -1.8499159999999999 0.0030799999999999998 4.6503740453410387
v -1.8498939999999999 0.0030790000000000001 4.5503740453410373
v -1.988831 0.37816699999999998 4.4712730453410359
v -1.9888859999999999 0.37817000000000001 4.7294070453410342
v -2.1314639999999998 0.75186799999999998 4.42228004534104
v -2.1315390000000001 0.75187300000000001 4.7783300453410362
v -2.2777750000000001 1.1241460000000001 4.3950330453410373
v -2.277863 1.124152 4.8055040453410385
v -2.4277510000000002 1.4949650000000001 4.3822440453410394
v -2.4278439999999999 1.4949699999999999 4.818220045341036
v -2.581375 1.8642879999999999 4.3778170453410397
v -2.5814699999999999 1.864293 4.8225720453410403
v -2.7386309999999998 2.2320790000000001 4.3770380453410382
v -2.7387260000000002 2.2320850000000001 4.8232740453410372
v -2.8045010000000001 2.3844110000000001 4.3770130453410374
v -2.8045960000000001 2.384417 4.8232670453410407
v -3.4346739999999998 3.7083499999999998 4.376862045341035
v -3.4347690000000002 3.7083560000000002 4.8231160453410382
v -4.1122420000000002 5.0086709999999997 4.376700045341039
v -4.1123370000000001 5.0086769999999996 4.8229550453410397
v -4.836322 6.2836780000000001 4.3765300453410347
v -4.836417 6.2836829999999999 4.822784045341038
v -5.209816 6.9145390000000004 4.3764420453410366
v -5.2099099999999998 6.9145450000000004 4.8226960453410399
v -5.7403060000000004 7.762232 4.3895250453410384
v -5.7403950000000004 7.762238 4.8093660453410365
v -6.2915299999999998 8.5966020000000007 4.4818450453410392
v -6.2915799999999997 8.5966059999999995 4.7167890453410379
v -6.6100700000000003 9.0644329999999993 4.5992430453410407
v -1.7465919999999999 0.056818 4.5501930453410395
v -1.746208 0.056794999999999998 4.6501930453410409
v -1.6602410000000001 0.447496 4.7303900453410392
v -1.6612420000000001 0.44755800000000001 4.4695230453410346
v -1.572975 0.83789199999999997 4.7809290453410398
v -1.5743659999999999 0.837978 4.418500045341041
v -1.484383 1.2279770000000001 4.8097330453410407
v -1.485997 1.2280759999999999 4.3892020453410368
v -1.3944369999999999 1.617742 4.8237550453410378
v -1.396161 1.617848 4.3746750453410357
v -1.303118 2.0071819999999998 4.8288770453410379
v -1.304883 2.0072909999999999 4.3690360453410406
v -1.210407 2.39629 4.8297610453410371
v -1.212181 2.3963999999999999 4.3676250453410361
v -1.1500809999999999 2.6469 4.8296290453410364
v -1.1518550000000001 2.6470090000000002 4.367412045341041
v -0.21085799999999999 6.0638569999999996 4.82683304534104
v -0.21263199999999999 6.0639669999999999 4.3646160453410374
v 0.28605000000000003 7.7645970000000002 4.8253290453410358
v 0.284275 7.7647069999999996 4.3631120453410404
v 0.57511100000000004 8.7218959999999992 4.8121360453410347
v 0.57343200000000005 8.7219999999999995 4.374539045341038
v 0.872529 9.6765600000000003 4.7250480453410404
v 0.87151100000000004 9.6766229999999993 4.4597940453410416
v 1.071599 10.303350999999999 4.5918030453410381
v -1.821456 0.10151399999999999 4.6654580453410404
v -1.8587899999999999 0.10381799999999999 4.5727170453410366
v -1.8842989999999999 0.50535200000000002 4.5158380453410416
v -1.793558 0.499753 4.7412440453410412
v -1.901859 0.90609799999999996 4.4903360453410386
v -1.7816689999999999 0.89868099999999995 4.7888940453410385
v -1.9155340000000001 1.306257 4.4861150453410374
v -1.7817240000000001 1.298 4.8185040453410366
v -1.9287129999999999 1.705994 4.4947550453410372
v -1.7903359999999999 1.6974549999999999 4.8384900453410395
v -1.9439949999999999 2.1054200000000001 4.5097920453410367
v -1.8048999999999999 2.0968369999999998 4.8553110453410397
v -1.9498180000000001 2.2475179999999999 4.5156580453410413
v -1.8107169999999999 2.238934 4.8611920453410349
v -2.0375549999999998 3.466799 4.5812680453410408
v -1.8984540000000001 3.458215 4.9268010453410369
v -2.1628750000000001 4.6818879999999998 4.6619030453410346
v -2.023774 4.6733039999999999 5.0074370453410353
v -2.3256399999999999 5.8914419999999996 4.7574750453410388
v -2.1865389999999998 5.8828579999999997 5.1030090453410395
v -2.4163510000000001 6.4945849999999998 4.8089760453410406
v -2.27725 6.4860009999999999 5.1545100453410413
v -2.582284 7.4745730000000004 4.920550045341038
v -2.4573299999999998 7.4668619999999999 5.2309420453410382
v -2.7304580000000001 8.4462720000000004 5.1473450453410408
v -2.7045330000000001 8.4446720000000006 5.2117430453410378
v -2.7461319999999998 8.5840920000000001 5.1945160453410395
v 0.14652399999999999 -0.00066399999999999999 4.1471400453410396
v 0.15323999999999999 -0.00075900000000000002 4.2469140453410361
v 0.32410099999999997 0.36309999999999998 4.3137360453410381
v 0.30693500000000001 0.36334499999999997 4.0587170453410408
v 0.49944100000000002 0.72393399999999997 4.3496800453410387
v 0.47592200000000001 0.72426900000000005 4.0002890453410345
v 0.67979199999999995 1.0816140000000001 4.3635030453410408
v 0.65283999999999998 1.0819989999999999 3.9631030453410361
v 0.86560800000000004 1.4360189999999999 4.3627920453410383
v 0.837121 1.4364250000000001 3.9395840453410358
v 1.05725 1.787026 4.3538160453410342
v 1.0282819999999999 1.787439 3.923466045341037
v 1.2549729999999999 2.1345160000000001 4.3413050453410378
v 1.225943 2.1349300000000002 3.9100300453410384
v 1.2974920000000001 2.2085880000000002 4.3385150453410404
v 1.268462 2.2090019999999999 3.9072380453410389
v 1.700607 2.8579319999999999 4.3120040453410411
v 1.671576 2.8583460000000001 3.8807270453410396
v 2.1258370000000002 3.492947 4.2839900453410351
v 2.0968070000000001 3.4933610000000002 3.8527130453410408
v 2.5726770000000001 4.1128790000000004 4.2545070453410361
v 2.543647 4.1132939999999998 3.8232300453410346
v 3.040594 4.7169889999999999 4.2235900453410409
v 3.0115630000000002 4.717403 3.7923140453410369
v 3.5290309999999998 5.304557 4.1912770453410388
v 3.5 5.3049710000000001 3.7600000453410374
v 4.0374049999999997 5.8748829999999996 4.1576040453410386
v 4.0083739999999999 5.8752969999999998 3.7263270453410371
v 4.2964640000000003 6.155608 4.1404360453410405
v 4.2674329999999996 6.1560220000000001 3.709159045341039
v 4.8331790000000003 6.6988110000000001 4.0985190453410354
v 4.8049949999999999 6.6992130000000003 3.6798060453410386
v 5.3857400000000002 7.2231500000000004 4.0176580453410367
v 5.3634750000000002 7.2234670000000003 3.6868880453410355
v 5.9509460000000001 7.7280369999999996 3.8602040453410353
v 5.9447479999999997 7.7281250000000004 3.7681380453410398
v 6.0922369999999999 7.8530300000000004 3.8045710453410351
v 0.055282999999999999 0.060644000000000003 4.2544470453410383
v 0.046799 0.060765 4.154808045341035
v -0.015043000000000001 0.45704600000000001 4.0783360453410396
v 0.0073429999999999997 0.45672699999999999 4.3412300453410353
v -0.078700999999999993 0.85267000000000004 4.0312440453410403
v -0.047355000000000001 0.85222299999999995 4.3993610453410383
v -0.14480100000000001 1.247598 4.0061090453410344
v -0.10817300000000001 1.2470749999999999 4.4362630453410361
v -0.213895 1.6417919999999999 3.9963650453410366
v -0.174544 1.64123 4.4584990453410356
v -0.28645199999999998 2.0352109999999999 3.996391045341035
v -0.24598 2.0346340000000001 4.4716900453410346
v -0.36285299999999998 2.427816 4.0016360453410371
v -0.32208700000000001 2.4272339999999999 4.4803850453410377
v -0.43582599999999999 2.7846280000000001 4.0081530453410394
v -0.395038 2.784046 4.4871600453410352
v -0.72180100000000003 3.9791599999999998 4.0339560453410357
v -0.68101299999999998 3.9785780000000002 4.5129620453410411
v -1.047345 5.163443 4.0631150453410356
v -1.0065569999999999 5.1628610000000004 4.542121045341041
v -1.412096 6.3361559999999999 4.0955980453410348
v -1.371308 6.3355740000000003 4.5746040453410401
v -1.815647 7.4959930000000004 4.1313700453410362
v -1.774859 7.4954109999999998 4.6103760453410416
v -2.02704 8.0724499999999999 4.1500700453410388
v -1.9862519999999999 8.0718669999999992 4.6290760453410371
v -2.3954849999999999 9.0011310000000009 4.1939930453410383
v -2.3566280000000002 9.0005760000000006 4.6503210453410375
v -2.7831440000000001 9.9193099999999994 4.3080670453410406
v -2.7578049999999998 9.9189480000000003 4.6056480453410416
v -3.0863670000000001 10.614490999999999 4.4846010453410372
v 0.16264999999999999 0.099115999999999996 4.1650170453410382
v 0.136791 0.099485000000000004 4.2616150453410384
v 0.146089 0.49861800000000001 4.344399045341035
v 0.21282300000000001 0.497666 4.0951060453410406
v 0.166989 0.89731899999999998 4.3991120453410346
v 0.25902199999999997 0.89600599999999997 4.0553120453410401
v 0.197325 1.2955810000000001 4.4338390453410383
v 0.30341000000000001 1.2940670000000001 4.0375470453410358
v 0.235205 1.69339 4.4556270453410391
v 0.34786800000000001 1.691783 4.03476204534104
v 0.27904800000000002 2.0907300000000002 4.4703690453410374
v 0.39397100000000002 2.0890909999999998 4.041064045341038
v 0.32763100000000001 2.487581 4.4826180453410416
v 0.44293300000000002 2.4859360000000001 4.0518960453410386
v 0.34826000000000001 2.6501760000000001 4.4875290453410344
v 0.46356599999999998 2.6485310000000002 4.0567900453410388
v 0.58338599999999996 4.095173 4.5449520453410344
v 0.69869199999999998 4.0935280000000001 4.1142130453410388
v 0.86898399999999998 5.5304409999999997 4.6159240453410391
v 0.98429 5.5287959999999998 4.1851850453410364
v 1.2046779999999999 6.954091 4.7003510453410371
v 1.319984 6.9524460000000001 4.2696120453410344
v 1.3849689999999999 7.6626589999999997 4.7459080453410394
v 1.500275 7.6610149999999999 4.3151690453410367
v 1.6575530000000001 8.6232740000000003 4.8015160453410388
v 1.766019 8.6217269999999999 4.3963320453410404
v 1.9735510000000001 9.5764250000000004 4.7866140453410395
v 2.0341300000000002 9.5755610000000004 4.5603140453410376
v 2.1757879999999998 10.11131 4.7174490453410414
v 2.5573630000000001 0.0072329999999999998 4.6563300453410363
v 2.5448439999999999 0.0093570000000000007 4.5571390453410388
v 2.4527299999999999 0.40192 4.5001030453410351
v 2.484391 0.39654899999999998 4.7509450453410409
v 2.3592919999999999 0.79266400000000004 4.4743480453410385
v 2.4023569999999999 0.785358 4.81554204534104
v 2.2633909999999999 1.181713 4.4707230453410389
v 2.312433 1.1733929999999999 4.8592620453410404
v 2.1640519999999999 1.569167 4.4813620453410365
v 2.2156259999999999 1.5604180000000001 4.8899640453410385
v 2.0604830000000001 1.955095 4.4998500453410344
v 2.112765 1.9462250000000001 4.914057045341039
v 1.9509449999999999 2.3434599999999999 4.5217310453410349
v 2.0032920000000001 2.3345790000000002 4.936452045341035
v 1.6251059999999999 3.3591139999999999 4.5846070453410377
v 1.6774530000000001 3.3502329999999998 4.9993280453410378
v 1.263385 4.3622730000000001 4.6517450453410376
v 1.315731 4.3533929999999996 5.0664660453410377
v 0.86624400000000001 5.3516529999999998 4.7230580453410411
v 0.91859000000000002 5.3427720000000001 5.1377790453410412
v 0.434193 6.3259850000000002 4.7984550453410364
v 0.486539 6.3171049999999997 5.2131760453410365
v 0.20954200000000001 6.8091559999999998 4.8371570453410371
v 0.26188800000000001 6.8002750000000001 5.2518780453410372
v -0.238928 7.698455 4.9279730453410409
v -0.19034899999999999 7.6902140000000001 5.3128480453410347
v -0.70544600000000002 8.5700620000000001 5.1116960453410343
v -0.68323800000000001 8.5662939999999992 5.2876460453410346
v -0.89292700000000003 8.9186169999999994 5.2322400453410367
v 2.6244529999999999 0.056709000000000002 4.5312030453410372
v 2.6782430000000002 0.047583 4.61500904534104
v 2.845825 0.41759600000000002 4.6355420453410403
v 2.7128730000000001 0.44015100000000001 4.4284010453410403
v 3.0004520000000001 0.78877399999999998 4.6267660453410357
v 2.8223739999999999 0.81898499999999996 4.3493160453410411
v 3.1475810000000002 1.160123 4.5972210453410369
v 2.947457 1.1940740000000001 4.2854240453410384
v 3.2918150000000002 1.5307949999999999 4.5541270453410405
v 3.0834700000000002 1.566141 4.2295200453410402
v 3.4367860000000001 1.9001060000000001 4.5031850453410414
v 3.226734 1.9357420000000001 4.1759200453410372
v 3.5269439999999999 2.1265619999999998 4.4700370453410372
v 3.3168380000000002 2.162207 4.1426870453410345
v 3.969395 3.144088 4.296851045341036
v 3.7592889999999999 3.1797330000000001 3.9695010453410404
v 4.4422329999999999 4.1439199999999996 4.1022350453410397
v 4.2321260000000001 4.1795640000000001 3.774885045341037
v 4.9448210000000001 5.1247129999999999 3.8864510453410404
v 4.7347149999999996 5.1603580000000004 3.5591010453410377
v 5.4764840000000001 6.0851509999999998 3.6497900453410352
v 5.2663779999999996 6.1207950000000002 3.3224390453410351
v 5.9631660000000002 6.9248609999999999 3.4082830453410367
v 5.771604 6.9573600000000004 3.1098260453410376
v 6.4162049999999997 7.7560039999999999 3.0640230453410382
v 6.3544549999999997 7.7664809999999997 2.9678160453410385
v 6.514049 7.961862 2.9551480453410406
v 2.5944829999999999 0.102365 4.66740004534104
v 2.5506549999999999 0.10979999999999999 4.577824045341039
v 2.5621420000000001 0.51266800000000001 4.5247240453410384
v 2.669508 0.49445299999999998 4.7441590453410356
v 2.5825260000000001 0.91360200000000003 4.5027050453410382
v 2.7254809999999998 0.88934999999999997 4.794877045341039
v 2.607173 1.313307 4.5023090453410362
v 2.7670210000000002 1.2861880000000001 4.8290080453410411
v 2.632193 1.7123600000000001 4.515597045341039
v 2.7980040000000002 1.6842299999999999 4.8544830453410412
v 2.6545589999999999 2.1111949999999999 4.5363900453410366
v 2.8214459999999999 2.0828820000000001 4.8774750453410363
v 2.6642649999999999 2.3003469999999999 4.5473180453410365
v 2.8311709999999999 2.2720319999999998 4.8884410453410396
v 2.6838790000000001 3.2707660000000001 4.6182730453410414
v 2.8507850000000001 3.2424499999999998 4.9593960453410375
v 2.6732429999999998 4.2401369999999998 4.7039420453410372
v 2.8401489999999998 4.2118219999999997 5.0450650453410404
v 2.6323699999999999 5.2073010000000002 4.8042220453410351
v 2.7992759999999999 5.1789860000000001 5.1453450453410383
v 2.5613100000000002 6.1711010000000002 4.9189930453410398
v 2.7282160000000002 6.1427860000000001 5.2601160453410358
v 2.5182479999999998 6.6519440000000003 4.97997604534104
v 2.6851539999999998 6.6236280000000001 5.3210990453410361
v 2.4094030000000002 7.6072959999999998 5.1311950453410375
v 2.5616560000000002 7.5814659999999998 5.4423700453410362
v 2.3146089999999999 8.5489560000000004 5.3863730453410383
v 2.3642919999999998 8.5405259999999998 5.4879150453410404
v 2.3010679999999999 8.781898 5.4756100453410355
v -2.2856160000000001 -0.0020430000000000001 2.6311830453410394
v -2.2314850000000002 -0.0097289999999999998 2.7149130453410351
v -2.014418 0.334644 2.6985420453410356
v -2.1522579999999998 0.354217 2.4853280453410349
v -1.809199 0.67815899999999996 2.6531490453410385
v -1.997568 0.70490799999999998 2.3617750453410409
v -1.611043 1.0200359999999999 2.5862360453410389
v -1.8264309999999999 1.050621 2.2530670453410409
v -1.4158249999999999 1.359586 2.5042850453410352
v -1.643073 1.3918550000000001 2.1527710453410407
v -1.2201610000000001 1.6962269999999999 2.4126380453410405
v -1.4509829999999999 1.729004 2.0555960453410407
v -1.021542 2.0295030000000001 2.3152850453410352
v -1.252777 2.062338 1.9576030453410382
v -0.99352799999999997 2.0763389999999999 2.3014740453410383
v -1.224764 2.109175 1.9437930453410388
v -0.56747800000000004 2.7418580000000001 2.0871350453410358
v -0.79871400000000004 2.7746940000000002 1.7294530453410388
v -0.12330000000000001 3.3909310000000001 1.8595660453410403
v -0.35453600000000002 3.4237660000000001 1.5018850453410408
v 0.33849099999999999 4.0228070000000002 1.6190320453410365
v 0.107256 4.0556429999999999 1.2613500453410396
v 0.81736399999999998 4.6367580000000004 1.3658100453410356
v 0.58612900000000001 4.6695929999999999 1.0081280453410386
v 1.312765 5.2320739999999999 1.1001910453410346
v 1.081529 5.2649090000000003 0.74251004534103515
v 1.824122 5.8080670000000003 0.82248404534103514
v 1.592886 5.840903 0.46480204534103819
v 2.346562 6.3646820000000002 0.52638404534103955
v 2.123891 6.3963010000000002 0.18195004534103987
v 2.8580670000000001 6.9043159999999997 0.17910804534103875
v 2.6953459999999998 6.9274230000000001 -0.0725939546589629
v 3.3323179999999999 7.4299989999999996 -0.25873995465896371
v -2.32979 0.064832000000000001 2.7596250453410391
v -2.3502160000000001 0.067733000000000002 2.6617760453410355
v -2.3780070000000002 0.46956300000000001 2.5997620453410377
v -2.3257119999999998 0.46213700000000002 2.8502770453410378
v -2.40178 0.87042299999999995 2.5679900453410411
v -2.3300510000000001 0.86023700000000003 2.9116010453410368
v -2.4233129999999998 1.270551 2.557943045341041
v -2.3410299999999999 1.258867 2.9521130453410365
v -2.4441470000000001 1.6701550000000001 2.5622350453410405
v -2.3571059999999999 1.6577949999999999 2.9791960453410411
v -2.465557 2.0694029999999999 2.5747490453410364
v -2.3770009999999999 2.0568279999999999 2.9989670453410397
v -2.4885109999999999 2.4684189999999999 2.5908540453410396
v -2.3997489999999999 2.4558149999999999 3.0160580453410404
v -2.4942829999999998 2.566859 2.5949750453410374
v -2.4055209999999998 2.5542549999999999 3.0201820453410377
v -2.7260430000000002 5.0517880000000002 2.7170150453410358
v -2.6372810000000002 5.0391839999999997 3.1422220453410361
v -3.043148 7.5263489999999997 2.8565630453410407
v -2.954386 7.513744 3.281770045341041
v -3.1808390000000002 8.5142830000000007 2.9288250453410356
v -3.097766 8.5024859999999993 3.3267760453410347
v -3.315061 9.4975939999999994 3.0856280453410392
v -3.271817 9.4914529999999999 3.292788045341041
v -3.3736830000000002 9.9857239999999994 3.2205200453410399
v -2.2788029999999999 0.097992999999999997 2.6300430453410399
v -2.2162980000000001 0.089117000000000002 2.7075950453410371
v -2.0892770000000001 0.47428700000000001 2.7555560453410379
v -2.2547950000000001 0.49779099999999998 2.550194045341037
v -1.9770749999999999 0.86126199999999997 2.7783470453410359
v -2.2094239999999998 0.89425500000000002 2.4900670453410356
v -1.8751370000000001 1.249347 2.7816300453410392
v -2.1472609999999999 1.2879890000000001 2.4440000453410349
v -1.779428 1.637923 2.7704280453410348
v -2.072362 1.6795199999999999 2.4069780453410345
v -1.6864840000000001 2.0264509999999998 2.7490530453410358
v -1.988211 2.069296 2.37469304534104
v -1.5934809999999999 2.4144830000000002 2.7210230453410347
v -1.8976500000000001 2.4576750000000001 2.3436340453410409
v -1.498335 2.8018079999999999 2.688892045341035
v -1.8027230000000001 2.8450310000000001 2.3112310453410387
v -1.1717789999999999 3.9960200000000001 2.5623710453410382
v -1.4761679999999999 4.0392440000000001 2.1847100453410349
v -0.81462299999999999 5.1783739999999998 2.4098300453410388
v -1.1190119999999999 5.221597 2.032168045341038
v -0.42727199999999999 6.3475289999999998 2.2314400453410386
v -0.73166100000000001 6.3907530000000001 1.8537790453410352
v -0.010163999999999999 7.5021630000000004 2.0274060453410385
v -0.31455300000000003 7.5453869999999998 1.6497440453410377
v 0.20574200000000001 8.0756040000000002 1.9190200453410355
v -0.098646999999999999 8.1188280000000006 1.5413580453410347
v 0.56456399999999995 8.9875900000000009 1.7198910453410363
v 0.27404000000000001 9.0288450000000005 1.3594310453410401
v 0.90030600000000005 9.8942580000000007 1.4529520453410356
v 0.70683099999999999 9.9217320000000004 1.2129030453410365
v 1.1227229999999999 10.620373000000001 1.1572260453410408
v 2.560791 -0.0055999999999999999 1.8647050453410401
v 2.5355300000000001 -0.0032729999999999999 1.9614330453410389
v 2.6810040000000002 0.36097499999999999 2.0738190453410397
v 2.7469039999999998 0.35490500000000003 1.8214780453410384
v 2.8384140000000002 0.72234799999999999 2.158738045341039
v 2.9299719999999998 0.71391400000000005 1.8081460453410401
v 3.0057309999999999 1.0809709999999999 2.2238450453410366
v 3.1119690000000002 1.0711839999999999 1.8170420453410401
v 3.181171 1.436947 2.2758590453410363
v 3.2946230000000001 1.426496 1.8414340453410389
v 3.3632179999999998 1.7903560000000001 2.320465045341038
v 3.47939 1.779655 1.8756250453410388
v 3.5506660000000001 2.1412499999999999 2.3621630453410347
v 3.6674180000000001 2.1304940000000001 1.9151020453410368
v 3.6735419999999999 2.3665409999999998 2.3888750453410381
v 3.790314 2.3557839999999999 1.9417340453410361
v 4.2099840000000004 3.27685 2.5070700453410382
v 4.3267569999999997 3.266092 2.0599290453410362
v 4.7758640000000003 4.1680400000000004 2.6334120453410392
v 4.8926360000000004 4.1572829999999996 2.1862710453410372
v 5.3705280000000002 5.0390889999999997 2.7677560453410379
v 5.4873010000000004 5.0283319999999998 2.3206150453410359
v 5.993296 5.8889969999999998 2.9099470453410348
v 6.1100690000000002 5.8782399999999999 2.4628070453410373
v 6.6434519999999999 6.7167870000000001 3.0598240453410384
v 6.7602250000000002 6.7060300000000002 2.6126830453410363
v 7.2816559999999999 7.4746990000000002 3.1955360453410364
v 7.3922100000000004 7.4645149999999996 2.7722060453410364
v 7.9614560000000001 8.2097379999999998 3.2663150453410381
v 8.0284820000000003 8.2035640000000001 3.0096610453410406
v 8.4376580000000008 8.6822049999999997 3.2421580453410357
v 2.4416020000000001 0.065633999999999998 1.9300810453410406
v 2.4759329999999999 0.062470999999999999 1.8362120453410355
v 2.4722110000000002 0.45850800000000003 1.7454340453410353
v 2.388849 0.46618700000000002 1.97336804534104
v 2.4540470000000001 0.85522600000000004 1.6835550453410377
v 2.343699 0.86539200000000005 1.9852750453410408
v 2.425195 1.2522489999999999 1.6403230453410345
v 2.3024049999999998 1.26356 1.9760610453410408
v 2.3887809999999998 1.649254 1.6071970453410387
v 2.2618450000000001 1.660947 1.9542720453410354
v 2.3472029999999999 2.0459879999999999 1.577631045341036
v 2.219627 2.057741 1.9264570453410386
v 2.3324750000000001 2.1816610000000001 1.5676660453410349
v 2.2048939999999999 2.1934140000000002 1.9165050453410402
v 2.1359780000000002 3.5875530000000002 1.4484350453410357
v 2.0083959999999998 3.5993050000000002 1.797274045341041
v 1.8965559999999999 4.9853730000000001 1.3137770453410411
v 1.768975 4.9971259999999997 1.6626160453410392
v 1.614465 6.3736459999999999 1.1638350453410382
v 1.4868840000000001 6.3853989999999996 1.5126740453410363
v 1.3890020000000001 7.3434569999999999 1.0689910453410363
v 1.274497 7.3540049999999999 1.3820770453410347
v 1.103523 8.3110549999999996 1.07399904534104
v 1.080549 8.3131719999999998 1.1368130453410359
v 1.0588470000000001 8.4438220000000008 1.0888300453410409
v 2.563615 0.094562999999999994 1.8555410453410346
v 2.5538280000000002 0.095464999999999994 1.9550570453410359
v 2.6062889999999999 0.491595 2.0394240453410362
v 2.6322030000000001 0.48920799999999998 1.7759150453410371
v 2.6647159999999999 0.88697000000000004 2.0952970453410344
v 2.7010930000000002 0.88361900000000004 1.725408045341041
v 2.7283919999999999 1.28163 2.1299450453410387
v 2.770994 1.2777050000000001 1.6967500453410409
v 2.7966769999999999 1.6756089999999999 2.149809045341037
v 2.8425349999999998 1.671384 1.6835020453410365
v 2.869024 2.0689310000000001 2.1604210453410388
v 2.9162569999999999 2.0645799999999999 1.6801290453410402
v 2.9449830000000001 2.461614 2.1662930453410354
v 2.9925989999999998 2.4572270000000001 1.682120045341037
v 3.0241359999999999 2.8532199999999999 2.1707050453410375
v 3.0717850000000002 2.84883 1.6861850453410412
v 3.4613619999999998 4.6674550000000004 2.1972680453410405
v 3.5090119999999998 4.6630649999999996 1.7127470453410396
v 3.9653969999999998 6.4641630000000001 2.2305600453410364
v 4.0130470000000003 6.4597740000000003 1.7460390453410355
v 4.5355439999999998 8.2408619999999999 2.2705340453410372
v 4.5831939999999998 8.2364719999999991 1.7860130453410363
v 4.8609229999999997 9.1864299999999997 2.2828180453410383
v 4.9064019999999999 9.1822409999999994 1.8203800453410395
v 5.2114979999999997 10.124737 2.2307520453410348
v 5.2417749999999996 10.121947 1.9228910453410393
v 5.5127240000000004 10.86965 2.0981950453410363
v -2.7197830000000001 0.001196 0.26826104534103479
v -2.7677529999999999 0.0040949999999999997 0.18056604534103826
v -2.912884 0.38571100000000003 0.17926504534104026
v -2.786413 0.37806600000000001 0.41047404534104004
v -3.047482 0.76515200000000005 0.20537904534104001
v -2.8704830000000001 0.75445300000000004 0.52896104534103472
v -3.175125 1.1425940000000001 0.25234004534103605
v -2.968394 1.130098 0.63027804534103637
v -3.2989709999999999 1.518189 0.31434104534103824
v -3.0769600000000001 1.504769 0.72021304534104047
v -3.4217230000000001 1.8920600000000001 0.38641304534103682
v -3.193457 1.8782620000000001 0.80372104534103528
v -3.5455619999999999 2.2643019999999998 0.46453604534103476
v -3.315677 2.2504059999999999 0.88480404534103485
v -3.6581229999999998 2.595259 0.53691104534103573
v -3.428121 2.581356 0.95739104534104058
v -4.1324810000000003 3.8540570000000001 0.83800504534103482
v -3.9024800000000002 3.8401540000000001 1.2584850453410397
v -4.6461730000000001 5.0920930000000002 1.1599280453410401
v -4.4161720000000004 5.0781900000000002 1.5804090453410353
v -5.1985479999999997 6.3077940000000003 1.5022720453410372
v -4.968547 6.2938910000000003 1.9227520453410349
v -5.7889030000000004 7.4996179999999999 1.8646020453410372
v -5.5589019999999998 7.4857149999999999 2.285082045341035
v -6.2313260000000001 8.3506160000000005 2.1477880453410378
v -6.0122999999999998 8.337377 2.5482030453410403
v -6.6601710000000001 9.1858020000000007 2.5012970453410404
v -6.5179729999999996 9.1772069999999992 2.7612570453410399
v -6.9537139999999997 9.8072859999999995 2.8514260453410358
v -2.675967 0.058657000000000001 0.13269604534103507
v -2.6288140000000002 0.055807000000000002 0.22083504534104037
v -2.5114890000000001 0.44437300000000002 0.26131204534103603
v -2.6340119999999998 0.45177899999999999 0.032287045341035991
v -2.4038689999999998 0.83268699999999995 0.27313204534103619
v -2.5736340000000002 0.84294899999999995 -0.044200954658961678
v -2.3021560000000001 1.220456 0.26342804534103692
v -2.4986600000000001 1.232334 -0.1038879546589655
v -2.2030259999999999 1.607413 0.23844404534104058
v -2.412442 1.620072 -0.15300895465896502
v -2.1036800000000002 1.9933289999999999 0.20344404534103688
v -2.3178079999999999 2.0062720000000001 -0.19681395465896401
v -2.0019279999999999 2.3780049999999999 0.16256204534104057
v -2.2169810000000001 2.3910040000000001 -0.23942595465896233
v -1.944178 2.591812 0.13861004534103927
v -2.1592539999999998 2.604813 -0.26342195465895912
v -1.642952 3.588438 0.009691045341035931
v -1.8580289999999999 3.6014390000000001 -0.39234195465895993
v -1.312756 4.5736420000000004 -0.13509595465896496
v -1.527833 4.5866429999999996 -0.53712795465896335
v -0.95395700000000005 5.5463319999999996 -0.29558995465896487
v -1.169033 5.5593329999999996 -0.69762195465896326
v -0.56695200000000001 6.5054270000000001 -0.471611954658961
v -0.78202899999999997 6.518427 -0.87364395465895939
v -0.152171 7.4498629999999997 -0.66296795465895997
v -0.36724800000000002 7.4628629999999996 -1.0649999546589584
v 0.26206299999999999 8.3362049999999996 -0.8702529546589588
v 0.058908000000000002 8.3484859999999994 -1.2500009546589652
v 0.66493899999999995 9.2095669999999998 -1.1579329546589605
v 0.54523100000000002 9.2168039999999998 -1.3816959546589658
v 0.891289 9.7493599999999994 -1.4055879546589622
v -2.701273 0.100259 0.27071604534103955
v -2.7641689999999999 0.104061 0.19306504534103652
v -2.8111790000000001 0.50685000000000002 0.14495704534103737
v -2.6448339999999999 0.49679499999999999 0.35032304534103531
v -2.8431069999999998 0.90845200000000004 0.1219280453410363
v -2.6097999999999999 0.89434899999999995 0.40996404534104158
v -2.8645779999999998 1.309105 0.11826704534103527
v -2.5915469999999998 1.2926009999999999 0.45534704534103554
v -2.8796879999999998 1.709015 0.12891704534104065
v -2.585979 1.6912609999999999 0.49152604534103972
v -2.89195 2.108355 0.14953504534103956
v -2.5895809999999999 2.090077 0.52283604534103745
v -2.9042219999999999 2.5072540000000001 0.17659204534103878
v -2.599494 2.4888340000000002 0.55280404534104122
v -2.9180389999999998 2.8935110000000002 0.20649104534103913
v -2.613111 2.8750789999999999 0.58294904534103864
v -3.0056729999999998 4.2776459999999998 0.34524404534104036
v -2.7007460000000001 4.2592129999999999 0.72170204534103988
v -3.1315110000000002 5.6554099999999998 0.5146290453410387
v -2.826584 5.6369769999999999 0.89108704534103822
v -3.2953950000000001 7.025074 0.71443404534103649
v -2.9904679999999999 7.0066420000000003 1.090892045341036
v -3.4971179999999999 8.384919 0.94440904534103964
v -3.1921919999999999 8.3664880000000004 1.3208670453410392
v -3.6541739999999998 9.3543029999999998 1.1334950453410357
v -3.3633229999999998 9.3367210000000007 1.4925750453410345
v -3.7882639999999999 10.314698 1.3900020453410349
v -3.5959439999999998 10.303072999999999 1.6274370453410398
v -3.8484099999999999 11.063357 1.6722660453410398
v -0.36025299999999999 0.0078919999999999997 -0.035770954658964627
v -0.26415 -0.0046950000000000004 -0.060382954658962262
v -0.162412 0.368977 -0.19021695465896471
v -0.41746 0.40238099999999999 -0.12489895465895984
v -0.089598999999999998 0.74513600000000002 -0.31711695465896383
v -0.44817200000000001 0.792099 -0.22528595465896473
v -0.038782999999999998 1.122827 -0.44284295465896406
v -0.45932299999999998 1.1779059999999999 -0.33514295465896282
v -0.0038180000000000002 1.5011950000000001 -0.56895495465896317
v -0.457065 1.5605579999999999 -0.45287795465895897
v 0.020587999999999999 1.8795010000000001 -0.69679295465896018
v -0.44669399999999998 1.9407019999999999 -0.57712195465896343
v 0.038767000000000003 2.2571279999999998 -0.8274519546589616
v -0.43254599999999999 2.3188559999999998 -0.7067489546589627
v 0.054667 2.6545619999999999 -0.96947195465896385
v -0.41704799999999997 2.7163430000000002 -0.84866495465896463
v 0.089187000000000002 3.8204600000000002 -1.4309339546589612
v -0.38252799999999998 3.8822420000000002 -1.310126954658962
v 0.11156000000000001 4.970351 -1.9316419546589643
v -0.360155 5.032133 -1.8108359546589625
v 0.12175800000000001 6.1028149999999997 -2.4709769546589655
v -0.34995799999999999 6.1645960000000004 -2.3501709546589638
v 0.119768 7.21645 -3.0482729546589624
v -0.35194700000000001 7.278232 -2.9274659546589632
v 0.115726 7.7683020000000003 -3.3462789546589633
v -0.355989 7.8300840000000003 -3.2254719546589641
v 0.091050000000000006 8.6363749999999992 -3.8422219546589602
v -0.35968299999999997 8.6954089999999997 -3.7267889546589643
v -0.0043030000000000004 9.4988279999999996 -4.3451359546589643
v -0.30816100000000002 9.5386249999999997 -4.2673179546589637
v -0.17947099999999999 10.210260999999999 -4.7506279546589596
v -0.22578200000000001 0.050791999999999997 0.023010045341038676
v -0.31464199999999998 0.062429999999999999 0.067378045341037307
v -0.30378899999999998 0.45820899999999998 0.16554704534103593
v -0.072802000000000006 0.427956 0.050213045341038764
v -0.26501400000000003 0.84969799999999995 0.25357704534103931
v 0.055125 0.80776800000000004 0.093729045341035544
v -0.20549300000000001 1.237806 0.33504404534103571
v 0.165161 1.1892609999999999 0.14997404534103964
v -0.13151099999999999 1.6233280000000001 0.41307804534103809
v 0.26357900000000001 1.571582 0.21580604534103998
v -0.048369000000000002 2.0069249999999998 0.49031504534103476
v 0.35566500000000001 1.954008 0.2885770453410359
v 0.039767999999999998 2.3891149999999999 0.5688280453410357
v 0.44557400000000003 2.3359649999999998 0.36620504534104015
v 0.090540999999999996 2.6049000000000002 0.6139730453410408
v 0.496394 2.5517439999999998 0.41132704534103937
v 0.44703700000000002 4.0218870000000004 0.95626504534104129
v 0.85289000000000004 3.968731 0.75362004534103733
v 0.82267900000000005 5.4229269999999996 1.3410840453410344
v 1.228531 5.3697710000000001 1.1384390453410376
v 1.21706 6.8065100000000003 1.7680150453410377
v 1.622913 6.7533539999999999 1.5653690453410363
v 1.4188559999999999 7.4936559999999997 1.9919230453410393
v 1.8247089999999999 7.4405000000000001 1.7892770453410378
v 1.707063 8.3993219999999997 2.3031550453410361
v 2.090509 8.3491 2.1116970453410389
v 2.070424 9.287115 2.5990950453410377
v 2.2970259999999998 9.2574369999999995 2.4859510453410394
v 2.3652299999999999 9.8309759999999997 2.7594840453410399
v -0.357012 0.108321 0.0044130453410389237
v -0.29100700000000002 0.099676000000000001 -0.0702109546589611
v -0.20492299999999999 0.49096499999999998 -0.14797595465896052
v -0.37788699999999997 0.51361900000000005 0.047574045341036708
v -0.14205899999999999 0.88493100000000002 -0.20712995465896
v -0.38311099999999998 0.91650200000000004 0.065399045341038686
v -0.097316 1.280842 -0.25344095465896288
v -0.37779400000000002 1.317577 0.063662045341040141
v -0.066203999999999999 1.678045 -0.29198695465895952
v -0.36643399999999998 1.7173670000000001 0.047448045341035083
v -0.044905 2.0759759999999998 -0.32708295465896242
v -0.352854 2.1163080000000001 0.021080045341037135
v -0.030367999999999999 2.47417 -0.36217695465896327
v -0.340113 2.5147379999999999 -0.011982954658961376
v -0.022249999999999999 2.7719290000000001 -0.38957995465896289
v -0.33208300000000002 2.8125089999999999 -0.039286954658962259
v -0.020823000000000001 3.8445499999999999 -0.51257595465896344
v -0.33065699999999998 3.8851300000000002 -0.16228195465896533
v -0.047112000000000001 4.9138070000000003 -0.65969695465896194
v -0.35694599999999999 4.9543869999999997 -0.30940295465896384
v -0.101086 5.9784509999999997 -0.83076995465896175
v -0.41092000000000001 6.019031 -0.48047695465896112
v -0.18268200000000001 7.0372380000000003 -1.0255969546589654
v -0.49251600000000001 7.0778169999999996 -0.67530395465896476
v -0.29180499999999998 8.0889319999999998 -1.2439489546589613
v -0.60163900000000003 8.1295120000000001 -0.89365595465896064
v -0.42426599999999998 9.0569699999999997 -1.4572579546589637
v -0.71834299999999995 9.0954859999999993 -1.1247789546589644
v -0.627382 10.023129000000001 -1.6368739546589595
v -0.811164 10.047199000000001 -1.4290929546589624
v -0.83409100000000003 10.701238999999999 -1.7117019546589631
v 1.8577490000000001 0.00061300000000000005 -0.25631095465896436
v 1.95669 -0.00082299999999999995 -0.24186995465895933
v 2.051685 0.38002999999999998 -0.34808895465896228
v 1.807931 0.38356800000000002 -0.38366695465896328
v 2.116171 0.75931000000000004 -0.46516495465895957
v 1.790394 0.76403799999999999 -0.51271395465896319
v 2.1603530000000002 1.136763 -0.59157195465895995
v 1.794921 1.142066 -0.64490895465895903
v 2.1928299999999998 1.5121599999999999 -0.72601895465896149
v 1.812899 1.517674 -0.78147195465896147
v 2.2203560000000002 1.8852990000000001 -0.86748195465896316
v 1.837561 1.890854 -0.92335295465895939
v 2.235347 2.0944859999999998 -0.94912895465895986
v 1.8524769999999999 2.1000420000000002 -1.0050119546589613
v 2.2925879999999998 2.83609 -1.2675739546589639
v 1.9097189999999999 2.8416459999999999 -1.3234569546589654
v 2.3532470000000001 3.566398 -1.6105479546589621
v 1.970377 3.5719539999999999 -1.6664309546589635
v 2.4172530000000001 4.2845829999999996 -1.9776649546589624
v 2.0343830000000001 4.2901389999999999 -2.0335479546589639
v 2.484534 4.9898309999999997 -2.3685079546589591
v 2.101664 4.9953880000000002 -2.4243909546589606
v 2.5550139999999999 5.6813459999999996 -2.7826349546589597
v 2.172145 5.686903 -2.8385179546589612
v 2.5910389999999999 6.023523 -2.9954319546589616
v 2.20817 6.0290790000000003 -3.0513149546589631
v 2.6569630000000002 6.6931070000000004 -3.4449409546589607
v 2.292503 6.6983959999999998 -3.4981369546589605
v 2.6706500000000002 7.3478329999999996 -3.924574954658965
v 2.43506 7.3512519999999997 -3.9589609546589628
v 2.613086 7.8307120000000001 -4.3065899546589606
v 1.9476500000000001 0.059315 -0.14659395465896097
v 1.847855 0.060762999999999998 -0.15282995465896221
v 1.777614 0.45407199999999998 -0.079053954658959924
v 2.0195020000000001 0.45056099999999999 -0.063937954658960905
v 1.738961 0.84532799999999997 0.0043030453410395353
v 2.058773 0.84068699999999996 0.024289045341035376
v 1.7209190000000001 1.2345459999999999 0.096522045341039586
v 2.0764390000000001 1.2293860000000001 0.1187390453410373
v 1.7143569999999999 1.62171 0.19699804534104004
v 2.0816330000000001 1.6163799999999999 0.2199490453410391
v 1.7122980000000001 2.006777 0.30525604534103934
v 2.081331 2.0014210000000001 0.32831704534103778
v 1.71187 2.128206 0.34021504534103997
v 2.0809139999999999 2.1228500000000001 0.36327704534103589
v 1.707946 2.8021940000000001 0.55954104534103521
v 2.0769890000000002 2.7968389999999999 0.58260304534103824
v 1.7024710000000001 3.4682580000000001 0.80183904534104045
v 2.0715140000000001 3.4629029999999998 0.82490104534103637
v 1.695451 4.1256110000000001 1.0668240453410363
v 2.064495 4.1202550000000002 1.0898860453410393
v 1.686896 4.7734779999999999 1.3541830453410384
v 2.055939 4.768122 1.3772450453410414
v 1.6768149999999999 5.4110930000000002 1.6635770453410359
v 2.0458590000000001 5.4057370000000002 1.6866390453410389
v 1.6652210000000001 6.0377039999999997 1.9946410453410408
v 2.0342639999999999 6.032349 2.0177030453410367
v 1.65896 6.6524729999999996 2.3474110453410404
v 2.014335 6.647316 2.3696180453410349
v 1.6922189999999999 7.2541779999999996 2.723606045341036
v 1.951916 7.2504090000000003 2.7398340453410412
v 1.8060210000000001 7.841513 3.1253480453410347
v 1.855246 0.10066 -0.2531379546589605
v 1.954968 0.099212999999999996 -0.24582495465896415
v 2.0348980000000001 0.49748100000000001 -0.26259595465896268
v 1.7901469999999999 0.50103299999999995 -0.28054495465896423
v 2.0831689999999998 0.89614000000000005 -0.28290695465896221
v 1.7568809999999999 0.90087499999999998 -0.30683395465896268
v 2.1102300000000001 1.2950330000000001 -0.30598895465896447
v 1.7450000000000001 1.3003340000000001 -0.33277295465896373
v 2.1248629999999999 1.6940310000000001 -0.33119995465896324
v 1.7457240000000001 1.699533 -0.3590039546589594
v 2.1339229999999998 2.093029 -0.3580359546589591
v 1.7521949999999999 2.0985689999999999 -0.38602895465896125
v 2.13788 2.2938670000000001 -0.37189695465896477
v 1.7561009999999999 2.2994080000000001 -0.39989395465896393
v 2.2343890000000002 6.6725079999999997 -0.82139295465896112
v 1.852609 6.6780489999999997 -0.84938995465896028
v 2.2389549999999998 7.6664859999999999 -0.9323369546589646
v 1.892965 7.6715070000000001 -0.95770995465895936
v 2.1366969999999998 8.6611499999999992 -1.0586849546589647
v 2.0412240000000001 8.6625359999999993 -1.0656859546589601
v 2.0936140000000001 8.8617209999999993 -1.0860819546589653
v -4.0729129999999998 -0.0032680000000000001 5.7656200453410378
v -4.1647650000000001 0.0078130000000000005 5.7276690453410382
v -4.2389650000000003 0.39363100000000001 5.8313860453410342
v -4.0156830000000001 0.36669499999999999 5.9236410453410357
v -4.2867899999999999 0.77340299999999995 5.9540380453410364
v -3.9910130000000001 0.73772199999999999 6.076246045341037
v -4.3182299999999998 1.1481889999999999 6.091444045341035
v -3.9889079999999999 1.1084609999999999 6.2275100453410346
v -4.3416110000000003 1.5188520000000001 6.2401030453410371
v -4.0010289999999999 1.4777659999999999 6.3808240453410363
v -4.363327 1.8860209999999999 6.3973160453410358
v -4.0209669999999997 1.8447210000000001 6.5387700453410389
v -4.3711869999999999 2.0171030000000001 6.454593045341035
v -4.0288139999999997 1.9758009999999999 6.5960530453410371
v -4.4201170000000003 2.6606619999999999 6.7609190453410406
v -4.077744 2.6193599999999999 6.9023790453410356
v -4.4787540000000003 3.293329 7.0875580453410407
v -4.1363810000000001 3.252027 7.2290180453410358
v -4.5470259999999998 3.9143279999999998 7.4341100453410363
v -4.2046530000000004 3.8730250000000002 7.5755700453410384
v -4.6248490000000002 4.5228970000000004 7.8001490453410369
v -4.2824759999999999 4.4815950000000004 7.9416090453410391
v -4.7121279999999999 5.1182920000000003 8.1852280453410344
v -4.3697549999999996 5.0769890000000002 8.3266880453410366
v -4.8087559999999998 5.6997819999999999 8.5888740453410364
v -4.4663830000000004 5.6584789999999998 8.7303340453410385
v -4.9082749999999997 6.2658899999999997 9.0132130453410397
v -4.5785819999999999 6.2261179999999996 9.1494340453410388
v -4.978853 6.8120979999999998 9.4708260453410418
v -4.7379230000000003 6.7830329999999996 9.5703710453410409
v -4.9823069999999996 7.3331390000000001 9.9768910453410342
v -4.1460759999999999 0.065992999999999996 5.6543210453410353
v -4.0470819999999996 0.054051000000000002 5.6467360453410365
v -3.9331969999999998 0.43744499999999997 5.5739930453410409
v -4.1756760000000002 0.46669699999999997 5.5925720453410364
v -3.8512919999999999 0.82393400000000006 5.4993940453410346
v -4.1741229999999998 0.86287899999999995 5.5241300453410389
v -3.790918 1.2122109999999999 5.4221480453410393
v -4.1518750000000004 1.255755 5.4498050453410372
v -3.7433070000000002 1.60117 5.3415910453410405
v -4.117712 1.6463369999999999 5.3702770453410409
v -3.7016369999999998 1.9899439999999999 5.2572090453410354
v -4.0784640000000003 2.0354030000000001 5.2860810453410352
v -3.6825950000000001 2.1735150000000001 5.2164330453410344
v -4.059463 2.2189779999999999 5.2453080453410408
v -3.5610140000000001 3.3789500000000001 4.9053100453410394
v -3.9378820000000001 3.4244140000000001 4.9341850453410387
v -3.4438789999999999 4.5735229999999998 4.5532750453410387
v -3.8207469999999999 4.6189859999999996 4.582150045341038
v -3.3313250000000001 5.7558499999999997 4.1607360453410394
v -3.7081919999999999 5.8013139999999996 4.1896110453410387
v -3.2762169999999999 6.3436950000000003 3.9544240453410353
v -3.6530849999999999 6.3891590000000003 3.9832990453410346
v -3.209114 7.2767179999999998 3.600455045341036
v -3.550052 7.3178479999999997 3.6265770453410369
v -3.252904 8.2130069999999993 3.2295350453410379
v -3.3423379999999998 8.2237969999999994 3.2363870453410399
v -3.2822420000000001 8.3921379999999992 3.1601390453410403
v -4.0489119999999996 0.094561999999999993 5.7591050453410375
v -4.1463210000000004 0.106313 5.7397800453410355
v -4.1808649999999998 0.51276500000000003 5.7459670453410396
v -3.9271820000000002 0.48216100000000001 5.7962960453410375
v -4.1866859999999999 0.91568400000000005 5.7590490453410368
v -3.8346420000000001 0.87321499999999996 5.8288920453410356
v -4.1715679999999997 1.3160069999999999 5.7774800453410364
v -3.7635079999999999 1.26678 5.8584360453410369
v -4.1423350000000001 1.714553 5.7999060453410394
v -3.7069540000000001 1.662031 5.8862830453410382
v -4.1047549999999999 2.112015 5.8251840453410395
v -3.6592150000000001 2.0582669999999998 5.9135760453410384
v -4.063377 2.5089380000000001 5.8524100453410384
v -3.6157439999999998 2.4549379999999998 5.941217045341034
v -4.0377489999999998 2.7497199999999999 5.8694750453410407
v -3.590052 2.6957119999999999 5.958295045341039
v -3.5204089999999999 7.9786460000000003 6.4413390453410386
v -3.072711 7.9246379999999998 6.530159045341037
v -3.411899 8.9658219999999993 6.559088045341035
v -2.9884569999999999 8.9147409999999994 6.6430950453410418
v -3.2321240000000002 9.943505 6.698416045341034
v -2.978475 9.9129070000000006 6.7487380453410353
v -3.04494 10.562874000000001 6.8052510453410378
v -2.23339 -0.010789 6.0792500453410412
v -2.279137 -0.0033790000000000001 6.1678630453410364
v -2.134344 0.35482799999999998 6.294054045341035
v -2.022605 0.336729 6.0776170453410359
v -1.970661 0.70804599999999995 6.3943440453410361
v -1.8221750000000001 0.68399500000000002 6.1067280453410362
v -1.7930109999999999 1.0569980000000001 6.4781860453410403
v -1.6272500000000001 1.030149 6.1571070453410357
v -1.6055200000000001 1.40228 6.5534880453410409
v -1.4337740000000001 1.3744609999999999 6.2208190453410381
v -1.4113910000000001 1.744337 6.6263720453410357
v -1.2386189999999999 1.7163520000000001 6.2917130453410408
v -1.3270679999999999 1.8906339999999999 6.6576880453410396
v -1.154282 1.862646 6.3230030453410393
v -0.82936600000000005 2.6956039999999999 6.8473190453410382
v -0.65658099999999997 2.6676169999999999 6.5126340453410378
v -0.30848500000000001 3.4824130000000002 7.0504360453410371
v -0.13569899999999999 3.4544260000000002 6.7157510453410367
v 0.23499100000000001 4.2501759999999997 7.2668100453410389
v 0.407777 4.2221880000000001 6.9321250453410386
v 0.80044899999999997 4.9980279999999997 7.4961980453410391
v 0.97323499999999996 4.97004 7.1615130453410387
v 1.0885549999999999 5.3668170000000002 7.6140970453410404
v 1.261341 5.3388299999999997 7.27941204534104
v 1.6933689999999999 6.0820020000000001 7.8478260453410371
v 1.850986 6.0564710000000002 7.542523045341035
v 2.364036 6.7678440000000002 8.0057470453410389
v 2.4154689999999999 6.759512 7.9061220453410357
v 2.545391 6.9358839999999997 8.0218840453410394
v -2.3565339999999999 0.069939000000000001 6.1230220453410382
v -2.3127520000000001 0.062847 6.0333950453410381
v -2.2901379999999998 0.455984 5.9324820453410396
v -2.3973740000000001 0.473354 6.1520030453410399
v -2.2839 0.85121199999999997 5.8589840453410389
v -2.426666 0.87433700000000003 6.1512370453410341
v -2.2894130000000001 1.2477659999999999 5.8034360453410372
v -2.4490340000000002 1.2736209999999999 6.1301940453410353
v -2.3027950000000001 1.644997 5.7578950453410371
v -2.4683600000000001 1.6718150000000001 6.0968180453410383
v -2.3210259999999998 2.0424000000000002 5.7161810453410382
v -2.48766 2.069391 6.0572940453410382
v -2.3304049999999998 2.2298249999999999 5.6967470453410414
v -2.4970560000000002 2.2568199999999998 6.0378960453410357
v -2.5114109999999998 4.3954659999999999 5.4369650453410401
v -2.6780629999999999 4.4224600000000001 5.7781140453410416
v -2.7642769999999999 6.5495070000000002 5.142998045341038
v -2.93093 6.5765000000000002 5.4841470453410395
v -2.9027120000000002 7.5321100000000003 5.017877045341038
v -3.0534680000000001 7.5565300000000004 5.3264870453410396
v -3.1037469999999998 8.5192969999999999 4.9833350453410361
v -3.1432359999999999 8.5256939999999997 5.0641710453410411
v -3.1514540000000002 8.7069229999999997 4.9955010453410367
v -2.214289 0.087419999999999998 6.1037530453410369
v -2.2873350000000001 0.099252000000000007 6.171016045341041
v -2.2651949999999998 0.500116 6.2425620453410389
v -2.0761780000000001 0.46949999999999997 6.0685120453410377
v -2.2187860000000001 0.89680899999999997 6.2965870453410417
v -1.9576359999999999 0.85450899999999996 6.0561160453410352
v -2.15415 1.2902769999999999 6.338645045341039
v -1.8526359999999999 1.241438 6.0610050453410409
v -2.0765600000000002 1.6813400000000001 6.3735810453410409
v -1.7559180000000001 1.6294040000000001 6.0783290453410359
v -1.990442 2.070684 6.4054650453410389
v -1.663071 2.0176569999999998 6.1040150453410362
v -1.89924 2.4588329999999998 6.4374570453410342
v -1.5706640000000001 2.4056109999999999 6.1348990453410366
v -1.855917 2.6397010000000001 6.4527100453410355
v -1.5273209999999999 2.5864760000000002 6.1501340453410407
v -1.4812879999999999 4.0608690000000003 6.6095610453410387
v -1.152693 4.007644 6.3069840453410393
v -1.075669 5.4690500000000002 6.802351045341041
v -0.74707400000000002 5.4158249999999999 6.4997740453410415
v -0.63951000000000002 6.8626829999999996 7.03086704534104
v -0.310915 6.8094580000000002 6.7282900453410406
v -0.413885 7.5555729999999999 7.1540100453410389
v -0.085289000000000004 7.5023470000000003 6.8514330453410395
v -0.085412000000000002 8.4839970000000005 7.3280900453410354
v 0.22419600000000001 8.4338470000000001 7.0429970453410391
v 0.31354100000000001 9.3951189999999993 7.4658180453410381
v 0.49023600000000001 9.366498 7.3031150453410376
v 0.60154099999999999 9.9186890000000005 7.5066700453410391
v 0.532914 -0.00028499999999999999 5.0378020453410386
v 0.56257999999999997 -0.00054199999999999995 5.1333010453410353
v 0.704094 0.379747 5.1729200453410371
v 0.62765099999999996 0.380409 4.9268410453410354
v 0.84136699999999998 0.75847699999999996 5.1822480453410407
v 0.73605500000000001 0.75939000000000001 4.8432340453410347
v 0.97688200000000003 1.1355630000000001 5.1693460453410367
v 0.855603 1.1366130000000001 4.7789320453410369
v 1.1127959999999999 1.510921 5.1412340453410366
v 0.98409500000000005 1.5120359999999999 4.7269290453410377
v 1.2509049999999999 1.8844719999999999 5.1037740453410407
v 1.1196900000000001 1.8856090000000001 4.6813760453410396
v 1.3925860000000001 2.256141 5.0614780453410404
v 1.2609649999999999 2.257282 4.6377730453410351
v 1.4467380000000001 2.3963890000000001 5.045041045341037
v 1.315113 2.397529 4.6213230453410361
v 1.8418939999999999 3.3295569999999999 4.924800045341037
v 1.7102679999999999 3.3306979999999999 4.5010810453410386
v 2.266381 4.2485109999999997 4.7954080453410413
v 2.1347550000000002 4.2496520000000002 4.3716910453410378
v 2.719732 5.1522410000000001 4.657010045341039
v 2.5881059999999998 5.1533810000000004 4.2332920453410381
v 3.2014480000000001 6.0397509999999999 4.5097560453410352
v 3.0698219999999998 6.0408910000000002 4.0860380453410414
v 3.7109990000000002 6.9100650000000003 4.3538100453410351
v 3.5793740000000001 6.9112049999999998 3.9300920453410413
v 4.2325489999999997 7.7455119999999997 4.1800520453410357
v 4.1088500000000003 7.7465840000000004 3.7818510453410354
v 4.75596 8.5628600000000006 3.921730045341036
v 4.6877469999999999 8.5634510000000006 3.7021460453410384
v 5.0333230000000002 9.0078069999999997 3.7163790453410357
v 0.43971399999999999 0.060525000000000002 5.1364730453410345
v 0.46443299999999998 0.060310000000000002 5.0395770453410407
v 0.41975899999999999 0.45480900000000002 4.9511070453410397
v 0.35853600000000002 0.45533899999999999 5.1910910453410395
v 0.36037000000000002 0.848132 4.8914760453410366
v 0.27825499999999997 0.84884300000000001 5.2133520453410398
v 0.28878500000000001 1.2401279999999999 4.8509050453410367
v 0.19639799999999999 1.240928 5.2130450453410404
v 0.20714099999999999 1.630652 4.8211200453410399
v 0.110877 1.631486 5.1984580453410416
v 0.11713999999999999 2.0195599999999998 4.7955690453410398
v 0.020046999999999999 2.0204010000000001 5.1761570453410357
v 0.055714 2.2708189999999999 4.7792810453410368
v -0.041409000000000001 2.2716599999999998 5.1599860453410358
v -0.14680399999999999 2.9941749999999998 4.7260170453410382
v -0.243927 2.9950160000000001 5.1067220453410371
v -0.37307800000000002 3.7099799999999998 4.6667100453410342
v -0.47020099999999998 3.7108219999999998 5.0474150453410402
v -0.62284600000000001 4.4174040000000003 4.6014270453410404
v -0.71996899999999997 4.4182459999999999 4.9821320453410394
v -0.89581900000000003 5.1156259999999998 4.5302460453410376
v -0.99294099999999996 5.1164670000000001 4.9109500453410391
v -1.191678 5.8038360000000004 4.4532470453410369
v -1.2888010000000001 5.8046769999999999 4.8339520453410358
v -1.5100830000000001 6.481236 4.3705210453410359
v -1.607205 6.4820770000000003 4.7512260453410349
v -1.85246 7.1470539999999998 4.289213045341036
v -1.945986 7.1478640000000002 4.6558180453410358
v -2.2274090000000002 7.8005969999999998 4.2446770453410352
v -2.2957540000000001 7.8011879999999998 4.5125810453410367
v -2.6453000000000002 8.4412000000000003 4.2793220453410399
v 0.56181099999999995 0.099468000000000001 5.0645310453410417
v 0.53671899999999995 0.099685999999999997 5.161332045341041
v 0.54580099999999998 0.498832 5.2398000453410347
v 0.60830300000000004 0.49829000000000001 4.9986760453410355
v 0.56682399999999999 0.89758700000000002 5.2889220453410388
v 0.650976 0.89685800000000004 4.9642740453410354
v 0.59730899999999998 1.2959309999999999 5.3182390453410378
v 0.692299 1.2951079999999999 4.9517820453410408
v 0.63515200000000005 1.6938359999999999 5.3358600453410361
v 0.734371 1.692976 4.9530890453410379
v 0.67866700000000002 2.0912730000000002 5.3482640453410397
v 0.77886599999999995 2.0904050000000001 4.96171404534104
v 0.71357400000000004 2.386317 5.3567480453410354
v 0.81382100000000002 2.3854479999999998 4.9700140453410384
v 0.91128200000000004 3.683141 5.4050840453410416
v 1.0115289999999999 3.6822720000000002 5.0183500453410375
v 1.1521870000000001 4.9721690000000001 5.4646350453410406
v 1.252434 4.9713010000000004 5.0779010453410365
v 1.436002 6.251868 5.5353300453410412
v 1.536249 6.2509990000000002 5.1485950453410396
v 1.588576 6.8890979999999997 5.5734480453410384
v 1.688822 6.8882300000000001 5.1867130453410368
v 1.849791 7.8532989999999998 5.6219700453410368
v 1.9417690000000001 7.8525020000000003 5.2671370453410375
v 2.1602600000000001 8.809984 5.5811430453410367
v 2.1943540000000001 8.8096890000000005 5.4496170453410357
v 2.2631320000000001 9.0935749999999995 5.5369900453410352
v 1.7453350000000001 0.0089300000000000004 5.2564310453410386
v 1.8433790000000001 -0.0070860000000000003 5.2449950453410352
v 1.9686589999999999 0.35109699999999999 5.0938050453410355
v 1.7083429999999999 0.39362000000000003 5.1241690453410342
v 2.0649540000000002 0.71236200000000005 4.9417390453410377
v 1.6988620000000001 0.77216399999999996 4.9844400453410387
v 2.1393110000000002 1.0755110000000001 4.78799004534104
v 1.7098340000000001 1.145667 4.8380850453410389
v 2.1979850000000001 1.4394739999999999 4.6318480453410373
v 1.7349950000000001 1.5151049999999999 4.6858520453410364
v 2.246362 1.8033250000000001 4.4727040453410396
v 1.768945 1.8813120000000001 4.5283910453410385
v 2.288853 2.1662940000000002 4.3100630453410389
v 1.8072649999999999 2.2449629999999998 4.36623604534104
v 2.3313139999999999 2.5519500000000002 4.1320980453410385
v 1.8493010000000001 2.6306889999999998 4.1883210453410413
v 2.448029 3.6688000000000001 3.568614045341036
v 1.966016 3.747538 3.6248370453410388
v 2.5569600000000001 4.7658820000000004 2.966089045341036
v 2.074948 4.8446199999999999 3.0223120453410388
v 2.6579730000000001 5.8418219999999996 2.3252770453410392
v 2.1759599999999999 5.92056 2.3815000453410349
v 2.7509399999999999 6.8952739999999997 1.6469810453410361
v 2.2689270000000001 6.9740120000000001 1.7032040453410389
v 2.7953890000000001 7.4161299999999999 1.2986190453410345
v 2.313377 7.4948680000000003 1.3548420453410372
v 2.8502809999999998 8.2316009999999995 0.72232804534103678
v 2.3896060000000001 8.3068539999999995 0.7760620453410354
v 2.8359079999999999 9.0414739999999991 0.13097304534103671
v 2.524597 9.0923289999999994 0.16728504534103905
v 2.7265000000000001 9.7150909999999993 -0.36214395465896132
v 1.868889 0.049542000000000003 5.3378000453410408
v 1.772748 0.065246999999999999 5.3603860453410377
v 1.780292 0.46292899999999998 5.446132045341038
v 2.019819 0.42380200000000001 5.3898610453410356
v 1.8191809999999999 0.85434900000000003 5.5306410453410351
v 2.1417190000000002 0.80166199999999999 5.454868045341037
v 1.8799269999999999 1.240964 5.6161200453410345
v 2.2440410000000002 1.1814849999999999 5.5305800453410399
v 1.9544600000000001 1.623999 5.704441045341035
v 2.334816 1.5618669999999999 5.6150850453410399
v 2.0363289999999998 2.0044149999999998 5.7970960453410356
v 2.4204560000000002 1.941667 5.7068540453410392
v 2.0993379999999999 2.287134 5.8691430453410405
v 2.4836499999999999 2.2243550000000001 5.778858045341039
v 2.2992699999999999 3.148355 6.1213470453410395
v 2.6835830000000001 3.0855769999999998 6.031062045341038
v 2.504521 3.998942 6.4035840453410344
v 2.8888340000000001 3.9361630000000001 6.31329904534104
v 2.7148370000000002 4.8378420000000002 6.7155070453410417
v 3.0991490000000002 4.7750640000000004 6.6252220453410402
v 2.9299580000000001 5.664021 7.0567300453410411
v 3.31427 5.6012430000000002 6.966444045341035
v 3.1496189999999999 6.4764600000000003 7.4268320453410368
v 3.5339309999999999 6.4136810000000004 7.3365460453410378
v 3.3858470000000001 7.2721439999999999 7.8224670453410354
v 3.7455630000000002 7.2133839999999996 7.7379600453410404
v 3.6998549999999999 8.0400489999999998 8.2286970453410362
v 3.8873989999999998 8.0094119999999993 8.1846390453410365
v 3.908534 8.4115990000000007 8.4267800453410402
v 1.788098 0.10327 5.2356260453410357
v 1.8800330000000001 0.088251999999999997 5.2719900453410347
v 2.0226709999999999 0.46962500000000001 5.2790370453410347
v 1.7902169999999999 0.50759699999999996 5.1870930453410367
v 2.1373600000000001 0.85548500000000005 5.2736030453410407
v 1.821215 0.90712899999999996 5.1485560453410386
v 2.232586 1.2444440000000001 5.2590460453410373
v 1.8726080000000001 1.303247 5.1166620453410374
v 2.3156379999999999 1.6353040000000001 5.2382490453410355
v 1.937103 1.697139 5.088524045341039
v 2.3924620000000001 2.0270899999999998 5.2135640453410375
v 2.008753 2.0897700000000001 5.0617920453410363
v 2.467927 2.4218489999999999 5.1865090453410403
v 2.0837460000000001 2.4846059999999999 5.0345510453410398
v 3.4314100000000001 7.103002 4.6838960453410365
v 3.0472290000000002 7.1657590000000004 4.5319380453410361
v 3.6208719999999999 8.0779160000000001 4.5661100453410413
v 3.2643840000000002 8.1361489999999996 4.4251060453410389
v 3.730057 9.0648900000000001 4.4077510453410369
v 3.5674220000000001 9.0914560000000009 4.3434230453410407
v 3.732218 9.4691109999999998 4.3259890453410392
v 4.7771290000000004 0.001469 5.4672790453410371
v 4.733244 0.0042880000000000001 5.3774670453410351
v 4.5970680000000002 0.387521 5.3740430453410397
v 4.7055860000000003 0.38055 5.5961280453410396
v 4.4700049999999996 0.76814800000000005 5.4012980453410364
v 4.615399 0.75880899999999996 5.698849045341035
v 4.3476160000000004 1.146385 5.4500880453410403
v 4.51105 1.135886 5.7845580453410363
v 4.2261519999999999 1.5223990000000001 5.5126840453410395
v 4.396331 1.511468 5.860960045341038
v 4.1026550000000004 1.896312 5.582977045341039
v 4.2742440000000004 1.885289 5.9341360453410346
v 4.0244369999999998 2.1281119999999998 5.6284150453410362
v 4.196072 2.117086 5.9796690453410406
v 3.6813600000000002 3.0460769999999999 5.8248660453410395
v 3.8529949999999999 3.0350519999999999 6.1761200453410368
v 3.309714 3.9498190000000002 6.0348320453410409
v 3.4813480000000001 3.9387940000000001 6.3860860453410382
v 2.9099439999999999 4.8382500000000004 6.2580590453410352
v 3.0815779999999999 4.8272250000000003 6.6093130453410396
v 2.4825309999999998 5.7103010000000003 6.4942790453410382
v 2.654166 5.6992760000000002 6.845532045341038
v 2.2620089999999999 6.1420349999999999 6.6155840453410377
v 2.4336440000000001 6.131011 6.966838045341035
v 1.801641 6.9870749999999999 6.8861750453410409
v 1.958207 6.9770180000000002 7.2065920453410399
v 1.3601799999999999 7.8102510000000001 7.2615310453410373
v 1.41127 7.8069689999999996 7.3660880453410371
v 1.2605550000000001 8.0140270000000005 7.3814200453410379
v 4.8117530000000004 0.059368999999999998 5.3301200453410402
v 4.8739670000000004 0.055371999999999998 5.4083080453410375
v 5.0058340000000001 0.441274 5.4276650453410369
v 4.8418939999999999 0.45180500000000001 5.221634045341041
v 5.1216369999999998 0.82770200000000005 5.4225070453410353
v 4.8922850000000002 0.84243500000000004 5.1342690453410356
v 5.2260410000000004 1.2143379999999999 5.3987020453410395
v 4.9582519999999999 1.2315389999999999 5.0621590453410406
v 5.3231669999999998 1.6008979999999999 5.3614350453410395
v 5.0356680000000003 1.6193660000000001 5.0001220453410369
v 5.4165369999999999 1.9871369999999999 5.315142045341041
v 5.1210019999999998 2.0061209999999998 4.943729045341037
v 5.5089959999999998 2.3728539999999998 5.2634060453410356
v 5.2114000000000003 2.3919700000000002 4.8894020453410363
v 5.591075 2.7115499999999999 5.2155540453410367
v 5.293336 2.7306759999999999 4.8413710453410346
v 6.1666109999999996 4.8072369999999998 4.8647150453410362
v 5.8688710000000004 4.8263629999999997 4.4905310453410365
v 6.8036349999999999 6.8759360000000003 4.463569045341039
v 6.5058959999999999 6.8950610000000001 4.0893850453410394
v 7.1373490000000004 7.9029740000000004 4.2505260453410401
v 6.8396090000000003 7.9221000000000004 3.8763420453410404
v 7.4458359999999999 8.8301739999999995 4.0377650453410396
v 7.1623849999999996 8.8483809999999998 3.6815390453410402
v 7.723814 9.7535209999999992 3.7609620453410386
v 7.5403859999999998 9.7653029999999994 3.5304390453410406
v 7.8856080000000004 10.447271000000001 3.4791410453410379
v 4.812837 0.099381999999999998 5.4708020453410384
v 4.7361380000000004 0.104308 5.4068250453410371
v 4.6919560000000002 0.50735699999999995 5.3774040453410379
v 4.8799700000000001 0.49528 5.5342340453410372
v 4.6714500000000001 0.90881699999999999 5.3692880453410368
v 4.9218950000000001 0.89273000000000002 5.5781940453410357
v 4.6665450000000002 1.3092029999999999 5.3757390453410352
v 4.9466890000000001 1.2912079999999999 5.6094180453410374
v 4.6704610000000004 1.7089479999999999 5.3911030453410405
v 4.9611320000000001 1.6902759999999999 5.6335620453410371
v 4.6779140000000003 2.108387 5.4109710453410358
v 4.9705050000000002 2.0895920000000001 5.6550320453410379
v 4.6817929999999999 2.301857 5.4211850453410406
v 4.974418 2.2830599999999999 5.6652750453410405
v 4.6778459999999997 6.6760960000000003 5.7627690453410381
v 4.970472 6.6573000000000002 6.006859045341038
v 4.6860179999999998 7.6716930000000003 5.8578840453410379
v 4.9509259999999999 7.6546760000000003 6.0788550453410366
v 4.7725479999999996 8.6614149999999999 6.0280570453410363
v 4.8434439999999999 8.6568609999999993 6.0871930453410386
v 4.8057869999999996 8.852112 6.0751340453410378
v -3.3182610000000001 0.0013439999999999999 3.3320860453410361
v -3.2318850000000001 -0.0050140000000000002 3.3820750453410398
v -3.0584039999999999 0.35358699999999998 3.2922950453410351
v -3.2867169999999999 0.370394 3.1601610453410416
v -2.9077229999999998 0.711839 3.1837890453410367
v -3.2278190000000002 0.735402 2.9985360453410408
v -2.7734899999999998 1.06921 3.0602670453410354
v -3.1479560000000002 1.096776 2.8435480453410378
v -2.6500840000000001 1.425224 2.9250180453410408
v -3.0527880000000001 1.454869 2.6919560453410369
v -2.532686 1.7794620000000001 2.780865045341038
v -2.947168 1.8099730000000001 2.5409870453410406
v -2.417386 2.1315719999999998 2.6301090453410367
v -2.8350469999999999 2.162318 2.388391045341038
v -2.3066399999999998 2.465751 2.4815610453410386
v -2.7245620000000002 2.4965160000000002 2.2396920453410374
v -1.9678880000000001 3.418787 2.0174600453410392
v -2.3858100000000002 3.4495520000000002 1.775591045341038
v -1.6129929999999999 4.350295 1.5227260453410381
v -2.0309149999999998 4.3810609999999999 1.2808570453410368
v -1.2424299999999999 5.2590269999999997 0.99802504534103775
v -1.6603520000000001 5.2897920000000003 0.75615604534103653
v -0.85669899999999999 6.1437600000000003 0.44406004534103971
v -1.274621 6.1745260000000002 0.20219104534103849
v -0.45631500000000003 7.0033099999999999 -0.13842495465895865
v -0.87423700000000004 7.0340740000000004 -0.38029395465895988
v -0.094814999999999997 7.7551920000000001 -0.68989195465896103
v -0.49332999999999999 7.784529 -0.92052895465896256
v 0.21947900000000001 8.4893260000000001 -1.2968949546589599
v -0.043181999999999998 8.508661 -1.4489079546589636
v 0.39360000000000001 9.0553439999999998 -1.8299209546589594
v -3.291725 0.059553000000000002 3.4709890453410353
v -3.366009 0.065021999999999996 3.4042660453410392
v -3.446895 0.46429300000000001 3.410905045341039
v -3.2574860000000001 0.45034999999999997 3.5810360453410368
v -3.5086020000000002 0.86107299999999998 3.4418450453410401
v -3.2495259999999999 0.842001 3.6745500453410358
v -3.5577160000000001 1.255776 3.4911500453410369
v -3.2612450000000002 1.233951 3.7574440453410389
v -3.5999340000000002 1.6487510000000001 3.55369104534104
v -3.28694 1.62571 3.834826045341039
v -3.6399460000000001 2.0402770000000001 3.6252340453410383
v -3.3219050000000001 2.016864 3.9109030453410369
v -3.6812649999999998 2.430542 3.7026060453410352
v -3.3626149999999999 2.4070839999999998 3.9888210453410409
v -3.6881840000000001 2.4954130000000001 3.7156250453410351
v -3.3695339999999998 2.471956 4.0018410453410382
v -3.8285610000000001 3.555088 3.9587560453410404
v -3.5099100000000001 3.5316299999999998 4.2449720453410364
v -3.9951159999999999 4.6040539999999996 4.2301560453410403
v -3.676466 4.5805959999999999 4.5163720453410363
v -4.1876300000000004 5.6409149999999997 4.5294640453410366
v -3.8689800000000001 5.6174580000000001 4.8156800453410398
v -4.4058460000000004 6.6642919999999997 4.856281045341035
v -4.0871950000000004 6.6408360000000002 5.1424960453410407
v -4.5213260000000002 7.1723540000000003 5.0264860453410378
v -4.2026750000000002 7.1488969999999998 5.3127010453410364
v -4.7424189999999999 8.0856290000000008 5.3689050453410374
v -4.445004 8.0637360000000005 5.6360460453410397
v -4.9205769999999998 8.9803370000000005 5.7905310453410408
v -4.771808 8.9693860000000001 5.9241560453410358
v -4.968458 9.3916389999999996 6.0276220453410403
v -3.2850239999999999 0.099168000000000006 3.3300900453410378
v -3.222553 0.094569 3.4080400453410391
v -3.1247980000000002 0.487788 3.4566190453410357
v -3.2882859999999998 0.49982300000000002 3.2526190453410351
v -3.0438299999999998 0.88211399999999995 3.4808630453410387
v -3.271471 0.898872 3.1968150453410402
v -2.9747870000000001 1.277177 3.4868460453410393
v -3.2394440000000002 1.2966599999999999 3.1566090453410354
v -2.9133900000000001 1.672652 3.4799080453410411
v -3.1964890000000001 1.693492 3.1266590453410359
v -2.8560059999999998 2.0682589999999998 3.4645830453410369
v -3.1462379999999999 2.0896240000000001 3.1024340453410346
v -2.799741 2.4637739999999999 3.4444870453410346
v -3.0915919999999999 2.485258 3.0803180453410377
v -2.759077 2.7474020000000001 3.4287060453410376
v -3.0510009999999999 2.768891 3.064446045341036
v -2.3050579999999998 5.3875390000000003 3.2206050453410384
v -2.5969820000000001 5.4090290000000003 2.8563450453410368
v -1.7780119999999999 8.0086650000000006 2.9528590453410359
v -2.0699360000000002 8.0301539999999996 2.5885980453410369
v -1.5793349999999999 8.9817640000000001 2.8355930453410352
v -1.8562110000000001 9.0021459999999998 2.4901100453410407
v -1.4157869999999999 9.9550599999999996 2.6537850453410385
v -1.5873250000000001 9.9676880000000008 2.4397410453410373
v -1.348311 10.625785 2.4631480453410362
v 4.5082380000000004 -0.00048299999999999998 3.6301570453410363
v 4.5701070000000001 -0.0041120000000000002 3.7086370453410353
v 4.771757 0.34804400000000002 3.6675860453410394
v 4.6111899999999997 0.35746299999999998 3.4639110453410353
v 4.9594259999999997 0.69821299999999997 3.5993930453410385
v 4.7371340000000002 0.711252 3.3174210453410353
v 5.1381040000000002 1.0460050000000001 3.5104710453410348
v 4.8809909999999999 1.061086 3.1843310453410396
v 5.3121520000000002 1.391065 3.4064370453410362
v 5.0383170000000002 1.4071279999999999 3.0590840453410379
v 5.4852309999999997 1.7330840000000001 3.2920230453410397
v 5.2053589999999996 1.749501 2.9370120453410351
v 5.660196 2.0717979999999998 3.1709410453410385
v 5.3791690000000001 2.0882830000000001 2.8144660453410353
v 5.7538619999999998 2.2503869999999999 3.1053840453410402
v 5.4728089999999998 2.2668729999999999 2.748876045341035
v 6.1584279999999998 2.966431 2.819556045341038
v 5.8773739999999997 2.9829159999999999 2.4630480453410399
v 6.5824949999999998 3.6643029999999999 2.5175130453410404
v 6.3014419999999998 3.6807880000000002 2.1610050453410352
v 7.0255200000000002 4.3431069999999998 2.1996430453410412
v 6.7444670000000002 4.3595930000000003 1.843135045341036
v 7.486936 5.0019729999999996 1.8663540453410405
v 7.205883 5.0184579999999999 1.5098460453410354
v 7.9661460000000002 5.640053 1.518074045341038
v 7.6850930000000002 5.6565380000000003 1.1615660453410399
v 8.4625400000000006 6.2565280000000003 1.1552500453410346
v 8.1814859999999996 6.2730139999999999 0.79874104534103907
v 8.9702710000000003 6.8509130000000003 0.77174504534103505
v 8.6996269999999996 6.8667879999999997 0.42844104534103877
v 9.4626599999999996 7.4239699999999997 0.33503504534103712
v 9.2648820000000001 7.4355710000000004 0.084159045341039018
v 9.9077990000000007 7.9767979999999996 -0.19399095465896465
v 4.4771450000000002 0.061443999999999999 3.7659770453410388
v 4.438034 0.063738000000000003 3.6739720453410385
v 4.3697730000000004 0.46262599999999998 3.6322310453410367
v 4.4669679999999996 0.45692500000000003 3.8608700453410378
v 4.3112750000000002 0.86045799999999995 3.6205260453410375
v 4.441929 0.85279499999999997 3.9278770453410345
v 4.2586459999999997 1.257444 3.629696045341035
v 4.4059270000000001 1.2488049999999999 3.9761580453410375
v 4.2085840000000001 1.6537580000000001 3.651966045341041
v 4.362266 1.644744 4.0134840453410376
v 4.1584620000000001 2.0495359999999998 3.6811470453410351
v 4.3135789999999998 2.0404369999999998 4.0460420453410393
v 4.1224210000000001 2.3277079999999999 3.7033180453410353
v 4.2775999999999996 2.3186049999999998 4.0683590453410403
v 3.8360910000000001 4.1225009999999997 3.8697900453410412
v 3.9912700000000001 4.1133990000000002 4.2348310453410392
v 3.4972949999999998 5.9059439999999999 4.0582820453410378
v 3.6524749999999999 5.8968420000000004 4.4233230453410357
v 3.3148439999999999 6.7944899999999997 4.1579980453410386
v 3.4700229999999999 6.7853880000000002 4.5230390453410365
v 3.1058240000000001 7.7637080000000003 4.2891780453410391
v 3.247935 7.7553720000000004 4.6234770453410405
v 2.9204599999999998 8.7262339999999998 4.5190910453410353
v 2.9710869999999998 8.7232649999999996 4.6381850453410394
v 2.8795190000000002 8.9959710000000008 4.6135660453410381
v 4.5150810000000003 0.099287 3.6302810453410359
v 4.5758400000000004 0.095723000000000003 3.7096260453410395
v 4.6637750000000002 0.49037399999999998 3.750444045341041
v 4.5158290000000001 0.499052 3.55723704534104
v 4.7366070000000002 0.88550499999999999 3.7624690453410352
v 4.5404049999999998 0.89701299999999995 3.5062450453410392
v 4.8008889999999997 1.280653 3.7542830453410403
v 4.5822330000000004 1.2934779999999999 3.4687340453410371
v 4.8620979999999996 1.675421 3.7330510453410355
v 4.6358180000000004 1.6886939999999999 3.4375460453410369
v 4.9244450000000004 2.0694859999999999 3.7042950453410413
v 4.6969260000000004 2.0828310000000001 3.4071710453410375
v 4.9487430000000003 2.2203870000000001 3.6924790453410381
v 4.7212110000000003 2.2337340000000001 3.3953400453410367
v 5.1250349999999996 3.1564290000000002 3.5995280453410388
v 4.8975030000000004 3.169775 3.3023890453410374
v 5.3257750000000001 4.0854359999999996 3.4875410453410396
v 5.0982430000000001 4.0987830000000001 3.1904020453410382
v 5.5507410000000004 5.006386 3.3566410453410356
v 5.3232090000000003 5.0197320000000003 3.0595010453410367
v 5.7996850000000002 5.9182620000000004 3.2069720453410397
v 5.5721530000000001 5.9316089999999999 2.9098320453410409
v 5.9301009999999996 6.3717430000000004 3.1274760453410408
v 5.7025690000000004 6.3850899999999999 2.8303360453410349
v 6.2045029999999999 7.2687150000000003 2.9369260453410391
v 5.9969460000000003 7.2808890000000002 2.6658730453410371
v 6.442221 8.1576369999999994 2.6498000453410384
v 6.3744930000000002 8.1616090000000003 2.5613510453410413
v 6.4867049999999997 8.3800679999999996 2.5554830453410347
v -4.7699379999999998 0.0040249999999999999 1.590767045341039
v -4.6903980000000001 -0.000553 1.5303310453410361
v -4.6786079999999997 0.38209300000000002 1.3919860453410351
v -4.8782110000000003 0.39357900000000001 1.5436480453410368
v -4.6934610000000001 0.76534999999999997 1.2700970453410392
v -4.9635490000000004 0.78089200000000003 1.4753150453410413
v -4.7273630000000004 1.148757 1.158902045341037
v -5.0335419999999997 1.1663760000000001 1.3915420453410405
v -4.7738189999999996 1.531917 1.0534740453410407
v -5.0946769999999999 1.550381 1.2972670453410373
v -4.8275889999999997 1.914506 0.94983904534103658
v -5.1521889999999999 1.9331860000000001 1.1964770453410409
v -4.8773229999999996 2.24715 0.85892604534103612
v -5.202178 2.265844 1.1057570453410364
v -5.186598 4.0194380000000001 0.31766204534103792
v -5.5114539999999996 4.0381320000000001 0.56449304534103817
v -5.5358640000000001 5.7678849999999997 -0.27442795465896097
v -5.8607199999999997 5.7865789999999997 -0.027595954658963251
v -5.7204079999999999 6.6357059999999999 -0.58303195465896351
v -6.0452640000000004 6.6543999999999999 -0.33619995465896579
v -5.9405650000000003 7.5526689999999999 -0.9161379546589643
v -6.2403380000000004 7.5699189999999996 -0.68836495465896519
v -6.2470489999999996 8.4660139999999995 -1.2060519546589603
v -6.3712460000000002 8.47316 -1.1116839546589645
v -6.3866820000000004 8.7850540000000006 -1.2848029546589643
v -4.6300129999999999 0.056071999999999997 1.6240010453410392
v -4.7201300000000002 0.061258 1.6670350453410379
v -4.741625 0.45767999999999998 1.7611370453410373
v -4.5065549999999996 0.44415300000000002 1.6488820453410398
v -4.7359289999999996 0.85235099999999997 1.8434810453410364
v -4.4093540000000004 0.83355800000000002 1.6875280453410397
v -4.7101829999999998 1.2456769999999999 1.9174750453410354
v -4.33127 1.2238720000000001 1.7365290453410367
v -4.6706560000000001 1.6380159999999999 1.9861130453410354
v -4.2660359999999997 1.6147320000000001 1.7928910453410367
v -4.6226529999999997 2.0296699999999999 2.0519270453410385
v -4.2083459999999997 2.0058289999999999 1.8540800453410355
v -4.5703719999999999 2.4208780000000001 2.1169220453410347
v -4.1540039999999996 2.3969179999999999 1.9180900453410388
v -4.5359470000000002 2.6722229999999998 2.1588170453410385
v -4.1195060000000003 2.6482589999999999 1.9599500453410386
v -3.742213 7.8226190000000004 3.2003090453410366
v -3.3257729999999999 7.7986560000000003 3.0014420453410366
v -3.5788920000000002 8.7894260000000006 3.3971920453410362
v -3.18465 8.7667389999999994 3.2089260453410375
v -3.3461219999999998 9.7506310000000003 3.5684650453410356
v -3.1072660000000001 9.7368869999999994 3.4544020453410411
v -3.1235580000000001 10.377549999999999 3.6510330453410376
v -4.75976 0.103604 1.5740260453410357
v -4.6679399999999998 0.098321000000000006 1.5347710453410386
v -4.579968 0.49333199999999999 1.4834140453410356
v -4.8188219999999999 0.507077 1.5855280453410359
v -4.5196290000000001 0.88989300000000005 1.4430740453410351
v -4.8508290000000001 0.90895199999999998 1.58466804534104
v -4.4795400000000001 1.287577 1.4105940453410355
v -4.8631650000000004 1.309653 1.5746010453410406
v -4.4532319999999999 1.6860109999999999 1.3832090453410402
v -4.862298 1.709551 1.5580920453410414
v -4.4352510000000001 2.0848800000000001 1.3585870453410394
v -4.8536830000000002 2.108959 1.5374740453410354
v -4.4212999999999996 2.4839349999999998 1.3348920453410358
v -4.8416160000000001 2.5081220000000002 1.5145840453410386
v -4.4138140000000003 2.7158259999999999 1.3211190453410353
v -4.8341810000000001 2.7400159999999998 1.5008340453410369
v -4.2949869999999999 7.9618779999999996 0.8929320453410412
v -4.7153549999999997 7.9860680000000004 1.0726470453410357
v -4.2857519999999996 8.9586609999999993 0.81233104534103973
v -4.6830749999999997 8.9815249999999995 0.98219404534103916
v -4.3474620000000002 9.9590890000000005 0.75709204534103947
v -4.583475 9.9726710000000001 0.85799204534103524
v -4.4542120000000001 10.595494 0.74912304534103669
v 3.2565620000000002 0.0031819999999999999 1.2560900453410397
v 3.2444440000000001 0.0040699999999999998 1.1568310453410362
v 3.087043 0.37554999999999999 1.10477904534104
v 3.1171060000000002 0.37334699999999998 1.3510190453410402
v 2.925605 0.743452 1.0849520453410406
v 2.9659719999999998 0.74049399999999999 1.4155830453410374
v 2.7589869999999999 1.107696 1.087387045341039
v 2.804446 1.104366 1.4597240453410407
v 2.5862349999999998 1.468191 1.1036350453410364
v 2.6336349999999999 1.4647190000000001 1.4918690453410406
v 2.4066100000000001 1.824832 1.1269900453410386
v 2.4544350000000001 1.8213280000000001 1.518704045341039
v 2.28207 2.0637270000000001 1.144262045341037
v 2.3299110000000001 2.060222 1.5361130453410397
v 1.963271 2.6268129999999998 1.188221045341038
v 2.0111129999999999 2.6233089999999999 1.5800720453410406
v 1.6252340000000001 3.1783809999999999 1.2344260453410385
v 1.673076 3.1748769999999999 1.6262770453410411
v 1.2683679999999999 3.7177660000000001 1.2828210453410378
v 1.3162100000000001 3.714261 1.6746710453410358
v 0.89310400000000001 4.2443150000000003 1.3333470453410357
v 0.94094599999999995 4.2408109999999999 1.7251980453410383
v 0.49989299999999998 4.7573939999999997 1.3859440453410414
v 0.54773499999999997 4.7538900000000002 1.7777940453410395
v 0.089212 5.2563829999999996 1.4405470453410345
v 0.13705300000000001 5.2528790000000001 1.8323980453410371
v -0.338445 5.7406800000000002 1.4970920453410415
v -0.290603 5.7371749999999997 1.888943045341037
v -0.782003 6.2096590000000003 1.5600800453410386
v -0.73527699999999996 6.2062359999999996 1.9427910453410391
v -1.2381359999999999 6.6625490000000003 1.652288045341038
v -1.1992210000000001 6.6596979999999997 1.9710240453410393
v -1.702942 7.0985579999999997 1.8010620453410411
v -1.6852279999999999 7.0972600000000003 1.9461490453410377
v -1.9355230000000001 7.312106 1.9049990453410359
v 3.347337 0.056693 1.1443040453410376
v 3.3603149999999999 0.055742 1.2434540453410392
v 3.458637 0.44505299999999998 1.3117530453410353
v 3.4257309999999999 0.447463 1.0603540453410361
v 3.5566650000000002 0.833789 1.3490150453410408
v 3.5118269999999998 0.83707299999999996 1.0064550453410348
v 3.655573 1.221827 1.3642740453410411
v 3.6044339999999999 1.225573 0.97357404534103864
v 3.75637 1.6090580000000001 1.3653110453410378
v 3.7025239999999999 1.613002 0.95393304534103862
v 3.85988 1.995384 1.3584930453410351
v 3.805256 1.9993860000000001 0.9411650453410374
v 3.9732590000000001 2.403473 1.3478700453410397
v 3.9185560000000002 2.4074800000000001 0.92994404534103836
v 4.3874459999999997 3.724396 1.3063220453410409
v 4.3327439999999999 3.7284030000000001 0.88839704534103703
v 4.8448700000000002 5.0307779999999998 1.2589760453410364
v 4.7901680000000004 5.0347850000000003 0.84105104534103958
v 5.3450249999999997 6.3211810000000002 1.2058840453410369
v 5.2903229999999999 6.3251879999999998 0.78795804534103553
v 5.6056840000000001 6.9621199999999996 1.1779120453410385
v 5.5509820000000003 6.9661270000000002 0.7599860453410372
v 6.0020579999999999 7.8784929999999997 1.1198870453410379
v 5.9511969999999996 7.8822190000000001 0.731316045341039
v 6.4085559999999999 8.7858470000000004 0.97087104534103474
v 6.3845919999999996 8.7876019999999997 0.78778004534103729
v 6.5783529999999999 9.1688960000000002 0.85919704534104113
v 3.2403080000000002 0.104641 1.2224570453410379
v 3.2852929999999998 0.101345 1.1332070453410381
v 3.3299919999999998 0.49837999999999999 1.0477360453410398
v 3.2100550000000001 0.50716600000000001 1.2856870453410352
v 3.3584990000000001 0.89635399999999998 0.98611204534103791
v 3.1893410000000002 0.90874500000000002 1.321717045341039
v 3.3739720000000002 1.294999 0.94206704534104091
v 3.1750039999999999 1.3095749999999999 1.3368150453410408
v 3.3792230000000001 1.6940770000000001 0.91002704534103884
v 3.164234 1.7098260000000001 1.3365590453410405
v 3.3766829999999999 2.0933739999999998 0.88516804534103954
v 3.154601 2.109642 1.3257750453410395
v 3.3683580000000002 2.4927069999999998 0.86351604534103643
v 3.1440990000000002 2.5091359999999998 1.3084420453410388
v 3.3557510000000002 2.891934 0.84209004534103826
v 3.1312259999999998 2.908382 1.2875430453410388
v 3.353424 2.9616790000000002 0.83834104534103915
v 3.128898 2.9781270000000002 1.2837950453410372
v 3.2628759999999999 4.3903780000000001 0.73994904534103512
v 3.038351 4.4068259999999997 1.1854030453410402
v 3.1296689999999998 5.8140999999999998 0.62023904534103735
v 2.9051439999999999 5.8305480000000003 1.0656920453410379
v 2.9539520000000001 7.2312560000000001 0.47934404534103692
v 2.7294260000000001 7.2477039999999997 0.92479704534103746
v 2.735919 8.6402640000000002 0.31742104534103532
v 2.5113940000000001 8.6567120000000006 0.76287504534104045
v 2.558773 9.6179319999999997 0.20386304534103772
v 2.3437459999999999 9.6336840000000006 0.63047104534103937
v 2.3327710000000002 10.592551 0.13677004534103787
v 2.184237 10.603433000000001 0.43145904534103607
v 2.0754969999999999 11.439420999999999 0.16080304534104073
v -3.8963519999999998 -3.8000000000000002E-05 0.42976804534103508
v -3.8293870000000001 -0.00073399999999999995 0.5040330453410391
v -3.675389 0.37348700000000001 0.46589004534104106
v -3.8390409999999999 0.37518800000000002 0.28439904534103988
v -3.5382799999999999 0.74560400000000004 0.39993804534103816
v -3.7558310000000001 0.74786600000000003 0.15867304534103965
v -3.4109539999999998 1.1154440000000001 0.31411604534103788
v -3.6538889999999999 1.117971 0.044700045341038219
v -3.2874639999999999 1.4828479999999999 0.21508104534103722
v -3.5392229999999998 1.485466 -0.064120954658960727
v -3.1632090000000002 1.8476699999999999 0.10799704534103682
v -3.4164970000000001 1.8503039999999999 -0.17289995465895913
v -3.1083129999999999 2.0068190000000001 0.06001004534103771
v -3.361621 2.0094530000000002 -0.22090995465896412
v -2.8149769999999998 2.7844669999999998 -0.19720095465896037
v -3.0682860000000001 2.7871009999999998 -0.47812195465895968
v -2.5014509999999999 3.5478230000000002 -0.472750954658963
v -2.7547609999999998 3.5504570000000002 -0.75367195465896231
v -2.1681300000000001 4.2959319999999996 -0.76629595465896472
v -2.4214380000000002 4.2985670000000002 -1.0472159546589594
v -1.815428 5.027857 -1.0774659546589618
v -2.068737 5.0304909999999996 -1.3583869546589611
v -1.443789 5.74268 -1.4058739546589649
v -1.697098 5.7453149999999997 -1.6867939546589596
v -1.0617840000000001 6.4395910000000001 -1.760095954658965
v -1.298881 6.4420570000000001 -2.0230369546589628
v -0.71043100000000003 7.1181390000000002 -2.1846469546589589
v -0.83404599999999995 7.1194240000000004 -2.321735954658962
v -0.56379100000000004 7.4528819999999998 -2.4380169546589627
v -3.9359160000000002 0.060377 0.56092204534103729
v -3.9599090000000001 0.060625999999999999 0.46384304534103649
v -4.0334250000000003 0.45693 0.39862504534103493
v -3.97011 0.45627099999999998 0.65479704534104144
v -4.1043500000000002 0.85249699999999995 0.36275704534104136
v -4.0156850000000004 0.85157499999999997 0.72149304534103464
v -4.1744640000000004 1.247295 0.34900804534103713
v -4.0708479999999998 1.246218 0.76823404534103901
v -4.2453390000000004 1.641289 0.3509850453410408
v -4.1340120000000002 1.640131 0.80141204534103849
v -4.3183179999999997 2.0344410000000002 0.36321304534104115
v -4.2038140000000004 2.0332499999999998 0.82649504534104068
v -4.3944879999999999 2.4267110000000001 0.38125604534103985
v -4.2791490000000003 2.4255110000000002 0.84791404534103521
v -4.4673800000000004 2.7844129999999998 0.40005704534103614
v -4.3519779999999999 2.7832129999999999 0.86696804534103933
v -4.7532699999999997 3.977554 0.47378404534104135
v -4.6378680000000001 3.9763540000000002 0.94069504534103743
v -5.0796999999999999 5.1595820000000003 0.55750304534103634
v -4.9642980000000003 5.1583810000000003 1.0244140453410395
v -5.4462679999999999 6.3290350000000002 0.65110904534103753
v -5.3308669999999996 6.3278350000000003 1.1180210453410382
v -5.8525200000000002 7.4844689999999998 0.75448804534103431
v -5.7371189999999999 7.4832689999999999 1.221400045341035
v -6.0654750000000002 8.0584129999999998 0.80859704534103827
v -5.9500729999999997 8.0572119999999998 1.2755090453410389
v -6.4350509999999996 8.9816819999999993 0.91402604534103915
v -6.3251059999999999 8.9805379999999992 1.3588630453410389
v -6.8137480000000004 9.8934189999999997 1.0919500453410365
v -6.741994 9.8926730000000003 1.3822630453410412
v -7.0971650000000004 10.584123999999999 1.3177990453410402
v -3.8915760000000001 0.099918000000000007 0.43006104534103429
v -3.82864 0.099263000000000004 0.50776904534103551
v -3.7576700000000001 0.49765500000000001 0.54785004534103621
v -3.9127510000000001 0.49926700000000002 0.35637004534103767
v -3.7021950000000001 0.89578000000000002 0.55965204534103918
v -3.9094869999999999 0.89793599999999996 0.30370604534103762
v -3.6557309999999998 1.2934890000000001 0.55119304534103719
v -3.8882810000000001 1.2959069999999999 0.26406204534103495
v -3.612816 1.6906410000000001 0.52923204534103974
v -3.8546100000000001 1.6931560000000001 0.23068604534103798
v -3.569156 2.0871089999999999 0.49908404534103568
v -3.8127819999999999 2.0896430000000001 0.19827604534103926
v -3.543533 2.3111220000000001 0.48026804534103462
v -3.787207 2.3136559999999999 0.17940004534104048
v -3.4044880000000002 3.2851710000000001 0.37585804534104028
v -3.648161 3.2877049999999999 0.074991045341036511
v -3.238524 4.2523939999999998 0.24959004534103713
v -3.4821979999999999 4.2549279999999996 -0.051276954658959539
v -3.0458530000000001 5.2115549999999997 0.10162404534104041
v -3.2895270000000001 5.2140890000000004 -0.19924295465896336
v -2.826721 6.1614319999999996 -0.067850954658965179
v -3.0703960000000001 6.1639660000000003 -0.36871795465896184
v -2.7105920000000001 6.6338220000000003 -0.15792595465896397
v -2.9542660000000001 6.6363560000000001 -0.45879295465896064
v -2.4629989999999999 7.567615 -0.37245795465896236
v -2.6852809999999998 7.5699269999999999 -0.64691195465896101
v -2.2538849999999999 8.4897869999999998 -0.68714895465896575
v -2.326419 8.4905410000000003 -0.77670695465896245
v -2.217562 8.7196979999999993 -0.78878495465896492
v 4.1605059999999998 0.0062750000000000002 -0.85793195465895877
v 4.2575940000000001 -0.0091509999999999994 -0.83960495465895946
v 4.4137440000000003 0.35332400000000003 -0.94053795465896428
v 4.1667699999999996 0.39256400000000002 -0.98715895465895898
v 4.5410899999999996 0.71796199999999999 -1.0544899546589619
v 4.2038149999999996 0.77154999999999996 -1.1181559546589597
v 4.6483100000000004 1.083234 -1.1797669546589589
v 4.2628940000000002 1.1444719999999999 -1.2525209546589622
v 4.7428949999999999 1.447803 -1.3148989546589647
v 4.3364549999999999 1.5123800000000001 -1.3916209546589613
v 4.830991 1.810543 -1.458666954658959
v 4.4182860000000002 1.8761159999999999 -1.5365719546589602
v 4.9171620000000003 2.1705830000000002 -1.6101459546589609
v 4.5037560000000001 2.2362669999999998 -1.6881829546589628
v 4.9275539999999998 2.214086 -1.6285779546589652
v 4.5141470000000004 2.2797700000000001 -1.7066159546589645
v 5.0802870000000002 2.8329049999999998 -1.9168249546589635
v 4.6668799999999999 2.8985889999999999 -1.9948619546589583
v 5.2353069999999997 3.4407380000000001 -2.2264339546589582
v 4.8218990000000002 3.5064229999999998 -2.3044709546589601
v 5.3924289999999999 4.0368630000000003 -2.5570359546589643
v 4.9790219999999996 4.1025479999999996 -2.6350739546589637
v 5.5514669999999997 4.6205699999999998 -2.9082399546589599
v 5.1380600000000003 4.6862550000000001 -2.9862769546589618
v 5.7122310000000001 5.1911639999999997 -3.279625954658961
v 5.2988249999999999 5.2568479999999997 -3.3576629546589629
v 5.8745310000000002 5.747967 -3.6707529546589655
v 5.4611239999999999 5.8136510000000001 -3.7487899546589603
v 6.0381729999999996 6.2903149999999997 -4.0811539546589586
v 5.624765 6.3559999999999999 -4.1591919546589651
v 6.1981400000000004 6.8183309999999997 -4.5112539546589616
v 5.7943759999999997 6.8824829999999997 -4.5874709546589614
v 6.3301319999999999 7.3352149999999998 -4.9650889546589596
v 5.9938630000000002 7.3886440000000002 -5.0285659546589585
v 6.4050260000000003 7.844957 -5.4475899546589659
v 6.251957 7.8692770000000003 -5.4764849546589645
v 6.4118909999999998 8.1005149999999997 -5.698974954658965
v 4.2581239999999996 0.051517 -0.74894495465895972
v 4.1593730000000004 0.067208000000000004 -0.75029395465896442
v 4.1404940000000003 0.46937200000000001 -0.68363695465896512
v 4.398917 0.428313 -0.68010495465896526
v 4.1505390000000002 0.86598699999999995 -0.61130995465896376
v 4.5103489999999997 0.80881800000000004 -0.60639195465896023
v 4.1818020000000002 1.2582040000000001 -0.53342895465895879
v 4.6001050000000001 1.1917409999999999 -0.5277119546589617
v 4.2275049999999998 1.64703 -0.45010295465895922
v 4.6749409999999996 1.575939 -0.44398795465896512
v 4.2818930000000002 2.0333079999999999 -0.36142395465896016
v 4.7405920000000004 1.9604269999999999 -0.35515495465896407
v 4.3403739999999997 2.4176959999999998 -0.26747095465896109
v 4.8016249999999996 2.3444099999999999 -0.261166954658961
v 4.3829599999999997 2.6921170000000001 -0.19752895465896358
v 4.8443269999999998 2.6188129999999998 -0.19122295465896144
v 4.5408860000000004 3.711859 0.10221704534103537
v 5.0022529999999996 3.6385540000000001 0.10852304534103752
v 4.696523 4.72037 0.43888004534103686
v 5.1578889999999999 4.6470659999999997 0.44518604534103901
v 4.8496699999999997 5.7163469999999998 0.81202404534104033
v 5.3110359999999996 5.6430429999999996 0.81833004534103537
v 5.0001280000000001 6.6985010000000003 1.2211670453410406
v 5.4614940000000001 6.6251959999999999 1.2274720453410382
v 5.1477029999999999 7.6655600000000002 1.6657780453410354
v 5.60907 7.5922559999999999 1.6720840453410375
v 5.2942830000000001 8.5495149999999995 2.1099430453410406
v 5.7318509999999998 8.4799919999999993 2.1159240453410391
v 5.509449 9.4070149999999995 2.5848240453410369
v 5.7804289999999998 9.3639589999999995 2.588528045341036
v 5.7340720000000003 9.9756330000000002 2.9256450453410352
v 4.1645799999999999 0.106882 -0.84779795465896512
v 4.2632779999999997 0.091200000000000003 -0.85136795465896142
v 4.4051669999999996 0.47284599999999999 -0.87981195465896178
v 4.146166 0.51399700000000004 -0.87044395465895974
v 4.5178440000000002 0.85880599999999996 -0.91182695465896302
v 4.1565370000000001 0.91621200000000003 -0.89875895465895894
v 4.6088760000000004 1.247824 -0.94768395465896305
v 4.1881069999999996 1.314678 -0.93246495465896118
v 4.6849309999999997 1.6387860000000001 -0.98761895465896288
v 4.2341959999999998 1.7104010000000001 -0.97131595465896226
v 4.7516860000000003 2.0307360000000001 -1.031831954658962
v 4.2891079999999997 2.1042329999999998 -1.0150999546589645
v 4.8136850000000004 2.422898 -1.0804829546589616
v 4.3482820000000002 2.4968439999999998 -1.0636489546589587
v 4.8609030000000004 2.7288600000000001 -1.1212239546589586
v 4.3953470000000001 2.8028300000000002 -1.1043849546589612
v 5.0404470000000003 3.9041540000000001 -1.3200929546589606
v 4.574891 3.9781240000000002 -1.3032539546589632
v 5.2173280000000002 5.0721030000000003 -1.5603189546589604
v 4.7517719999999999 5.1460730000000003 -1.5434789546589656
v 5.3913310000000001 6.2312830000000003 -1.8416089546589589
v 4.9257749999999998 6.3052539999999997 -1.824768954658964
v 5.5622429999999996 7.3802820000000002 -2.1636199546589623
v 5.0966870000000002 7.4542520000000003 -2.1467799546589603
v 5.6468870000000004 7.9519729999999997 -2.3347329546589606
v 5.1813310000000001 8.0259440000000009 -2.3178939546589632
v 5.7733270000000001 8.8939719999999998 -2.6458439546589645
v 5.331105 8.9642350000000004 -2.6298479546589633
v 5.8273219999999997 9.8379370000000002 -2.9817929546589639
v 5.5484349999999996 9.8822480000000006 -2.9717049546589607
v 5.7832150000000002 10.518209000000001 -3.2318969546589642
v -4.7373349999999999 -0.000166 -1.9668579546589626
v -4.832757 8.7000000000000001E-05 -1.9369489546589591
v -4.865875 0.38028499999999998 -1.7957149546589619
v -4.6276989999999998 0.37965599999999999 -1.8703649546589602
v -4.86782 0.75898299999999996 -1.6597989546589602
v -4.5467029999999999 0.75813399999999997 -1.7604449546589649
v -4.8479210000000004 1.1361559999999999 -1.5262939546589607
v -4.4850250000000003 1.1351979999999999 -1.6400359546589627
v -4.8141220000000002 1.5117799999999999 -1.3927299546589609
v -4.4347339999999997 1.510777 -1.5116399546589605
v -4.7727880000000003 1.8858220000000001 -1.2571279546589622
v -4.3894739999999999 1.884809 -1.3772689546589589
v -4.7384709999999997 2.1757200000000001 -1.1497089546589621
v -4.354946 2.174706 -1.2699159546589627
v -4.5788599999999997 3.3879480000000002 -0.65068595465896095
v -4.195335 3.3869349999999998 -0.77089295465896157
v -4.4060040000000003 4.5799810000000001 -0.10922995465896435
v -4.0224799999999998 4.5789679999999997 -0.22943695465896496
v -4.2201389999999996 5.7501889999999998 0.47391904534103446
v -3.8366129999999998 5.7491770000000004 0.35371204534104095
v -4.1239999999999997 6.3295370000000002 0.77576804534103871
v -3.740475 6.3285239999999998 0.6555610453410381
v -3.9556100000000001 7.1931190000000003 1.251306045341039
v -3.6031569999999999 7.1921879999999998 1.140837045341037
v -3.6868699999999999 8.0420040000000004 1.7205190453410353
v -3.5519159999999999 8.0416469999999993 1.67822104534104
v -3.5689440000000001 8.3045259999999992 1.8581150453410373
v -4.8695019999999998 0.060184000000000001 -2.0117549546589615
v -4.7877020000000003 0.059968 -2.0692759546589627
v -4.7540969999999998 0.45527000000000001 -2.166201954658959
v -4.9706840000000003 0.45584200000000002 -2.0138979546589653
v -4.7468919999999999 0.84988900000000001 -2.2503409546589594
v -5.0509050000000002 0.850692 -2.0365599546589621
v -4.7601069999999996 1.2437530000000001 -2.3258899546589618
v -5.1161380000000003 1.244694 -2.0755289546589637
v -4.7884390000000003 1.6367910000000001 -2.3965619546589636
v -5.1716709999999999 1.637804 -2.127073954658961
v -4.8273330000000003 2.0289359999999999 -2.465549954658961
v -5.2220510000000004 2.029979 -2.1879849546589654
v -4.873075 2.4201199999999998 -2.5354509546589625
v -5.2709760000000001 2.4211719999999999 -2.2556469546589639
v -4.9228230000000002 2.8092980000000001 -2.6079609546589637
v -5.3210090000000001 2.8103500000000001 -2.3279569546589585
v -5.0837870000000001 3.8924910000000001 -2.8409329546589603
v -5.481973 3.8935430000000002 -2.5609289546589622
v -5.2655380000000003 4.965598 -3.1034279546589616
v -5.6637230000000001 4.9666499999999996 -2.8234239546589635
v -5.4678709999999997 6.0274140000000003 -3.3951499546589616
v -5.8660569999999996 6.0284659999999999 -3.1151459546589635
v -5.6905599999999996 7.0767490000000004 -3.7157719546589618
v -6.0887469999999997 7.077801 -3.4357679546589637
v -5.9333549999999997 8.1124270000000003 -4.0649359546589636
v -6.3315419999999998 8.1134789999999999 -3.7849319546589584
v -6.1751300000000002 9.0257249999999996 -4.392891954658964
v -6.5551570000000003 9.0267289999999996 -4.1256569546589645
v -6.4870080000000003 9.926577 -4.7047159546589654
v -6.7399250000000004 9.9272449999999992 -4.5268649546589614
v -6.8217220000000003 10.638048 -4.9146169546589604
v -4.730181 0.099816000000000002 -1.9868849546589615
v -4.8124659999999997 0.100033 -1.9300599546589652
v -4.8610420000000003 0.49949399999999999 -1.8676799546589606
v -4.6532119999999999 0.49894500000000003 -2.0112049546589645
v -4.8829099999999999 0.89875099999999997 -1.8210809546589601
v -4.60046 0.89800500000000005 -2.0161369546589611
v -4.8857020000000002 1.2978130000000001 -1.7849929546589607
v -4.5642950000000004 1.296964 -2.0069519546589589
v -4.8759709999999998 1.6966840000000001 -1.7548919546589588
v -4.5381650000000002 1.695792 -1.9881759546589635
v -4.8590559999999998 2.0953680000000001 -1.7270919546589596
v -4.5167320000000002 2.0944630000000002 -1.9634959546589599
v -4.8391130000000002 2.488769 -1.6992959546589645
v -4.4963939999999996 2.4878640000000001 -1.9359729546589648
v -4.6724940000000004 4.8665440000000002 -1.4671199546589619
v -4.3297739999999996 4.8656379999999997 -1.7037979546589597
v -4.4615819999999999 7.2336450000000001 -1.170765954658961
v -4.1188630000000002 7.2327399999999997 -1.4074429546589613
v -4.3533429999999997 8.2198329999999995 -1.0444839546589648
v -4.0355749999999997 8.2189940000000004 -1.2639309546589601
v -4.1625750000000004 9.2034610000000008 -0.95876795465895981
v -4.0194619999999999 9.2030829999999995 -1.0575999546589614
v -4.0489759999999997 9.5913950000000003 -0.9487899546589631
v -2.5639919999999998 0.0050220000000000004 -1.3699539546589605
v -2.5295700000000001 0.00232 -1.4638039546589638
v -2.6148669999999998 0.38034800000000002 -1.5910879546589598
v -2.704285 0.38736399999999999 -1.3472959546589607
v -2.7162869999999999 0.75710100000000002 -1.6924549546589631
v -2.8401580000000002 0.76682099999999997 -1.3547289546589596
v -2.8310110000000002 1.132261 -1.7754889546589609
v -2.9743680000000001 1.14351 -1.3846389546589606
v -2.956566 1.5055339999999999 -1.8468269546589653
v -3.1093190000000002 1.5175209999999999 -1.4303569546589614
v -3.0908609999999999 1.87666 -1.9120579546589624
v -3.2470330000000001 1.8889149999999999 -1.4862649546589637
v -3.2322470000000001 2.2454130000000001 -1.9755619546589642
v -3.389087 2.2577199999999999 -1.5479489546589633
v -3.3119689999999999 2.4476260000000001 -2.010647954658964
v -3.4688249999999998 2.4599340000000001 -1.582989954658963
v -3.6550929999999999 3.2369330000000001 -2.1592159546589613
v -3.8119499999999999 3.249241 -1.7315589546589649
v -4.0246269999999997 4.0123930000000003 -2.3170729546589612
v -4.1814840000000002 4.0247019999999996 -1.8894159546589648
v -4.4200990000000004 4.773015 -2.4840159546589646
v -4.5769549999999999 4.785323 -2.0563589546589611
v -4.8410019999999996 5.5178240000000001 -2.6598319546589622
v -4.9978590000000001 5.5301330000000002 -2.2321749546589587
v -5.2867990000000002 6.24587 -2.8442959546589606
v -5.4436549999999997 6.2581790000000002 -2.4166379546589596
v -5.7569189999999999 6.9562210000000002 -3.0371719546589588
v -5.9137750000000002 6.9685300000000003 -2.6095149546589624
v -6.2536659999999999 7.6481969999999997 -3.2302939546589613
v -6.4047130000000001 7.66005 -2.81847495465896
v -6.7909319999999997 8.3220530000000004 -3.3838059546589605
v -6.901313 8.3307140000000004 -3.0828619546589593
v -7.3854850000000001 8.9782949999999992 -3.449924954658961
v -2.4250609999999999 0.054303999999999998 -1.4055529546589653
v -2.4893860000000001 0.059352000000000002 -1.3291539546589632
v -2.448061 0.44987500000000002 -1.2227469546589589
v -2.2879900000000002 0.43731399999999998 -1.4128659546589617
v -2.3849659999999999 0.83827799999999997 -1.1390169546589632
v -2.1695899999999999 0.82137700000000002 -1.3948219546589655
v -2.3064719999999999 1.225047 -1.070401954658962
v -2.0634980000000001 1.205981 -1.3589869546589597
v -2.2179890000000002 1.610598 -1.0104809546589593
v -1.964305 1.590692 -1.3117849546589611
v -2.1238350000000001 1.995258 -0.95412995465895989
v -1.8677029999999999 1.9751590000000001 -1.2583409546589621
v -2.0537899999999998 2.2743289999999998 -0.91347795465895842
v -1.7975449999999999 2.2542209999999998 -1.2178239546589609
v -1.2279709999999999 5.1711720000000003 -0.40956795465896079
v -0.97172599999999998 5.151065 -0.71391395465896323
v -0.79305099999999995 6.6096529999999998 -0.1384229546589637
v -0.53680499999999998 6.5895450000000002 -0.44276995465896363
v -0.48820400000000003 7.5463399999999998 0.034665045341036205
v -0.25328000000000001 7.5279049999999996 -0.24435695465896146
v -0.110067 8.4733719999999995 0.1399400453410351
v -0.024393000000000001 8.4666499999999996 0.038184045341040473
v 0.021749999999999999 8.7406939999999995 0.14609604534103937
v -2.5621860000000001 0.105187 -1.3913339546589611
v -2.5004330000000001 0.100341 -1.469838954658961
v -2.4441570000000001 0.49641400000000002 -1.5409039546589653
v -2.5940300000000001 0.50817500000000004 -1.3503739546589628
v -2.4103659999999998 0.89403100000000002 -1.5888369546589587
v -2.6086900000000002 0.90959400000000001 -1.3367129546589638
v -2.3923019999999999 1.2926340000000001 -1.6222299546589625
v -2.6129250000000002 1.309947 -1.3417579546589593
v -2.3843359999999998 1.691754 -1.6482379546589598
v -2.6123639999999999 1.7096469999999999 -1.3583519546589642
v -2.382158 2.0910220000000002 -1.6723379546589641
v -2.6113189999999999 2.1090040000000001 -1.3810109546589615
v -2.3819110000000001 2.224637 -1.6803999546589594
v -2.611081 2.2426200000000001 -1.3890629546589608
v -2.4271090000000002 3.9253279999999999 -1.8209309546589623
v -2.6562790000000001 3.943311 -1.5295939546589636
v -2.5205380000000002 5.6205220000000002 -1.9990609546589653
v -2.749708 5.6385050000000003 -1.7077239546589595
v -2.5792899999999999 6.4663329999999997 -2.0974839546589621
v -2.808459 6.4843169999999999 -1.8061469546589635
v -2.676409 7.4553419999999999 -2.2106009546589647
v -2.8819919999999999 7.4714739999999997 -1.9492479546589649
v -2.8607420000000001 8.4466059999999992 -2.2465039546589622
v -2.901221 8.4497809999999998 -2.1950439546589635
v -2.8948999999999998 8.5799500000000002 -2.2398549546589592
v -0.73029299999999997 -0.011609 -2.1020959546589637
v -0.79755299999999996 -0.000408 -2.0289479546589604
v -0.70722799999999997 0.37327199999999999 -1.8916349546589615
v -0.53027000000000002 0.34380100000000002 -2.0840839546589649
v -0.59360900000000005 0.74141000000000001 -1.7720549546589623
v -0.34631200000000001 0.70022399999999996 -2.04099895465896
v -0.46181699999999998 1.1047819999999999 -1.6646849546589593
v -0.17335800000000001 1.05674 -1.9783949546589596
v -0.31637399999999999 1.464064 -1.5646589546589595
v -0.0069449999999999998 1.4125300000000001 -1.9011749546589627
v -0.16114800000000001 1.8198259999999999 -1.4678199546589639
v 0.15673200000000001 1.766885 -1.8135269546589612
v 0.00074100000000000001 2.1725120000000002 -1.3708269546589591
v 0.32073200000000002 2.1192190000000002 -1.7188299546589647
v 0.140294 2.4674149999999999 -1.2875319546589594
v 0.46041900000000002 2.4140990000000002 -1.6356799546589613
v 0.57403000000000004 3.3220770000000002 -1.019590954658959
v 0.89415500000000003 3.268761 -1.3677399546589584
v 1.0283249999999999 4.1588079999999996 -0.72999995465896461
v 1.3484499999999999 4.1054919999999999 -1.078148954658964
v 1.502624 4.9765829999999998 -0.41911295465896359
v 1.822749 4.9232670000000001 -0.76726195465896296
v 1.9963439999999999 5.7744 -0.087310954658960327
v 2.3164690000000001 5.7210850000000004 -0.43545895465896223
v 2.508883 6.5512839999999999 0.26500004534103994
v 2.829008 6.4979680000000002 -0.083147954658961964
v 2.769739 6.9343120000000003 0.44620304534103639
v 3.0898639999999999 6.8809959999999997 0.098054045341037011
v 3.3170160000000002 7.6767349999999999 0.8200900453410398
v 3.6217480000000002 7.6259839999999999 0.48868204534103654
v 3.9276789999999999 8.3882060000000003 1.1631400453410379
v 4.1246600000000004 8.3553990000000002 0.94891504534103888
v 4.4531039999999997 8.8986140000000002 1.3679210453410349
v -0.85982099999999995 0.070789000000000005 -2.0963999546589633
v -0.79331399999999996 0.059713000000000002 -2.1702529546589631
v -0.72527600000000003 0.44848399999999999 -2.2703609546589618
v -0.89303399999999999 0.47642400000000001 -2.0840759546589638
v -0.67881100000000005 0.84063399999999999 -2.3484429546589638
v -0.90659900000000004 0.87857099999999999 -2.0954979546589598
v -0.64771599999999996 1.2351240000000001 -2.4113839546589588
v -0.906721 1.27826 -2.1237739546589651
v -0.62666599999999995 1.6310629999999999 -2.4650979546589582
v -0.89872200000000002 1.6763729999999999 -2.1629949546589629
v -0.61133499999999996 2.0277270000000001 -2.5143879546589645
v -0.88693200000000005 2.0736270000000001 -2.2083539546589606
v -0.59901899999999997 2.4099919999999999 -2.5609299546589597
v -0.87491099999999999 2.4559410000000002 -2.2545679546589596
v -0.58546200000000004 7.1295510000000002 -3.2565669546589646
v -0.86135399999999995 7.1754990000000003 -2.9502049546589646
v -0.59881099999999998 8.1197529999999993 -3.3964049546589621
v -0.85437399999999997 8.1623160000000006 -3.1126169546589608
v -0.67917400000000006 9.1192499999999992 -3.4738189546589595
v -0.79243300000000005 9.1381130000000006 -3.3480509546589587
v -0.74024699999999999 9.5090710000000005 -3.4719879546589638
v -0.71609500000000004 0.087402999999999995 -2.1175199546589596
v -0.76590999999999998 0.095699999999999993 -2.0312089546589647
v -0.71931699999999998 0.49282799999999999 -1.9544189546589621
v -0.59376799999999996 0.471918 -2.1719509546589606
v -0.65625999999999995 0.88714499999999996 -1.903794954658963
v -0.48588100000000001 0.858769 -2.1990009546589633
v -0.581403 1.279423 -1.871253954658961
v -0.38776899999999997 1.247174 -2.2067529546589597
v -0.498747 1.670326 -1.8498679546589614
v -0.295433 1.6364650000000001 -2.2021369546589611
v -0.41154099999999999 2.0603910000000001 -1.8340059546589629
v -0.205627 2.026097 -2.1907819546589593
v -0.32682600000000001 2.4297979999999999 -1.8203759546589637
v -0.120702 2.3954689999999998 -2.1775159546589649
v 0.87955300000000003 7.0257810000000003 -1.5658859546589596
v 1.0856779999999999 6.9914509999999996 -1.9230269546589653
v 1.146963 7.9884810000000002 -1.5218839546589606
v 1.3377840000000001 7.9567009999999998 -1.8525069546589634
v 1.466507 8.9416049999999991 -1.5536569546589618
v 1.550197 8.9276669999999996 -1.6986619546589594
v 1.6101160000000001 9.2992000000000008 -1.6024689546589599
v 2.4828350000000001 0.000176 -1.5682099546589612
v 2.5685920000000002 -0.00070399999999999998 -1.5167809546589623
v 2.7245599999999999 0.35975699999999999 -1.6237859546589632
v 2.5092249999999998 0.36196600000000001 -1.7529249546589654
v 2.8561369999999999 0.71829399999999999 -1.7507129546589653
v 2.5646420000000001 0.72128400000000004 -1.9255259546589656
v 2.971473 1.074767 -1.8926409546589653
v 2.640908 1.0781579999999999 -2.0908849546589607
v 3.077534 1.429047 -2.0453599546589629
v 2.731026 1.4326019999999999 -2.2531639546589588
v 3.1799439999999999 1.781021 -2.2054609546589603
v 2.8293409999999999 1.7846169999999999 -2.415721954658963
v 3.2703410000000002 2.089521 -2.3505919546589595
v 2.919451 2.093121 -2.5610249546589614
v 3.590605 3.0965780000000001 -2.8673939546589651
v 3.2397149999999999 3.1001780000000001 -3.0778269546589598
v 3.9296820000000001 4.0804039999999997 -3.4159659546589651
v 3.5787930000000001 4.084003 -3.6263979546589624
v 4.2871079999999999 5.0396450000000002 -3.9955509546589596
v 3.9362189999999999 5.0432449999999998 -4.2059839546589615
v 4.6623900000000003 5.9729830000000002 -4.605353954658959
v 4.3114999999999997 5.9765829999999998 -4.8157869546589609
v 4.9804969999999997 6.7469570000000001 -5.1530939546589636
v 4.6565519999999996 6.7502800000000001 -5.3473669546589591
v 5.2300019999999998 7.5014139999999996 -5.7700499546589583
v 5.0946660000000001 7.502802 -5.851212954658962
v 5.2850929999999998 7.7652799999999997 -6.0108269546589597
v 2.5167419999999998 0.059831000000000002 -1.4307679546589611
v 2.431772 0.060703 -1.4834879546589619
v 2.3271039999999998 0.454955 -1.4642379546589623
v 2.551806 0.45265 -1.3248209546589607
v 2.2450589999999999 0.84823899999999997 -1.4264409546589647
v 2.5601929999999999 0.84500600000000003 -1.2309139546589591
v 2.179389 1.24058 -1.3739789546589591
v 2.5481590000000001 1.2367969999999999 -1.145173954658965
v 2.1245639999999999 1.6319980000000001 -1.3102949546589642
v 2.5212430000000001 1.627928 -1.0641739546589619
v 2.0758380000000001 2.0225050000000002 -1.2383419546589636
v 2.4841959999999998 2.018316 -0.98497295465896428
v 2.0293519999999998 2.4121030000000001 -1.1605229546589584
v 2.4408859999999999 2.4078810000000002 -0.90518395465895907
v 1.9839370000000001 2.7878989999999999 -1.0814109546589634
v 2.3957380000000001 2.783674 -0.82590595465896399
v 1.796551 4.1299919999999997 -0.75720695465896171
v 2.2083520000000001 4.1257679999999999 -0.50170195465896228
v 1.585151 5.4586030000000001 -0.39452195465896267
v 1.996953 5.4543790000000003 -0.13901795465896072
v 1.349982 6.7721989999999996 0.0062250453410399587
v 1.7617830000000001 6.7679739999999997 0.26172904534103481
v 1.091313 8.0692640000000004 0.44457204534104022
v 1.5031140000000001 8.0650399999999998 0.70007704534103965
v 0.90320999999999996 8.9908839999999994 0.78422004534103706
v 1.295982 8.9868550000000003 1.027918045341039
v 0.76033799999999996 9.9021930000000005 1.1782340453410356
v 1.019908 9.8995289999999994 1.3392860453410407
v 0.71806000000000003 10.612016000000001 1.547836045341036
v 2.4735269999999998 0.10027700000000001 -1.5647589546589629
v 2.5661659999999999 0.099325999999999998 -1.5271149546589626
v 2.6496240000000002 0.49765399999999999 -1.5227889546589637
v 2.4177330000000001 0.50003299999999995 -1.6170159546589602
v 2.7059859999999998 0.89590899999999996 -1.5347919546589637
v 2.3927390000000002 0.89912300000000001 -1.6620779546589617
v 2.7441900000000001 1.2939400000000001 -1.5594879546589624
v 2.389602 1.2975779999999999 -1.7035719546589618
v 2.771862 1.6916070000000001 -1.5937709546589645
v 2.4006910000000001 1.6954149999999999 -1.7445939546589599
v 2.7951350000000001 2.0887869999999999 -1.63514295465896
v 2.419867 2.0926360000000002 -1.7876309546589653
v 2.8140710000000002 2.4168430000000001 -1.6731029546589653
v 2.4385530000000002 2.4206949999999998 -1.8256929546589618
v 2.8959130000000002 3.5665070000000001 -1.8454889546589612
v 2.5203950000000002 3.5703589999999998 -1.9980789546589648
v 2.9932180000000002 4.7085699999999999 -2.0561209546589652
v 2.6177000000000001 4.7124220000000001 -2.2087109546589616
v 3.105861 5.8415530000000002 -2.3047269546589604
v 2.730343 5.8454050000000004 -2.4573169546589639
v 3.233695 6.9639870000000004 -2.5909849546589641
v 2.858177 6.9678399999999998 -2.743573954658963
v 3.3396309999999998 7.9185140000000001 -2.8701119546589595
v 2.99377 7.9220620000000004 -3.0106509546589635
v 3.3675540000000002 8.8642810000000001 -3.2126019546589646
v 3.2292900000000002 8.8656989999999993 -3.2687849546589618
v 3.3431839999999999 9.176361 -3.342989954658961
v 3.5471210000000002 0.00677 -2.446068954658962
v 3.6460780000000002 -0.0058989999999999997 -2.4529259546589657
v 3.7593969999999999 0.362869 -2.5820969546589652
v 3.5134430000000001 0.39435900000000002 -2.5650539546589641
v 3.8409650000000002 0.733846 -2.7145909546589593
v 3.510303 0.77618100000000001 -2.6916779546589638
v 3.9006189999999998 1.1056919999999999 -2.8510619546589595
v 3.527844 1.153419 -2.8252309546589629
v 3.946707 1.4772590000000001 -2.9920619546589649
v 3.5577049999999999 1.527064 -2.9651069546589639
v 3.9858730000000002 1.847618 -3.1380219546589601
v 3.5932230000000001 1.8978889999999999 -3.1108139546589655
v 4.012003 2.1082619999999999 -3.2436849546589599
v 3.6191949999999999 2.1585540000000001 -3.2164659546589647
v 4.1013760000000001 3.0301939999999998 -3.6573479546589596
v 3.7085669999999999 3.0804860000000001 -3.6301279546589598
v 4.1864410000000003 3.936693 -4.1046529546589596
v 3.7936329999999998 3.9869849999999998 -4.0774339546589644
v 4.2670849999999998 4.8265390000000004 -4.5849999546589615
v 3.8742760000000001 4.8768310000000001 -4.5577799546589617
v 4.3431980000000001 5.6985289999999997 -5.0977379546589603
v 3.9503889999999999 5.7488210000000004 -5.0705189546589651
v 4.3801030000000001 6.1298389999999996 -5.3620759546589625
v 3.9872939999999999 6.1801310000000003 -5.3348579546589647
v 4.4317950000000002 6.9632569999999996 -5.9125499546589637
v 4.0720210000000003 7.0093189999999996 -5.8876199546589589
v 4.3797439999999996 7.7892250000000001 -6.4858909546589629
v 4.251214 7.8056799999999997 -6.4769839546589623
v 4.3330609999999998 8.0249120000000005 -6.6479799546589646
v 3.6685590000000001 0.051712000000000001 -2.3646079546589647
v 3.5728960000000001 0.063960000000000003 -2.3381779546589598
v 3.5730460000000002 0.459206 -2.2422639546589593
v 3.8095560000000002 0.42892599999999997 -2.307606954658965
v 3.6049699999999998 0.84901700000000002 -2.1485029546589658
v 3.9218090000000001 0.80845199999999995 -2.2360399546589633
v 3.6589160000000001 1.2345349999999999 -2.0542279546589626
v 4.0150309999999996 1.188941 -2.1526159546589625
v 3.7266409999999999 1.6167069999999999 -1.9571929546589644
v 4.0974250000000003 1.5692360000000001 -2.0596329546589658
v 3.8016269999999999 1.996265 -1.8556259546589615
v 4.1754670000000003 1.948402 -1.9589109546589611
v 3.8494959999999998 2.230369 -1.7906559546589591
v 4.2234350000000003 2.182493 -1.8939679546589616
v 4.0135459999999998 2.9943140000000001 -1.5508969546589597
v 4.3874849999999999 2.9464380000000001 -1.6542089546589622
v 4.1833 3.7486660000000001 -1.2860489546589591
v 4.557239 3.70079 -1.3893619546589591
v 4.3585649999999996 4.4925750000000004 -0.99641195465896004
v 4.7325039999999996 4.444699 -1.0997239546589626
v 4.5391450000000004 5.2252000000000001 -0.68231095465895919
v 4.9130839999999996 5.1773239999999996 -0.7856229546589617
v 4.7248340000000004 5.945716 -0.3441019546589601
v 5.0987730000000004 5.8978400000000004 -0.44741395465896261
v 4.8189169999999999 6.3027930000000003 -0.16904095465896063
v 5.1928559999999999 6.2549169999999998 -0.27235295465896314
v 5.0208680000000001 7.0024709999999999 0.20212204534103506
v 5.3768260000000003 6.9568969999999997 0.10377804534103774
v 5.2813359999999996 7.6811280000000002 0.58148704534103501
v 5.5114299999999998 7.6516679999999999 0.51791604534103897
v 5.5469989999999996 8.1731110000000005 0.86004204534103934
v 3.5446559999999998 0.107902 -2.4167659546589633
v 3.629712 0.097012000000000001 -2.4682139546589639
v 3.7356699999999998 0.48603299999999999 -2.528683954658959
v 3.5164460000000002 0.5141 -2.396082954658965
v 3.814791 0.87834999999999996 -2.5755729546589592
v 3.5127259999999998 0.91702399999999995 -2.392862954658959
v 3.8742420000000002 1.2730330000000001 -2.6132149546589645
v 3.5263279999999999 1.317577 -2.402772954658964
v 3.920261 1.6692709999999999 -2.6453829546589631
v 3.5510120000000001 1.716547 -2.4220359546589592
v 3.9580570000000002 2.0663849999999999 -2.6752279546589648
v 3.581566 2.1145879999999999 -2.4475009546589632
v 3.9916429999999998 2.4638460000000002 -2.7051769546589597
v 3.6139749999999999 2.5121989999999998 -2.4767379546589581
v 4.0041140000000004 2.616098 -2.7167989546589624
v 3.6264349999999999 2.664453 -2.4883529546589642
v 4.1637170000000001 5.1497039999999998 -2.9892209546589612
v 3.786038 5.1980599999999999 -2.7607749546589631
v 4.2749709999999999 7.6762379999999997 -3.3400789546589635
v 3.8972920000000002 7.7245929999999996 -3.1116329546589583
v 4.299766 8.6658059999999999 -3.4826199546589649
v 3.9447779999999999 8.7112549999999995 -3.2678989546589605
v 4.2490439999999996 9.6624529999999993 -3.5959399546589594
v 4.052899 9.6875660000000003 -3.4772969546589607
v 4.1645700000000003 10.220184 -3.6295339546589602
v -5.1303700000000001 -0.010434000000000001 7.5938480453410406
v -5.1935359999999999 -0.00096900000000000003 7.6707930453410356
v -5.0644070000000001 0.34846700000000003 7.8365230453410391
v -4.901402 0.32404100000000002 7.6379620453410411
v -4.9120889999999999 0.69162900000000005 7.9829150453410378
v -4.6872959999999999 0.657945 7.7090890453410381
v -4.7419219999999997 1.02922 8.1163820453410409
v -4.4828159999999997 0.99039299999999997 7.8007580453410412
v -4.5585659999999999 1.361837 8.2425090453410377
v -4.2834009999999996 1.3206039999999999 7.9073240453410349
v -4.3659280000000003 1.6899679999999999 8.3659600453410405
v -4.0852500000000003 1.6479090000000001 8.0240580453410359
v -4.1670400000000001 2.0139680000000002 8.4903280453410375
v -3.885437 1.9717709999999999 8.1473010453410382
v -4.0848979999999999 2.1457449999999998 8.5415600453410363
v -3.8032859999999999 2.1035460000000001 8.1985200453410414
v -3.638058 2.816316 8.825897045341037
v -3.3564449999999999 2.7741169999999999 8.482857045341035
v -3.17422 3.467978 9.126513045341035
v -2.8926069999999999 3.4257780000000002 8.7834730453410401
v -2.6939649999999999 4.0999169999999996 9.4430340453410366
v -2.4123519999999998 4.0577180000000004 9.0999940453410346
v -2.1978900000000001 4.7113459999999998 9.7750630453410352
v -1.916277 4.6691469999999997 9.4320240453410378
v -1.686617 5.3014999999999999 10.122188045341034
v -1.405003 5.2593019999999999 9.7791480453410387
v -1.160782 5.8696440000000001 10.483974045341036
v -0.87916899999999998 5.827445 10.140934045341041
v -0.61582700000000001 6.4142859999999997 10.853617045341039
v -0.34464400000000001 6.3736499999999996 10.523282045341034
v -0.026350999999999999 6.9308389999999997 11.198884045341039
v 0.171822 6.9011430000000002 10.95748704534104
v 0.63824700000000001 7.4139609999999996 11.481176045341037
v -5.2542730000000004 0.068803000000000003 7.5700440453410351
v -5.1611019999999996 0.054841000000000001 7.5365150453410408
v -5.0499409999999996 0.43770799999999999 7.4514180453410361
v -5.2896679999999998 0.47363100000000002 7.5376860453410401
v -4.9682539999999999 0.82439300000000004 7.3730240453410403
v -5.2981829999999999 0.87383200000000005 7.4917520453410376
v -4.9081279999999996 1.2136739999999999 7.2984890453410358
v -5.287738 1.2705580000000001 7.4350950453410363
v -4.8626800000000001 1.6044879999999999 7.2253410453410396
v -5.2652229999999998 1.6648080000000001 7.3701990453410389
v -4.8261750000000001 1.99594 7.1515210453410418
v -5.2363780000000002 2.0574080000000001 7.2991350453410391
v -4.7942130000000001 2.3873380000000002 7.0754500453410358
v -5.2056079999999998 2.4489839999999998 7.2234940453410417
v -4.7834719999999997 2.5232570000000001 7.0486870453410404
v -5.1948759999999998 2.5849039999999999 7.1967340453410387
v -4.6886729999999996 3.9342359999999998 6.7245800453410354
v -5.1000779999999999 3.9958830000000001 6.8726270453410407
v -4.6112970000000004 5.3353679999999999 6.356160045341035
v -5.0227009999999996 5.3970159999999998 6.5042060453410357
v -4.5514289999999997 6.7250819999999996 5.9438410453410384
v -4.9628319999999997 6.7867290000000002 6.0918870453410392
v -4.5258859999999999 7.4167899999999998 5.7267920453410355
v -4.9372889999999998 7.4784369999999996 5.8748380453410363
v -4.5115999999999996 8.3657900000000005 5.4115520453410397
v -4.8978669999999997 8.4236719999999998 5.5505530453410401
v -4.5810979999999999 9.3191640000000007 5.1030650453410402
v -4.7914079999999997 9.3506789999999995 5.1787470453410407
v -4.6787280000000004 9.8395080000000004 4.9517050453410363
v -5.1154299999999999 0.088443999999999995 7.5953290453410389
v -5.1801810000000001 0.098146999999999998 7.6709150453410402
v -5.151402 0.49757099999999999 7.7430640453410362
v -4.9899719999999999 0.473381 7.5546210453410367
v -5.1000370000000004 0.89341099999999996 7.7935090453410396
v -4.8825620000000001 0.860823 7.5396430453410375
v -5.0324499999999999 1.2865979999999999 7.829673045341039
v -4.7868449999999996 1.249795 7.5429710453410408
v -4.954053 1.6779189999999999 7.8578690453410402
v -4.6974169999999997 1.6394629999999999 7.5582900453410389
v -4.8691789999999999 2.0679970000000001 7.8831440453410409
v -4.6099579999999998 2.0291540000000001 7.5805470453410351
v -4.8026590000000002 2.363086 7.9023840453410372
v -4.5433070000000004 2.3242229999999999 7.5996330453410366
v -4.3504649999999998 4.1421260000000002 8.0613870453410357
v -4.091113 4.1032630000000001 7.758636045341035
v -3.8514020000000002 5.9042700000000004 8.2627100453410378
v -3.59205 5.8654070000000003 7.9599590453410372
v -3.5902699999999999 6.7807009999999996 8.3739060453410374
v -3.3309169999999999 6.7418380000000004 8.0711540453410393
v -3.282629 7.7246620000000004 8.4945850453410401
v -3.0445060000000002 7.6889810000000001 8.2166160453410413
v -2.89784 8.6529220000000002 8.5532360453410377
v -2.8083269999999998 8.6395079999999993 8.4487450453410418
v -2.7577449999999999 8.9303640000000009 8.5461870453410356
v -3.5280879999999999 0.001441 8.1355090453410384
v -3.435209 -0.0033249999999999998 8.1722600453410408
v -3.2815240000000001 0.35013 8.0402110453410387
v -3.518119 0.36226999999999998 7.9465930453410394
v -3.1538759999999999 0.70145000000000002 7.8903300453410381
v -3.4772810000000001 0.71804400000000002 7.7623620453410354
v -3.0440160000000001 1.050073 7.7259590453410354
v -3.4138869999999999 1.0690519999999999 7.5796050453410402
v -2.9448219999999998 1.3954979999999999 7.5499950453410349
v -3.3351250000000001 1.4155249999999999 7.395555045341041
v -2.850438 1.7372879999999999 7.3648400453410403
v -3.2469209999999999 1.7576320000000001 7.2079550453410377
v -2.7565019999999998 2.0750850000000001 7.1723060453410383
v -3.153708 2.0954660000000001 7.0151350453410402
v -2.7426439999999999 2.1248459999999998 7.1437340453410343
v -3.13985 2.1452270000000002 6.9865640453410407
v -2.5708350000000002 2.7037460000000002 6.784604045341041
v -2.9680409999999999 2.7241270000000002 6.6274320453410382
v -2.3923670000000001 3.2685900000000001 6.4068210453410401
v -2.789574 3.2889710000000001 6.2496500453410349
v -2.2074539999999998 3.8187030000000002 6.0108390453410365
v -2.6046610000000001 3.8390840000000002 5.8536690453410358
v -2.0163160000000002 4.3534269999999999 5.5971310453410368
v -2.4135219999999999 4.3738080000000004 5.4399600453410386
v -1.8191820000000001 4.8721240000000003 5.1661890453410351
v -2.2163879999999998 4.8925049999999999 5.0090180453410369
v -1.616287 5.374174 4.7185300453410406
v -2.013493 5.3945550000000004 4.5613590453410353
v -1.4078729999999999 5.8589760000000002 4.2546890453410384
v -1.80508 5.8793569999999997 4.0975180453410402
v -1.198823 6.3261900000000004 3.7733860453410415
v -1.586765 6.3460960000000002 3.6198810453410388
v -1.012551 6.7764470000000001 3.2660310453410375
v -1.3356429999999999 6.7930250000000001 3.1381860453410368
v -0.877112 7.2106349999999999 2.7222160453410353
v -1.0241830000000001 7.2181810000000004 2.6640210453410376
v -0.83778399999999997 7.424417 2.4351210453410346
v -3.4434650000000002 0.057178 8.2465850453410354
v -3.5430649999999999 0.062288999999999997 8.2539150453410386
v -3.5936330000000001 0.45609499999999997 8.345105045341036
v -3.3403 0.44309599999999999 8.3264600453410367
v -3.6133250000000001 0.84718099999999996 8.4390470453410416
v -3.2673930000000002 0.82943100000000003 8.4135890453410411
v -3.6110869999999999 1.23594 8.5363870453410371
v -3.215805 1.2156579999999999 8.507296045341036
v -3.594643 1.6227050000000001 8.6376760453410384
v -3.1778240000000002 1.6013170000000001 8.6070010453410362
v -3.570341 2.0077370000000001 8.7433640453410391
v -3.1471089999999999 1.9860199999999999 8.7122170453410348
v -3.5428989999999998 2.3912140000000002 8.8537820453410347
v -3.1189520000000002 2.3694609999999998 8.8225820453410364
v -3.5395949999999998 2.4367130000000001 8.8669550453410366
v -3.1156480000000002 2.4149600000000002 8.8357560453410358
v -3.4618169999999999 3.4676960000000001 9.2049950453410361
v -3.0378699999999998 3.4459430000000002 9.1737950453410377
v -3.3820480000000002 4.4860759999999997 9.5788680453410393
v -2.9581019999999998 4.4643240000000004 9.547668045341041
v -3.300386 5.4906110000000004 9.9881190453410369
v -2.8764400000000001 5.468858 9.9569190453410386
v -3.2169319999999999 6.4800709999999997 10.432246045341039
v -2.7929849999999998 6.4583170000000001 10.40104604534104
v -3.1747749999999999 6.9708040000000002 10.662929045341038
v -2.750829 6.9490509999999999 10.631729045341039
v -3.0814170000000001 7.8581089999999998 11.114797045341035
v -2.686388 7.8378399999999999 11.085724045341038
v -2.9000020000000002 8.7258189999999995 11.588606045341038
v -2.7073900000000002 8.715935 11.574431045341036
v -2.7675550000000002 9.1083210000000001 11.802475045341041
v -3.547593 0.102574 8.1533370453410399
v -3.447889 0.097458000000000003 8.1475980453410415
v -3.3465060000000002 0.492091 8.1194110453410389
v -3.6107450000000001 0.50564900000000002 8.134621045341035
v -3.2740939999999998 0.88805100000000003 8.0903340453410379
v -3.645235 0.90709499999999998 8.1116960453410343
v -3.2234080000000001 1.2849520000000001 8.0599480453410379
v -3.658309 1.307267 8.084980045341041
v -3.1880250000000001 1.6824460000000001 8.0278860453410346
v -3.656393 1.7064790000000001 8.0548430453410376
v -3.1624189999999999 2.0802350000000001 7.9938310453410395
v -3.6450109999999998 2.104997 8.0216070453410353
v -3.142083 2.4780690000000001 7.9575250453410362
v -3.628676 2.5030359999999998 7.985531045341034
v -3.1233420000000001 2.8840840000000001 7.9179140453410355
v -3.610309 2.9090699999999998 7.9459410453410371
v -3.0263369999999998 5.1088250000000004 7.6199760453410406
v -3.5133040000000002 5.1338119999999998 7.6480040453410396
v -2.9345300000000001 7.3216570000000001 7.2423490453410366
v -3.421497 7.3466430000000003 7.2703770453410357
v -2.889948 8.4245579999999993 7.0337020453410375
v -3.3769149999999999 8.4495450000000005 7.0617300453410365
v -2.8623129999999999 9.4038679999999992 6.8329310453410415
v -3.3272940000000002 9.4277270000000009 6.8596930453410394
v -2.9017019999999998 10.383260999999999 6.6203400453410381
v -3.2127849999999998 10.399222999999999 6.6382450453410371
v -3.0275850000000002 11.17746 6.443688045341041
v -1.5577460000000001 0.0056860000000000001 8.4407970453410357
v -1.5402169999999999 0.00396 8.3423600453410387
v -1.6067709999999999 0.39380599999999999 8.2424190453410375
v -1.6523399999999999 0.39829199999999998 8.4983230453410386
v -1.6822079999999999 0.78335999999999995 8.1711810453410365
v -1.745368 0.789578 8.5258730453410365
v -1.765107 1.172447 8.1207070453410353
v -1.8382369999999999 1.1796469999999999 8.5313870453410345
v -1.8542209999999999 1.5609109999999999 8.0840470453410376
v -1.932175 1.568586 8.521821045341035
v -1.9484980000000001 1.9486129999999999 8.0553400453410404
v -2.0282200000000001 1.9564630000000001 8.5030390453410405
v -2.0471089999999998 2.3354379999999999 8.0299820453410362
v -2.1271819999999999 2.3433220000000001 8.4796500453410388
v -2.1043210000000001 2.5546199999999999 8.0159240453410376
v -2.1844030000000001 2.5625040000000001 8.4656440453410369
v -2.5334349999999999 3.989509 7.9143550453410398
v -2.6135169999999999 3.9973939999999999 8.3640750453410391
v -3.0126849999999998 5.4077950000000001 7.8041490453410347
v -3.0927669999999998 5.41568 8.253869045341041
v -3.541461 6.807677 7.6854450453410408
v -3.621543 6.8155619999999999 8.1351660453410375
v -3.8181060000000002 7.5026820000000001 7.6239980453410396
v -3.8981880000000002 7.510567 8.0737180453410389
v -4.2104759999999999 8.4196620000000006 7.5508520453410384
v -4.2861399999999996 8.4271130000000003 7.9757650453410349
v -4.6374550000000001 9.3282139999999991 7.5484970453410369
v -4.6821970000000004 9.3326189999999993 7.799757045341039
v -4.9261509999999999 9.8950969999999998 7.6168020453410392
v -1.43641 0.054029000000000001 8.3599220453410368
v -1.4538530000000001 0.055746999999999998 8.458375045341036
v -1.3635790000000001 0.44315500000000002 8.547832045341039
v -1.3185830000000001 0.43872499999999998 8.2938660453410407
v -1.2621990000000001 0.82838900000000004 8.6086870453410356
v -1.2001630000000001 0.82228100000000004 8.2585430453410353
v -1.1512039999999999 1.2114990000000001 8.6491920453410387
v -1.079715 1.2044600000000001 8.2456940453410397
v -1.031895 1.5925210000000001 8.6765420453410371
v -0.95598899999999998 1.5850470000000001 8.24811704534104
v -0.90536700000000003 1.9714689999999999 8.6967470453410414
v -0.82795099999999999 1.963846 8.2597960453410408
v -0.77247399999999999 2.3483320000000001 8.7144490453410413
v -0.69480699999999995 2.3406859999999998 8.2760810453410372
v -0.71823499999999996 2.499063 8.7214380453410385
v -0.64056500000000005 2.4914160000000001 8.2830530453410347
v -0.372581 3.3623219999999998 8.7676200453410402
v -0.29491099999999998 3.3546749999999999 8.3292350453410364
v 0.0033379999999999998 4.2125159999999999 8.8193910453410354
v 0.081007999999999997 4.2048680000000003 8.3810070453410361
v 0.40903699999999998 5.0485490000000004 8.8766870453410363
v 0.486707 5.0409009999999999 8.4383020453410396
v 0.84399299999999999 5.8693419999999996 8.9394310453410384
v 0.92166300000000001 5.8616950000000001 8.5010460453410417
v 1.307644 6.6738379999999999 9.0075430453410377
v 1.3853139999999999 6.6661900000000003 8.5691590453410384
v 1.5465329999999999 7.0718160000000001 9.0429250453410361
v 1.6242019999999999 7.0641689999999997 8.6045410453410369
v 2.0539619999999998 7.849742 9.1083850453410378
v 2.1278980000000001 7.8424630000000004 8.6910790453410414
v 2.599729 8.6077169999999992 9.1157410453410392
v 2.6475209999999998 8.6030110000000004 8.8459920453410348
v 3.0380729999999998 9.1637249999999995 9.0445560453410394
v -1.55176 0.10557999999999999 8.4346460453410401
v -1.5242979999999999 0.102876 8.3385290453410406
v -1.485589 0.50035099999999999 8.2577510453410383
v -1.555631 0.507247 8.5028980453410412
v -1.456977 0.89871599999999996 8.2058840453410369
v -1.5528 0.90815100000000004 8.5412620453410355
v -1.4360280000000001 1.297723 8.174412045341036
v -1.5457000000000001 1.308521 8.558261045341041
v -1.4206380000000001 1.6971560000000001 8.1559660453410388
v -1.5364370000000001 1.708558 8.5612610453410412
v -1.409071 2.096838 8.1444710453410352
v -1.526748 2.108425 8.5563370453410386
v -1.400026 2.4966330000000001 8.1353760453410402
v -1.5179309999999999 2.5082420000000001 8.5480400453410397
v -1.3985430000000001 2.5652780000000002 8.1338690453410365
v -1.516448 2.5768870000000001 8.546533045341036
v -1.44248 5.8548770000000001 8.0287740453410379
v -1.5603849999999999 5.8664849999999999 8.4414390453410348
v -1.4931989999999999 7.4987579999999996 7.9680380453410393
v -1.6111040000000001 7.5103669999999996 8.3807030453410363
v -1.5385439999999999 8.4974880000000006 7.9418310453410399
v -1.648612 8.5083249999999992 8.3270670453410389
v -1.618004 9.4979099999999992 7.9948980453410385
v -1.6732149999999999 9.5033460000000005 8.1881340453410374
v -1.6723239999999999 9.9680809999999997 8.0707330453410364
v -0.235904 0.002542 7.3612490453410402
v -0.26071299999999997 0.0042979999999999997 7.2643910453410356
v -0.39912399999999998 0.38561299999999998 7.2271450453410395
v -0.33605299999999999 0.38114799999999999 7.4733800453410382
v -0.53302700000000003 0.76532 7.2204200453410365
v -0.44693300000000002 0.75922599999999996 7.5565430453410372
v -0.66464800000000002 1.143551 7.2354970453410345
v -0.56630100000000005 1.1365890000000001 7.6194550453410415
v -0.795902 1.5204150000000001 7.2648510453410395
v -0.692222 1.5130749999999999 7.6696330453410368
v -0.92836399999999997 1.895996 7.3023030453410342
v -0.82310499999999998 1.8885449999999999 7.7132520453410365
v -1.0631980000000001 2.2703519999999999 7.3432670453410367
v -0.95776499999999998 2.2628879999999998 7.75489104534104
v -1.077931 2.3111660000000001 7.3477800453410396
v -0.97249799999999997 2.3037030000000001 7.7594050453410404
v -1.6786509999999999 3.8145769999999999 7.5289080453410406
v -1.573218 3.8071130000000002 7.9405330453410414
v -2.3292320000000002 5.2955290000000002 7.7224000453410397
v -2.2237990000000001 5.2880659999999997 8.1340250453410405
v -3.028902 6.7522710000000004 7.9280260453410349
v -2.9234689999999999 6.7448069999999998 8.3396510453410357
v -3.4730219999999998 7.6365749999999997 8.0728520453410368
v -3.3748149999999999 7.6296229999999996 8.4562660453410388
v -3.9135140000000002 8.5093010000000007 8.3067460453410362
v -3.8658860000000002 8.5059299999999993 8.4926940453410396
v -4.0998549999999998 8.8935420000000001 8.4605470453410376
v -0.15776799999999999 0.057161000000000003 7.2408100453410356
v -0.13633799999999999 0.055642999999999998 7.3384760453410394
v -0.018960000000000001 0.44098999999999999 7.3923080453410392
v -0.071198999999999998 0.44468800000000003 7.1542320453410397
v 0.096769999999999995 0.82535700000000001 7.4137100453410341
v 0.027441 0.83026500000000003 7.0977520453410392
v 0.21313699999999999 1.2085090000000001 7.4131950453410411
v 0.135827 1.2139819999999999 7.0608620453410396
v 0.33204899999999998 1.5902350000000001 7.3995520453410393
v 0.25200899999999998 1.595901 7.0347810453410347
v 0.45496900000000001 1.970356 7.3795660453410363
v 0.37447599999999998 1.976054 7.0127330453410366
v 0.50482499999999997 2.1219990000000002 7.3709940453410354
v 0.42432799999999998 2.1276980000000001 7.0041380453410369
v 0.83354600000000001 3.0220220000000002 7.3128450453410352
v 0.75304800000000005 3.02772 6.9459880453410392
v 1.191257 3.910469 7.2481550453410364
v 1.1107590000000001 3.9161670000000002 6.8812980453410404
v 1.577564 4.7863579999999999 7.1769940453410399
v 1.497066 4.7920569999999998 6.8101380453410343
v 1.9920389999999999 5.6487249999999998 7.0994430453410402
v 1.9115420000000001 5.6544230000000004 6.7325870453410346
v 2.2062339999999998 6.0763470000000002 7.05908604534104
v 2.125737 6.0820460000000001 6.6922290453410369
v 2.658563 6.9168989999999999 6.956007045341039
v 2.5851320000000002 6.9220959999999998 6.6213570453410355
v 3.1166580000000002 7.7430760000000003 6.7501440453410382
v 3.0926960000000001 7.7447730000000004 6.6409430453410394
v 3.2270490000000001 7.9490040000000004 6.6718770453410343
v -0.204346 0.10055799999999999 7.3701650453410394
v -0.262544 0.10467799999999999 7.2889490453410417
v -0.29953800000000003 0.50748599999999999 7.2415870453410349
v -0.15219099999999999 0.49705500000000002 7.4472090453410402
v -0.322239 0.90896900000000003 7.221911045341038
v -0.12166200000000001 0.89476999999999995 7.5018170453410349
v -0.33598699999999998 1.309455 7.2224720453410356
v -0.107422 1.293275 7.5414340453410347
v -0.34537400000000001 1.7092179999999999 7.2368560453410353
v -0.104879 1.6921930000000001 7.5724690453410375
v -0.35415200000000002 2.1084710000000002 7.2598270453410407
v -0.110279 2.091208 7.6001520453410407
v -0.36552899999999999 2.5199750000000001 7.2885130453410341
v -0.121333 2.502688 7.6292880453410419
v -0.43163000000000001 3.7196199999999999 7.396735045341039
v -0.18743499999999999 3.7023329999999999 7.7375110453410372
v -0.53097099999999997 4.9146049999999999 7.5285400453410389
v -0.286775 4.8973190000000004 7.8693160453410371
v -0.663435 6.1035490000000001 7.683774045341039
v -0.41924 6.0862619999999996 8.0245500453410372
v -0.82887100000000002 7.285075 7.862259045341041
v -0.58467499999999994 7.2677880000000004 8.2030340453410417
v -0.979854 8.2579429999999991 8.0381970453410361
v -0.75304599999999999 8.2418879999999994 8.354707045341037
v -1.101084 9.2203900000000001 8.3026480453410372
v -0.99599300000000002 9.2129510000000003 8.4493030453410398
v -1.127478 9.6143719999999995 8.4527160453410346
v 1.3692789999999999 -0.011375 7.2088150453410407
v 1.2916810000000001 0.001366 7.2705910453410354
v 1.381626 0.36178700000000003 7.4393020453410372
v 1.583925 0.32856999999999997 7.2782490453410418
v 1.4958959999999999 0.71721400000000002 7.591555045341039
v 1.7768349999999999 0.67108500000000004 7.3678950453410366
v 1.62832 1.068648 7.7322550453410344
v 1.95417 1.015144 7.4728390453410398
v 1.773479 1.41696 7.8657030453410357
v 2.1213359999999999 1.359842 7.5887680453410411
v 1.9267909999999999 1.762888 7.9955390453410402
v 2.2829009999999998 1.704415 7.712034045341035
v 2.0846300000000002 2.1070120000000001 8.1246380453410367
v 2.4424769999999998 2.048254 7.839749045341037
v 2.18513 2.3233060000000001 8.2063260453410365
v 2.5430359999999999 2.2645379999999999 7.9213910453410392
v 3.0661849999999999 4.1063510000000001 8.945264045341041
v 3.4240910000000002 4.0475839999999996 8.6603300453410412
v 3.9812129999999999 5.8500819999999996 9.7349870453410361
v 4.339118 5.7913160000000001 9.4500520453410388
v 4.4470200000000002 6.7117360000000001 10.142372045341034
v 4.804926 6.6529680000000004 9.8574360453410392
v 4.9029579999999999 7.5131019999999999 10.529780045341042
v 5.2416770000000001 7.4574850000000001 10.26012004534104
v 5.4235910000000001 8.2955140000000007 10.882287045341037
v 5.6280039999999998 8.2619500000000006 10.719551045341035
v 5.8245050000000003 8.7920239999999996 11.070260045341037
v 1.2405600000000001 0.070563000000000001 7.2097470453410395
v 1.300484 0.060724 7.1302970453410381
v 1.3524860000000001 0.45016400000000001 7.0206150453410388
v 1.196701 0.47574300000000003 7.2271620453410392
v 1.38378 0.84230400000000005 6.9324950453410352
v 1.1678550000000001 0.87775800000000004 7.2187770453410351
v 1.3991979999999999 1.236318 6.8595310453410363
v 1.149189 1.277369 7.1910050453410364
v 1.402973 1.631481 6.7961170453410347
v 1.136469 1.675241 7.1494600453410371
v 1.398674 2.0271750000000002 6.7375250453410374
v 1.126128 2.0719270000000001 7.098879045341036
v 1.3891070000000001 2.4229090000000002 6.6800400453410376
v 1.115361 2.467857 7.0429840453410364
v 1.382436 2.647446 6.6471670453410354
v 1.1086579999999999 2.6924000000000001 7.0101540453410394
v 1.298163 4.1258049999999997 6.4005200453410396
v 1.0243850000000001 4.1707590000000003 6.7635060453410389
v 1.1739299999999999 5.5961730000000003 6.1247220453410378
v 0.90015199999999995 5.641127 6.4877090453410347
v 1.0098750000000001 7.0569129999999998 5.8200820453410387
v 0.736097 7.1018670000000004 6.1830690453410355
v 0.91792399999999996 7.7845700000000004 5.6606140453410347
v 0.64414700000000003 7.8295240000000002 6.0236010453410387
v 0.77030900000000002 8.7500350000000005 5.4455690453410384
v 0.51163199999999998 8.79251 5.7885350453410354
v 0.55990099999999998 9.7172289999999997 5.2781040453410384
v 0.40693000000000001 9.7423470000000005 5.4809190453410395
v 0.377772 10.328408 5.2256960453410386
v 1.385764 0.087257000000000001 7.1948410453410361
v 1.321674 0.097780000000000006 7.2708780453410355
v 1.3564670000000001 0.49667899999999998 7.3436700453410353
v 1.516729 0.470364 7.1535330453410353
v 1.413751 0.89166699999999999 7.3948210453410397
v 1.6300889999999999 0.85614500000000004 7.138157045341039
v 1.4873080000000001 1.283739 7.4317020453410407
v 1.7320500000000001 1.2435529999999999 7.1413380453410369
v 1.571834 1.673737 7.4605950453410372
v 1.827904 1.631691 7.1567910453410377
v 1.663068 2.0623339999999999 7.486547045341041
v 1.9219010000000001 2.0198339999999999 7.1794660453410373
v 1.7395 2.3760780000000001 7.5077120453410373
v 1.9984930000000001 2.3335509999999999 7.2004410453410372
v 2.1417999999999999 3.866088 7.6405880453410404
v 2.4007939999999999 3.8235619999999999 7.3333160453410358
v 2.579739 5.3428069999999996 7.8053410453410379
v 2.838733 5.300281 7.4980700453410378
v 3.0528659999999999 6.8047190000000004 8.0018040453410393
v 3.3118599999999998 6.7621919999999998 7.6945320453410346
v 3.3831129999999998 7.7400710000000004 8.1295290453410374
v 3.6214620000000002 7.7009340000000002 7.8467500453410395
v 3.7896540000000001 8.6581659999999996 8.1968640453410373
v 3.8834939999999998 8.6427569999999996 8.08553204534104
v 3.9462480000000002 8.9506390000000007 8.1920960453410387
v 4.2497239999999996 -0.0057749999999999998 8.0503260453410377
v 4.1503920000000001 0.0057609999999999996 8.0504440453410382
v 4.1145810000000003 0.38089899999999999 8.2061190453410404
v 4.3709220000000002 0.351128 8.2058170453410355
v 4.1085440000000002 0.75129500000000005 8.3647480453410381
v 4.4620559999999996 0.71023800000000004 8.3643320453410368
v 4.1239629999999998 1.1178900000000001 8.5263300453410409
v 4.5314420000000002 1.0705659999999999 8.5258480453410357
v 4.1535869999999999 1.4815020000000001 8.6908600453410401
v 4.5863250000000004 1.431244 8.6903500453410345
v 4.1913520000000002 1.842811 8.8583380453410356
v 4.6327629999999997 1.7915460000000001 8.8578170453410365
v 4.2325710000000001 2.202337 9.0287560453410407
v 4.6754369999999996 2.150903 9.028234045341037
v 4.2497020000000001 2.3492069999999998 9.0989900453410399
v 4.6925850000000002 2.297771 9.0984680453410363
v 4.4256760000000002 3.85642 9.8854200453410357
v 4.8685590000000003 3.8049840000000001 9.8848990453410366
v 4.5984569999999998 5.3356110000000001 10.724034045341035
v 5.0413410000000001 5.2841750000000003 10.723512045341039
v 4.7678380000000002 6.7849979999999999 11.613821045341041
v 5.2107210000000004 6.733562 11.61329804534104
v 4.8788619999999998 7.620819 12.151641045341037
v 5.2954619999999997 7.5724349999999996 12.151149045341036
v 5.0674789999999996 8.4364600000000003 12.70637804534104
v 5.3000920000000002 8.4094440000000006 12.706103045341038
v 5.2378419999999997 8.8851600000000008 13.024353045341037
v 4.1435269999999997 0.066961999999999994 7.969941045341038
v 4.2371629999999998 0.056086999999999998 7.9365640453410364
v 4.3310639999999996 0.43954799999999999 7.8333800453410376
v 4.0863670000000001 0.46796700000000002 7.9206030453410392
v 4.3959089999999996 0.82556700000000005 7.7364530453410367
v 4.0555320000000004 0.86509800000000003 7.8577810453410351
v 4.4390470000000004 1.213252 7.6431700453410372
v 4.0436740000000002 1.259171 7.7841020453410366
v 4.466933 1.601817 7.5512380453410373
v 4.0443300000000004 1.650898 7.701876045341038
v 4.485042 1.9905870000000001 7.4587130453410353
v 4.0520259999999997 2.0408770000000001 7.6130630453410362
v 4.4977229999999997 2.3790200000000001 7.3640530453410378
v 4.0624089999999997 2.4295770000000001 7.5192220453410386
v 4.5050189999999999 2.6445409999999998 7.2978610453410369
v 4.0696120000000002 2.6951079999999998 7.4530630453410396
v 4.5250849999999998 3.9310640000000001 6.9349820453410373
v 4.0896780000000001 3.9816319999999998 7.0901840453410401
v 4.5297910000000003 5.2059930000000003 6.5327880453410359
v 4.0943839999999998 5.2565609999999996 6.6879900453410386
v 4.5191319999999999 6.467962 6.0917110453410359
v 4.0837250000000003 6.5185300000000002 6.2469130453410386
v 4.4931190000000001 7.7156159999999998 5.6122230453410396
v 4.0577120000000004 7.766184 5.7674250453410352
v 4.4536930000000003 8.6415400000000009 5.2363780453410413
v 4.0410649999999997 8.6894629999999999 5.3834600453410388
v 4.3373689999999998 9.5661810000000003 4.8638770453410416
v 4.0841950000000002 9.5955849999999998 4.9541220453410375
v 4.1822470000000003 10.193223 4.6294350453410402
v 4.2810670000000002 0.091257000000000005 8.0103970453410369
v 4.2015909999999996 0.10048700000000001 8.070383045341039
v 4.1972889999999996 0.50303500000000001 8.1365920453410396
v 4.4043910000000004 0.47898200000000002 7.9802790453410353
v 4.2175450000000003 0.90263499999999997 8.1862800453410358
v 4.5050629999999998 0.86924299999999999 7.9692720453410359
v 4.2560269999999996 1.300017 8.2242250453410364
v 4.5894139999999997 1.2612969999999999 7.9725970453410397
v 4.3071799999999998 1.695818 8.2546190453410375
v 4.6629969999999998 1.6544939999999999 7.9860620453410363
v 4.3663100000000004 2.0905779999999998 8.2810050453410398
v 4.7305060000000001 2.0482800000000001 8.0061240453410392
v 4.4297040000000001 2.4847199999999998 8.3061820453410391
v 4.7956490000000001 2.4422199999999998 8.0299810453410387
v 4.469881 2.7288990000000002 8.3218990453410413
v 4.8358819999999998 2.6863920000000001 8.0456550453410358
v 5.1158400000000004 6.1847560000000001 8.6459730453410373
v 5.4818410000000002 6.1422499999999998 8.3697300453410364
v 5.4570429999999996 7.9066390000000002 8.8330850453410363
v 5.8230430000000002 7.8641319999999997 8.556841045341038
v 5.6660009999999996 8.8788169999999997 8.9396710453410364
v 6.0122900000000001 8.8385990000000003 8.678305045341034
v 5.9398989999999996 9.8419480000000004 9.0096410453410414
v 6.1481979999999998 9.8177559999999993 8.852425045341036
v 6.1792449999999999 10.458164999999999 9.0134760453410365
v 5.6328659999999999 -0.0030490000000000001 8.4378510453410343
v 5.6622669999999999 -0.0057759999999999999 8.5333920453410386
v 5.8414219999999997 0.35825699999999999 8.568887045341036
v 5.7669439999999996 0.36516599999999999 8.3268660453410348
v 6.0140900000000004 0.72192999999999996 8.5740890453410401
v 5.9126690000000002 0.73133800000000004 8.2445170453410412
v 6.1829510000000001 1.0849740000000001 8.5577420453410369
v 6.0673430000000002 1.0956980000000001 8.1820650453410408
v 6.3503150000000002 1.4471529999999999 8.5273730453410366
v 6.2286400000000004 1.45844 8.1319880453410391
v 6.5180619999999996 1.8082720000000001 8.4891340453410393
v 6.39466 1.8197190000000001 8.088136045341038
v 6.6947270000000003 2.1830910000000001 8.4457660453410384
v 6.5711579999999996 2.194553 8.0442230453410417
v 7.5729059999999997 3.891133 8.2242780453410376
v 7.4493369999999999 3.902596 7.8227340453410363
v 8.5087390000000003 5.5657050000000003 7.9840920453410362
v 8.3851700000000005 5.5771680000000003 7.5825490453410396
v 8.9908459999999994 6.3942199999999998 7.8593820453410359
v 8.8672760000000004 6.4056819999999997 7.4578380453410347
v 9.5002250000000004 7.2420460000000002 7.711246045341035
v 9.3854109999999995 7.2526970000000004 7.3381530453410377
v 9.9981799999999996 8.0823429999999998 7.4729040453410391
v 9.9446539999999999 8.0873080000000002 7.298971045341041
v 10.194201 8.4319679999999995 7.3272880453410352
v 5.5726760000000004 0.062792000000000001 8.5629190453410402
v 5.5432750000000004 0.065519999999999995 8.4673780453410359
v 5.4919469999999997 0.46630500000000003 8.4094900453410375
v 5.569172 0.45914100000000002 8.6604360453410365
v 5.4480709999999997 0.86618899999999999 8.3799890453410342
v 5.5558690000000004 0.85619000000000001 8.7302820453410419
v 5.4094030000000002 1.2653779999999999 8.3715790453410364
v 5.5350130000000002 1.2537259999999999 8.7797540453410363
v 5.3739629999999998 1.6640509999999999 8.3778250453410408
v 5.5085850000000001 1.6515629999999999 8.8152840453410377
v 5.3400639999999999 2.06236 8.3932440453410351
v 5.4782710000000003 2.0495399999999999 8.8423560453410346
v 5.3063510000000003 2.4604279999999998 8.4134330453410371
v 5.4454279999999997 2.447527 8.8653730453410375
v 5.2788740000000001 2.7796759999999998 8.4309130453410361
v 5.4180010000000003 2.7667709999999999 8.8830150453410397
v 4.5970180000000003 8.1663420000000002 8.7945110453410393
v 4.7361449999999996 8.1534370000000003 9.2466130453410358
v 4.4678880000000003 9.1547879999999999 8.8747590453410368
v 4.6001089999999998 9.1425230000000006 9.3044170453410402
v 4.3522030000000003 10.140152 9.0245440453410382
v 4.436077 10.132370999999999 9.2970950453410381
v 4.2895370000000002 10.847602999999999 9.2133150453410408
v 5.64079 0.096645999999999996 8.4371720453410362
v 5.6721789999999999 0.093733999999999998 8.5320740453410409
v 5.7565900000000001 0.48687599999999998 8.5985550453410369
v 5.6761460000000001 0.494338 8.3553420453410396
v 5.8346590000000003 0.88038300000000003 8.6351110453410342
v 5.7242449999999998 0.89062600000000003 8.3012860453410369
v 5.9091019999999999 1.2739739999999999 8.649963045341039
v 5.7823650000000004 1.285731 8.2667870453410401
v 5.9822730000000002 1.6674009999999999 8.650242045341038
v 5.848141 1.679843 8.2447120453410392
v 6.0561220000000002 2.060454 8.6418670453410371
v 5.9196119999999999 2.0731169999999999 8.2291480453410344
v 6.1321300000000001 2.452966 8.6293280453410404
v 5.9952880000000004 2.4656600000000002 8.2156030453410409
v 6.1525980000000002 2.557677 8.6257730453410346
v 6.0157550000000004 2.5703710000000002 8.2120450453410356
v 6.5282479999999996 4.1843810000000001 8.5514350453410373
v 6.3914049999999998 4.1970739999999997 8.1377060453410408
v 6.9586649999999999 5.7964950000000002 8.458533045341035
v 6.8218220000000001 5.8091889999999999 8.044805045341036
v 7.4433009999999999 7.3919680000000003 8.347188045341035
v 7.3064580000000001 7.4046609999999999 7.933460045341036
v 7.7481960000000001 8.3405339999999999 8.2608650453410348
v 7.6200390000000002 8.3524229999999999 7.8734010453410406
v 8.0461259999999992 9.2845460000000006 8.0892140453410377
v 7.9787819999999998 9.2907919999999997 7.8856070453410396
v 8.1837160000000004 9.7627450000000007 7.9453410453410385
v -5.9682120000000003 0.003029 5.4187680453410394
v -5.9183649999999997 0.00081599999999999999 5.3321060453410354
v -5.9823060000000003 0.38065900000000003 5.2023340453410398
v -6.1041150000000002 0.38606800000000002 5.4141090453410357
v -6.0673659999999998 0.75928099999999998 5.0973140453410366
v -6.2292839999999998 0.76647100000000001 5.378824045341041
v -6.168202 1.136352 5.0078250453410362
v -6.3490070000000003 1.1443810000000001 5.3221690453410346
v -6.2803399999999998 1.5115810000000001 4.9261470453410396
v -6.4677069999999999 1.5199009999999999 5.251899045341041
v -6.4003019999999999 1.8847240000000001 4.8463020453410408
v -6.5888039999999997 1.8930940000000001 5.1740290453410367
v -6.4538820000000001 2.0471979999999999 4.8113160453410373
v -6.6423990000000002 2.0555690000000002 5.1390700453410361
v -6.7446979999999996 2.845227 4.6236620453410353
v -6.9332149999999997 2.8535970000000002 4.9514160453410412
v -7.0590529999999996 3.6310150000000001 4.4227820453410374
v -7.2475699999999996 3.6393870000000001 4.7505360453410361
v -7.3965829999999997 4.4036520000000001 4.2089070453410358
v -7.5851009999999999 4.4120239999999997 4.5366610453410345
v -7.7568960000000002 5.1622399999999997 3.9822880453410363
v -7.9454130000000003 5.1706110000000001 4.3100410453410376
v -8.1395730000000004 5.9058960000000003 3.7431860453410408
v -8.3280910000000006 5.9142679999999999 4.0709400453410396
v -8.5502020000000005 6.6340269999999997 3.5023680453410364
v -8.7266539999999999 6.6418619999999997 3.8091450453410403
v -9.0184759999999997 7.347124 3.3125660453410362
v -9.1104730000000007 7.3512089999999999 3.4725100453410391
v -9.2827680000000008 7.7004619999999999 3.2580080453410361
v -5.8349820000000001 0.057172000000000001 5.3671570453410382
v -5.8641430000000003 0.058466999999999998 5.4628020453410358
v -5.790368 0.44722000000000001 5.5564630453410402
v -5.7185730000000001 0.44403199999999998 5.3209800453410381
v -5.7049240000000001 0.83491599999999999 5.6205020453410413
v -5.6090109999999997 0.83065699999999998 5.3059120453410387
v -5.6108349999999998 1.2216739999999999 5.6648130453410346
v -5.5032839999999998 1.216898 5.3120570453410352
v -5.5106440000000001 1.6075900000000001 5.6977320453410414
v -5.3988560000000003 1.6026260000000001 5.3310760453410353
v -5.406352 1.9927360000000001 5.7258010453410364
v -5.293736 1.987735 5.3564260453410384
v -5.3477769999999998 2.2053189999999998 5.7408180453410367
v -5.2351400000000003 2.2003170000000001 5.3713760453410373
v -4.6856920000000004 4.3182640000000001 5.9140720453410367
v -4.5730550000000001 4.3132619999999999 5.5446300453410373
v -3.9511159999999999 6.4051299999999998 6.10978004534104
v -3.8384779999999998 6.4001279999999996 5.7403380453410406
v -3.600679 7.338813 6.1855520453410406
v -3.4983219999999999 7.3342669999999996 5.8498300453410366
v -3.2049349999999999 8.2651900000000005 6.1646530453410406
v -3.174544 8.2638409999999993 6.0649740453410388
v -3.1095220000000001 8.4693159999999992 6.1364980453410354
v -5.9661980000000003 0.103038 5.4013570453410367
v -5.8965350000000001 0.099945000000000006 5.3296810453410401
v -5.8429900000000004 0.497143 5.25614904534104
v -6.0209359999999998 0.50504400000000005 5.4392380453410354
v -5.8140390000000002 0.89510900000000004 5.2012740453410373
v -6.0577329999999998 0.90593100000000004 5.4520110453410382
v -5.8035500000000004 1.2935190000000001 5.1587500453410371
v -6.082719 1.3059149999999999 5.4459880453410392
v -5.8062170000000002 1.6920820000000001 5.1231220453410344
v -6.1012000000000004 1.7051799999999999 5.4266300453410352
v -5.8176540000000001 2.0905490000000002 5.0898810453410377
v -6.1175569999999997 2.1038670000000002 5.3984540453410403
v -5.8345589999999996 2.4887229999999998 5.0556400453410362
v -6.1350889999999998 2.502068 5.3648560453410354
v -5.8381619999999996 2.5689310000000001 5.0486750453410352
v -6.138693 2.5822759999999998 5.357892045341039
v -5.9255060000000004 3.798432 4.9107220453410392
v -6.2260369999999998 3.8117770000000002 5.2199390453410359
v -6.0446150000000003 5.0214359999999996 4.7421770453410375
v -6.3451449999999996 5.0347809999999997 5.0513940453410413
v -6.195335 6.2363619999999997 4.5432570453410364
v -6.4958660000000004 6.249708 4.8524740453410402
v -6.3774730000000002 7.441643 4.3142180453410361
v -6.6780039999999996 7.4549880000000002 4.62343504534104
v -6.5544539999999998 8.406663 4.1202760453410363
v -6.8352950000000003 8.4191339999999997 4.4092350453410347
v -6.8106470000000003 9.3663109999999996 3.9678740453410413
v -6.9536660000000001 9.372662 4.1150270453410371
v -6.9767890000000001 9.8272290000000009 3.9297210453410401
v 5.1454360000000001 -0.00677 6.246629045341038
v 5.1531690000000001 -0.0079220000000000002 6.3463230453410375
v 5.3577719999999998 0.33817700000000001 6.4112890453410358
v 5.3381939999999997 0.34109400000000001 6.1588650453410381
v 5.5635579999999996 0.68255399999999999 6.4451910453410406
v 5.5369060000000001 0.68652500000000005 6.101561045341036
v 5.7712139999999996 1.025066 6.4571740453410342
v 5.7408419999999998 1.0295909999999999 6.0655780453410415
v 5.9813270000000003 1.3655839999999999 6.4551030453410405
v 5.9493689999999999 1.3703460000000001 6.0430530453410398
v 6.194375 1.704 6.4454050453410403
v 6.1619669999999998 1.7088289999999999 6.0275600453410405
v 6.4179459999999997 2.0512280000000001 6.4323570453410355
v 6.3854959999999998 2.056063 6.0139580453410417
v 7.2047460000000001 3.1826810000000001 6.3844090453410374
v 7.1722960000000002 3.187516 5.966009045341039
v 8.0312680000000007 4.2852980000000001 6.3330470453410399
v 7.9988169999999998 4.290133 5.9146470453410416
v 8.8964580000000009 5.3576740000000003 6.2783370453410399
v 8.8640080000000001 5.3625090000000002 5.8599370453410415
v 9.3385160000000003 5.8860450000000002 6.2501570453410409
v 9.3060659999999995 5.8908800000000001 5.8317570453410355
v 9.9980469999999997 6.6356700000000002 6.1926890453410408
v 9.9679059999999993 6.6401620000000001 5.8040620453410412
v 10.669748999999999 7.3689499999999999 6.0442210453410397
v 10.655772000000001 7.3710319999999996 5.8640040453410407
v 10.946842999999999 7.6694469999999999 5.9355400453410354
v 5.0630870000000003 0.066161999999999999 6.3538640453410409
v 5.0559469999999997 0.067225999999999994 6.2541250453410413
v 5.044638 0.46793200000000001 6.1857480453410361
v 5.0622389999999999 0.46530899999999997 6.4316420453410359
v 5.0336980000000002 0.86826499999999995 6.1491340453410359
v 5.0572330000000001 0.86475800000000003 6.4779270453410405
v 5.022392 1.268327 6.134020045341039
v 5.0488039999999996 1.264391 6.5029830453410398
v 5.0101040000000001 1.6681999999999999 6.1317510453410407
v 5.0375709999999998 1.664107 6.5154640453410408
v 4.9963439999999997 2.0679479999999999 6.1355190453410415
v 5.0240220000000004 2.0638239999999999 6.5221770453410386
v 4.9878809999999998 2.2973370000000002 6.1385300453410352
v 5.0155640000000004 2.293212 6.5252700453410384
v 4.773847 5.262003 6.1854710453410391
v 4.8015299999999996 5.2578779999999998 6.5722090453410402
v 4.6407559999999997 6.7421920000000002 6.2107840453410361
v 4.6684390000000002 6.7380680000000002 6.5975230453410347
v 4.5406779999999998 7.7366989999999998 6.2460940453410387
v 4.5658630000000002 7.7329460000000001 6.5979380453410386
v 4.4363200000000003 8.7288049999999995 6.3869150453410413
v 4.4440210000000002 8.7276570000000007 6.4944980453410395
v 4.4135869999999997 8.9562089999999994 6.4450410453410356
v 5.1638830000000002 0.091586000000000001 6.2500760453410393
v 5.1644959999999998 0.091494000000000006 6.3500740453410387
v 5.2466439999999999 0.48299799999999998 6.4323020453410393
v 5.2450210000000004 0.48324 6.167562045341036
v 5.3306839999999998 0.87409199999999998 6.485562045341041
v 5.3284060000000002 0.87443099999999996 6.1139900453410405
v 5.4166569999999998 1.2647569999999999 6.5171660453410354
v 5.4139889999999999 1.265155 6.0820480453410397
v 5.5046020000000002 1.6549769999999999 6.5335910453410406
v 5.5017290000000001 1.655405 6.0652590453410369
v 5.5945489999999998 2.0447359999999999 6.5404020453410396
v 5.5915910000000002 2.0451769999999998 6.0580580453410349
v 5.6865240000000004 2.4340199999999999 6.5421320453410345
v 5.6835430000000002 2.4344640000000002 6.0559110453410341
v 5.7800190000000002 2.8206859999999998 6.5420850453410395
v 5.7770359999999998 2.8211309999999998 6.0555190453410361
v 6.5376469999999998 5.5139620000000003 6.5398990453410377
v 6.5346630000000001 5.5144070000000003 6.0533330453410343
v 7.3943199999999996 8.1773889999999998 6.5370800453410354
v 7.3913359999999999 8.1778340000000007 6.0505130453410345
v 7.7130000000000001 9.1252370000000003 6.5248820453410374
v 7.7101519999999999 9.1256620000000002 6.0605340453410363
v 8.0437689999999993 10.068852 6.4459530453410352
v 8.0418749999999992 10.069134999999999 6.1371240453410394
v 8.315016 10.818932999999999 6.290555045341037
v -5.6996250000000002 -6.0000000000000002E-06 3.3710950453410362
v -5.7706999999999997 0.001178 3.3007590453410387
v -5.8980540000000001 0.38606000000000001 3.3320830453410366
v -5.7231540000000001 0.38314700000000002 3.5051660453410349
v -6.0073040000000004 0.76866599999999996 3.3902330453410343
v -5.7737270000000001 0.76477499999999998 3.6213810453410389
v -6.1057949999999996 1.1490130000000001 3.467891045341041
v -5.8439540000000001 1.144652 3.7270100453410393
v -6.1997109999999997 1.527101 3.558893045341037
v -5.9276080000000002 1.5225690000000001 3.8281670453410399
v -6.2938919999999996 1.902908 3.6583980453410376
v -6.0197979999999998 1.898342 3.929643045341038
v -6.3459659999999998 2.1068889999999998 3.7144040453410412
v -6.0718240000000003 2.1023230000000002 3.9856960453410366
v -6.5563320000000003 2.8522020000000001 3.9395260453410401
v -6.2821899999999999 2.8476360000000001 4.2108180453410355
v -6.7841370000000003 3.5868410000000002 4.1820890453410371
v -6.509995 3.582274 4.4533810453410396
v -7.029128 4.3099879999999997 4.4418250453410408
v -6.7549849999999996 4.3054209999999999 4.7131170453410363
v -7.2910320000000004 5.0208409999999999 4.7184460453410395
v -7.0168900000000001 5.0162750000000003 4.9897380453410349
v -7.5695589999999999 5.7186110000000001 5.0116440453410362
v -7.2954169999999996 5.7140449999999996 5.2829360453410388
v -7.7129209999999997 6.0640790000000004 5.1623260453410396
v -7.4387790000000003 6.0595129999999999 5.433618045341035
v -8.0092049999999997 6.7406670000000002 5.4862960453410352
v -7.7482449999999998 6.7363200000000001 5.7445430453410395
v -8.2817600000000002 7.4016039999999998 5.86513004534104
v -8.1130720000000007 7.3987939999999996 6.0320630453410402
v -8.445157 7.887683 6.2071450453410364
v -5.6705740000000002 0.059518000000000001 3.2356420453410379
v -5.6342660000000002 0.058913 3.3288160453410356
v -5.5359239999999996 0.45171800000000001 3.3804520453410376
v -5.6313700000000004 0.45330799999999999 3.1355130453410354
v -5.4435690000000001 0.84374099999999996 3.4029730453410352
v -5.5768789999999999 0.84596199999999999 3.0608640453410345
v -5.3544530000000004 1.234874 3.4034670453410385
v -5.5098739999999999 1.237463 3.0046140453410359
v -5.2661530000000001 1.625014 3.3881850453410394
v -5.4328019999999997 1.6277900000000001 2.9605210453410393
v -5.1766069999999997 2.014062 3.362464045341035
v -5.3477519999999998 2.016912 2.9232580453410364
v -5.0841570000000003 2.4019270000000001 3.3305930453410397
v -5.2564099999999998 2.4047960000000002 2.8885460453410374
v -5.0054270000000001 2.7201369999999998 3.3020790453410385
v -5.1777480000000002 2.723007 2.859860045341037
v -4.7104160000000004 3.7655530000000002 3.1939070453410352
v -4.8827369999999997 3.7684229999999999 2.7516880453410408
v -4.3818289999999998 4.7994469999999998 3.0725770453410348
v -4.5541489999999998 4.8023170000000004 2.6303570453410359
v -4.0200589999999998 5.8205739999999997 2.9382330453410361
v -4.1923789999999999 5.8234440000000003 2.4960140453410347
v -3.6255419999999998 6.8277070000000002 2.7910380453410397
v -3.7978619999999998 6.8305769999999999 2.3488190453410382
v -3.198753 7.8196339999999998 2.6311690453410392
v -3.371073 7.8225049999999996 2.1889500453410378
v -2.7853520000000001 8.7146629999999998 2.4633570453410414
v -2.9491930000000002 8.7173920000000003 2.0428950453410408
v -2.3711359999999999 9.5954899999999999 2.2199500453410366
v -2.4756300000000002 9.597232 1.9517890453410374
v -2.0860219999999998 10.229979999999999 1.9585220453410415
v -5.6898860000000004 0.099845000000000003 3.3705890453410348
v -5.7685279999999999 0.10115499999999999 3.3088350453410413
v -5.8383440000000002 0.501471 3.2829330453410392
v -5.6399359999999996 0.498166 3.4387310453410365
v -5.8874500000000003 0.90100000000000002 3.2808150453410363
v -5.6180110000000001 0.896513 3.4923890453410351
v -5.9231740000000004 1.299777 3.2967180453410379
v -5.6167759999999998 1.2946740000000001 3.5373140453410343
v -5.9518040000000001 1.697819 3.32569604534104
v -5.6299390000000002 1.692458 3.5784380453410378
v -5.9784480000000002 2.0951240000000002 3.3637260453410391
v -5.6523779999999997 2.0896919999999999 3.6197700453410349
v -6.0057489999999998 2.4784519999999999 3.40626104534104
v -5.6793259999999997 2.4730150000000002 3.6625820453410398
v -6.0933970000000004 3.4199269999999999 3.5378520453410403
v -5.7669730000000001 3.4144899999999998 3.7941730453410401
v -6.2016109999999998 4.3552390000000001 3.695502045341037
v -5.8751879999999996 4.3498020000000004 3.9518230453410368
v -6.3302560000000003 5.2832189999999999 3.8790160453410394
v -6.0038330000000002 5.2777810000000001 4.1353370453410392
v -6.4791720000000002 6.2027049999999999 4.0881640453410384
v -6.152749 6.1972680000000002 4.3444850453410382
v -6.6481709999999996 7.1125470000000002 4.3226830453410372
v -6.3217480000000004 7.1071099999999996 4.579004045341037
v -6.8265969999999996 8.0114330000000002 4.5904840453410358
v -6.5210650000000001 8.0063440000000003 4.8304000453410367
v -6.9619869999999997 8.8973680000000002 4.9322520453410377
v -6.8026910000000003 8.8947149999999997 5.0573370453410362
v -6.9914540000000001 9.3364329999999995 5.1430930453410397
v 5.7624610000000001 -0.0087340000000000004 3.1684110453410383
v 5.7316669999999998 -0.0044279999999999996 3.2634530453410378
v 5.8692650000000004 0.36337599999999998 3.3702710453410347
v 5.9462429999999999 0.35261199999999998 3.132686045341039
v 6.0223250000000004 0.72700600000000004 3.4493630453410375
v 6.1262150000000002 0.71247899999999997 3.1287180453410386
v 6.1878089999999997 1.0867739999999999 3.5099470453410362
v 6.3053169999999996 1.070343 3.1472700453410383
v 6.3631209999999996 1.4429350000000001 3.55987404534104
v 6.4860509999999998 1.425746 3.18046404534104
v 6.5461619999999998 1.7956719999999999 3.6054480453410349
v 6.6704090000000003 1.7782990000000001 3.2219750453410398
v 6.6973520000000004 2.076927 3.6418210453410396
v 6.8216749999999999 2.059542 3.2581150453410359
v 7.1192849999999996 2.8006280000000001 3.7457400453410372
v 7.2436069999999999 2.7832439999999998 3.3620340453410407
v 7.5653940000000004 3.508375 3.8582160453410381
v 7.6897159999999998 3.49099 3.4745100453410345
v 8.0351090000000003 4.1992609999999999 3.9791040453410389
v 8.1594309999999997 4.1818770000000001 3.5953980453410352
v 8.5278270000000003 4.8724030000000003 4.1082490453410401
v 8.6521500000000007 4.8550180000000003 3.7245430453410364
v 9.0429189999999995 5.5269370000000002 4.2454870453410365
v 9.1672419999999999 5.5095530000000004 3.8617810453410399
v 9.3059360000000009 5.8493950000000003 4.3160960453410411
v 9.4302589999999995 5.8320100000000004 3.9323900453410374
v 9.8563329999999993 6.4740380000000002 4.4559140453410393
v 9.9746769999999998 6.4574889999999998 4.0906580453410371
v 10.445335 7.0755189999999999 4.5480150453410388
v 10.521834 7.0648210000000002 4.3119110453410343
v 10.920916999999999 7.5114739999999998 4.5516660453410367
v 5.6458849999999998 0.068151000000000003 3.2324310453410376
v 5.6765720000000002 0.06386 3.1373530453410368
v 5.6872889999999998 0.459642 3.0403620453410412
v 5.608409 0.47067199999999998 3.2847580453410359
v 5.6857240000000004 0.85655800000000004 2.971203045341035
v 5.5772349999999999 0.87172799999999995 3.3073360453410388
v 5.6744950000000003 1.254216 2.9217620453410404
v 5.5497430000000003 1.27166 3.3082830453410352
v 5.6558809999999999 1.652272 2.8849840453410351
v 5.523657 1.6707620000000001 3.2946570453410402
v 5.6317810000000001 2.0504380000000002 2.8549970453410367
v 5.4970840000000001 2.0692729999999999 3.2723330453410355
v 5.6036450000000002 2.4484859999999999 2.8273080453410415
v 5.4685730000000001 2.467374 3.2458070453410386
v 5.5940519999999996 2.5788039999999999 2.8183260453410384
v 5.458977 2.5976919999999999 3.2368330453410366
v 5.4174189999999998 4.251614 2.6858210453410365
v 5.2823440000000002 4.2705019999999996 3.1043270453410372
v 5.1879479999999996 5.9165840000000003 2.536615045341037
v 5.0528729999999999 5.9354719999999999 2.9551210453410377
v 4.9058909999999996 7.571885 2.3708730453410354
v 4.7708159999999999 7.5907730000000004 2.7893800453410407
v 4.7161770000000001 8.5495839999999994 2.2797940453410348
v 4.5894329999999997 8.5673069999999996 2.6724870453410361
v 4.4831539999999999 9.5264959999999999 2.2604350453410404
v 4.4147299999999996 9.5360639999999997 2.4724390453410408
v 4.3355480000000002 10.046545 2.3065840453410402
v 5.7806699999999998 0.089692999999999995 3.1792290453410388
v 5.7347999999999999 0.096106999999999998 3.2678570453410387
v 5.7706020000000002 0.49441800000000002 3.3515860453410369
v 5.8929200000000002 0.47731400000000002 3.115245045341041
v 5.8198489999999996 0.89082899999999998 3.41015604534104
v 5.9923900000000003 0.86670199999999997 3.0767760453410347
v 5.8793240000000004 1.2857879999999999 3.4497830453410359
v 6.0822969999999996 1.257406 3.0576030453410397
v 5.9461639999999996 1.6796960000000001 3.4760000453410385
v 6.1655049999999996 1.649025 3.0521940453410394
v 6.0178919999999998 2.0728979999999999 3.493592045341039
v 6.2444899999999999 2.0412129999999999 3.0557640453410357
v 6.0924639999999997 2.465681 3.506508045341036
v 6.3212950000000001 2.4336829999999998 3.0643650453410345
v 6.1683469999999998 2.8582580000000002 3.5177080453410383
v 6.3974539999999998 2.8262209999999999 3.0750340453410345
v 6.1820399999999998 2.928906 3.5196820453410353
v 6.4111459999999996 2.8968699999999998 3.0770080453410387
v 7.3429770000000003 8.5509979999999999 3.7136520453410355
v 7.5720830000000001 8.5189609999999991 3.2709780453410389
v 7.5519959999999999 9.528632 3.7391830453410364
v 7.7714299999999996 9.4979490000000002 3.3151960453410396
v 7.7920970000000001 10.501737 3.7097590453410376
v 7.9438329999999997 10.480518 3.4165790453410381
v 8.0493869999999994 11.343427999999999 3.5953830453410376
v -5.56454 0.0058950000000000001 2.5721040453410353
v -5.4718359999999997 -0.0025720000000000001 2.5355760453410383
v -5.405049 0.37779499999999999 2.4059740453410399
v -5.6406070000000001 0.39931 2.4987890453410415
v -5.3681450000000002 0.75985499999999995 2.2842630453410351
v -5.689584 0.78921399999999997 2.4109170453410371
v -5.3527589999999998 1.142811 2.1671560453410379
v -5.7198359999999999 1.1763380000000001 2.3117920453410363
v -5.3516779999999997 1.52597 2.0518200453410387
v -5.7385719999999996 1.561307 2.2042650453410388
v -5.3589830000000003 1.908758 1.9359340453410354
v -5.7517120000000004 1.944628 2.0906790453410409
v -5.3715929999999998 2.328662 1.8056660453410345
v -5.7649520000000001 2.3645890000000001 1.9606590453410391
v -5.4294630000000002 3.6461809999999999 1.3533930453410363
v -5.8228229999999996 3.6821090000000001 1.5083860453410409
v -5.5041700000000002 4.9487069999999997 0.86186204534104149
v -5.8975309999999999 4.9846339999999998 1.016855045341039
v -5.5956380000000001 6.2348650000000001 0.33159104534103534
v -5.9889979999999996 6.2707920000000001 0.48658404534103994
v -5.6455440000000001 6.8735970000000002 0.056874045341039903
v -6.0389039999999996 6.9095250000000004 0.2118670453410374
v -5.7392300000000001 7.7817480000000003 -0.35141495465896355
v -6.1055060000000001 7.8152020000000002 -0.20709295465896105
v -5.9226780000000003 8.6874610000000008 -0.74699895465896304
v -6.0993659999999998 8.7035990000000005 -0.67737895465896258
v -6.0516540000000001 9.0881039999999995 -0.90630795465896341
v -5.4274370000000003 0.053622000000000003 2.6218160453410349
v -5.5158849999999999 0.061700999999999999 2.6677700453410367
v -5.5072760000000001 0.45417000000000002 2.7734770453410391
v -5.2902829999999996 0.43435099999999999 2.6607370453410368
v -5.4674420000000001 0.84226400000000001 2.8707550453410349
v -5.1782360000000001 0.81584900000000005 2.7204960453410365
v -5.4056889999999997 1.2267060000000001 2.9644020453410391
v -5.082039 1.197146 2.7962470453410404
v -5.3298389999999998 1.608087 3.0584410453410413
v -4.9939179999999999 1.5774060000000001 2.883911045341037
v -5.2460050000000003 1.9868410000000001 3.1560060453410372
v -4.9078150000000003 1.9559530000000001 2.980298045341037
v -5.2030519999999996 2.174531 3.2057370453410385
v -4.8648189999999998 2.1436380000000002 3.0300060453410396
v -5.0185579999999996 2.9195579999999999 3.4298650453410389
v -4.6803239999999997 2.888665 3.2541340453410399
v -4.8225980000000002 3.6539990000000002 3.6779220453410346
v -4.4843640000000002 3.6231070000000001 3.5021910453410356
v -4.6154219999999997 4.3769179999999999 3.94959004534104
v -4.2771889999999999 4.3460260000000002 3.773859045341041
v -4.3972959999999999 5.0873920000000004 4.2445230453410403
v -4.0590630000000001 5.0564989999999996 4.0687920453410413
v -4.1684989999999997 5.7845129999999996 4.5623450453410399
v -3.8302649999999998 5.7536199999999997 4.3866130453410364
v -4.0514859999999997 6.1295679999999999 4.7269020453410349
v -3.7132520000000002 6.0986750000000001 4.5511710453410359
v -3.799099 6.8042550000000004 5.0740620453410372
v -3.4771290000000001 6.7748480000000004 4.9067800453410371
v -3.4880040000000001 7.4589439999999998 5.4176920453410347
v -3.2798799999999999 7.439934 5.309560045341037
v -3.1878929999999999 7.9351969999999996 5.6555700453410367
v -5.5613130000000002 0.106016 2.6015040453410379
v -5.492019 0.099686999999999998 2.5296830453410379
v -5.4237089999999997 0.49435800000000002 2.4612950453410392
v -5.5920569999999996 0.50973400000000002 2.6357810453410409
v -5.3802190000000003 0.89105999999999996 2.413470045341036
v -5.6031389999999996 0.91142000000000001 2.6445190453410348
v -5.353993 1.289069 2.3783790453410347
v -5.6021159999999997 1.3117319999999999 2.6355510453410389
v -5.3387359999999999 1.6877800000000001 2.3494970453410389
v -5.5952859999999998 1.711212 2.6154040453410374
v -5.3296169999999998 2.0867179999999999 2.3218190453410372
v -5.5874819999999996 2.1102699999999999 2.5890890453410407
v -5.3269690000000001 2.2261959999999998 2.3120730453410374
v -5.5848449999999996 2.249749 2.5793520453410395
v -5.3419309999999998 3.9300739999999998 2.147488045341035
v -5.5998070000000002 3.953627 2.4147680453410345
v -5.4041829999999997 5.6279180000000002 1.9378090453410408
v -5.6620590000000002 5.6514709999999999 2.2050890453410403
v -5.4471160000000003 6.474863 1.8217520453410359
v -5.7049919999999998 6.4984159999999997 2.0890320453410354
v -5.5265279999999999 7.4624009999999998 1.6845520453410359
v -5.7580850000000003 7.4835500000000001 1.9245540453410399
v -5.7009550000000004 8.4534970000000005 1.6140160453410388
v -5.7482810000000004 8.4578190000000006 1.6630680453410349
v -5.7364430000000004 8.5930020000000003 1.6150300453410367
v 5.9247259999999997 -0.00085800000000000004 2.6666260453410402
v 5.8337979999999998 0.0022980000000000001 2.625126045341041
v 5.7190159999999999 0.385849 2.7062010453410394
v 5.9605670000000002 0.37746499999999999 2.8164500453410355
v 5.6284000000000001 0.76695800000000003 2.8034950453410374
v 5.968235 0.755162 2.9586000453410364
v 5.5554399999999999 1.145791 2.9140110453410415
v 5.9542529999999996 1.1319490000000001 3.0960360453410374
v 5.4943520000000001 1.522492 3.0350900453410361
v 5.9244180000000002 1.507565 3.2313790453410363
v 5.440156 1.897176 3.1644340453410393
v 5.8837270000000004 1.88178 3.3668860453410403
v 5.3887679999999998 2.2699280000000002 3.3001560453410406
v 5.8362749999999997 2.2543950000000001 3.5044050453410378
v 5.3328230000000003 2.6707809999999998 3.4526690453410396
v 5.780742 2.655233 3.6571060453410382
v 5.1711510000000001 3.7052719999999999 3.885563045341037
v 5.6190689999999996 3.6897250000000001 4.0899990453410382
v 4.9940160000000002 4.7229390000000002 4.3510550453410417
v 5.4419339999999998 4.7073919999999996 4.5554910453410358
v 4.8016379999999996 5.7225270000000004 4.8485700453410345
v 5.2495560000000001 5.7069799999999997 5.0530070453410403
v 4.5942540000000003 6.702801 5.3774950453410355
v 5.0421709999999997 6.6872540000000003 5.5819310453410367
v 4.3721189999999996 7.6625509999999997 5.9371760453410403
v 4.8200370000000001 7.6470039999999999 6.1416130453410389
v 4.1746270000000001 8.4924330000000001 6.4591050453410404
v 4.6028349999999998 8.4775709999999993 6.6545460453410357
v 4.0251739999999998 9.3026070000000001 7.0309780453410369
v 4.3154139999999996 9.2925330000000006 7.1634480453410418
v 3.9808870000000001 9.9613139999999998 7.5626770453410401
v 5.858746 0.061468000000000002 2.5445300453410411
v 5.9579029999999999 0.058026000000000001 2.5570240453410378
v 6.0536690000000002 0.446212 2.4836300453410374
v 5.8108750000000002 0.45463900000000002 2.4530390453410362
v 6.117966 0.83520099999999997 2.4049120453410353
v 5.7947920000000002 0.846418 2.3641930453410396
v 6.1612799999999996 1.2246239999999999 2.3221920453410405
v 5.8000080000000001 1.2371639999999999 2.2766720453410372
v 6.1924060000000001 1.614171 2.2365780453410409
v 5.8177269999999996 1.627176 2.1893690453410386
v 6.2181870000000004 2.0036010000000002 2.148935045341041
v 5.841107 2.016689 2.1014230453410363
v 6.2297250000000002 2.1854909999999999 2.1076280453410376
v 5.8526059999999998 2.1985809999999999 2.0601110453410385
v 6.5179270000000002 6.4020460000000003 0.98186104534103436
v 6.1408069999999997 6.4151350000000003 0.93434404534103521
v 6.566751 7.36442 0.71393804534103822
v 6.2256900000000002 7.376258 0.67096404534103726
v 6.508356 8.3281670000000005 0.42414504534103514
v 6.4197030000000002 8.3312439999999999 0.41297404534103777
v 6.4767349999999997 8.5089059999999996 0.36708804534103479
v 5.937665 0.098752999999999994 2.6622660453410347
v 5.8416249999999996 0.102086 2.6346010453410358
v 5.7766250000000001 0.503664 2.640084045341041
v 6.0153699999999999 0.49537700000000001 2.7088560453410366
v 5.7401289999999996 0.90378700000000001 2.6601850453410378
v 6.0611379999999997 0.89264500000000002 2.7526530453410345
v 5.7225849999999996 1.302691 2.6921450453410358
v 6.0845149999999997 1.2901290000000001 2.7964010453410353
v 5.7158920000000002 1.700564 2.7336220453410363
v 6.0936050000000002 1.6874530000000001 2.842425045341038
v 5.7135920000000002 2.0975329999999999 2.7827460453410353
v 6.094862 2.0842999999999998 2.8925730453410381
v 5.7122789999999997 2.3786049999999999 2.8208760453410378
v 6.0937060000000001 2.3653659999999999 2.9307480453410406
v 5.6993429999999998 3.2789990000000002 2.974279045341035
v 6.0807700000000002 3.2657600000000002 3.0841510453410379
v 5.6774610000000001 4.1735189999999998 3.158028045341041
v 6.0588879999999996 4.1602800000000002 3.2679000453410367
v 5.6466620000000001 5.0610549999999996 3.3718950453410343
v 6.0280880000000003 5.0478160000000001 3.4817670453410372
v 5.6069820000000004 5.9405070000000002 3.6156160453410351
v 5.9884079999999997 5.9272679999999998 3.7254880453410379
v 5.5584709999999999 6.8107819999999997 3.8888860453410388
v 5.9398980000000003 6.7975430000000001 3.9987590453410391
v 5.5133960000000002 7.6703770000000002 4.1948850453410387
v 5.8704109999999998 7.657985 4.2977250453410392
v 5.5328559999999998 8.5161069999999999 4.5508140453410348
v 5.7189920000000001 8.5096450000000008 4.6044310453410375
v 5.5907739999999997 8.934196 4.7504150453410361
v -6.7749819999999996 -0.00106 0.13425704534103744
v -6.7339310000000001 -0.0027989999999999998 0.22542504534104069
v -6.5316650000000003 0.35037400000000002 0.22350104534103821
v -6.6344070000000004 0.35472599999999999 -0.0046709546589625006
v -6.337199 0.70113999999999999 0.1907620453410388
v -6.4759700000000002 0.70701800000000004 -0.11742695465895991
v -6.146611 1.049245 0.13603004534103746
v -6.3036799999999999 1.055898 -0.21279695465896253
v -5.9565619999999999 1.3944589999999999 0.066836045341034378
v -6.1209639999999998 1.4014230000000001 -0.29827695465895943
v -5.7643779999999998 1.7365839999999999 -0.010759954658965398
v -5.9305880000000002 1.7436240000000001 -0.37988795465896175
v -5.603402 2.016311 -0.077761954658960519
v -5.7697219999999998 2.0233560000000002 -0.447133954658959
v -5.1225440000000004 2.7885789999999999 -0.2795519546589631
v -5.2888640000000002 2.7956240000000001 -0.64892395465896158
v -4.6163999999999996 3.5412780000000001 -0.49310095465896353
v -4.7827200000000003 3.5483229999999999 -0.86247295465896201
v -4.0856459999999997 4.2734019999999999 -0.71812395465896373
v -4.2519660000000004 4.2804469999999997 -1.0874959546589622
v -3.530993 4.9839739999999999 -0.95431995465896335
v -3.6973129999999998 4.9910180000000004 -1.3236919546589618
v -2.9531800000000001 5.6720420000000003 -1.2013729546589644
v -3.1194999999999999 5.679087 -1.5707449546589629
v -2.3583020000000001 6.336913 -1.4707729546589619
v -2.5139779999999998 6.3435069999999998 -1.81650495465896
v -1.773774 6.9788259999999998 -1.8212749546589606
v -1.854938 6.9822639999999998 -2.0015279546589611
v -1.4982230000000001 7.294473 -2.0477619546589594
v -6.816649 0.060759000000000001 0.26843704534103807
v -6.8654520000000003 0.062826000000000007 0.18117904534103957
v -6.950183 0.46038000000000001 0.14566804534103994
v -6.8227549999999999 0.454982 0.37351004534103538
v -7.0257240000000003 0.85641400000000001 0.13891404534103913
v -6.8485709999999997 0.84891000000000005 0.45566504534103558
v -7.0959110000000001 1.2510019999999999 0.1540320453410402
v -6.8902380000000001 1.2422899999999999 0.52177304534103541
v -7.1641069999999996 1.644193 0.18496904534103464
v -6.9443659999999996 1.6348849999999999 0.57786604534103958
v -7.2331630000000002 2.0360200000000002 0.22659904534103958
v -7.0080770000000001 2.0264859999999998 0.62905104534103629
v -7.3053330000000001 2.426488 0.27485004534104007
v -7.0790870000000004 2.4169040000000002 0.67937804534103918
v -7.3552980000000003 2.6857350000000002 0.30888404534103842
v -7.1290069999999996 2.6761490000000001 0.71349104534103702
v -7.5475399999999997 3.5439569999999998 0.43673404534104066
v -7.3212489999999999 3.5343719999999998 0.84134104534103926
v -7.7650649999999999 4.3939130000000004 0.57852904534103544
v -7.5387740000000001 4.384328 0.98313604534104115
v -8.0076269999999994 5.2346320000000004 0.73410704534104099
v -7.7813359999999996 5.2250459999999999 1.1387140453410396
v -8.2749469999999992 6.0651529999999996 0.90329104534103521
v -8.0486559999999994 6.0555669999999999 1.3078970453410363
v -8.5667209999999994 6.8845280000000004 1.085887045341039
v -8.3404299999999996 6.874943 1.4904940453410376
v -8.8826140000000002 7.691821 1.2816860453410399
v -8.6563230000000004 7.6822359999999996 1.6862930453410385
v -9.2180769999999992 8.485932 1.497959045341041
v -9.0001669999999994 8.4767019999999995 1.8875810453410367
v -9.5517669999999999 9.2650670000000002 1.7719300453410369
v -9.3925260000000002 9.2583230000000007 2.0566530453410365
v -9.8581289999999999 10.02727 2.1483020453410404
v -6.7599419999999997 0.098392999999999994 0.1394410453410373
v -6.7348790000000003 0.097331000000000001 0.23624304534104112
v -6.6742179999999998 0.49428299999999997 0.30221204534103663
v -6.7367999999999997 0.49693399999999999 0.060500045341036923
v -6.6166669999999996 0.89101699999999995 0.33661904534103826
v -6.7010630000000004 0.89459200000000005 0.010651045341035115
v -6.5597859999999999 1.287369 0.34891204534103792
v -6.6551850000000004 1.2914099999999999 -0.019547954658960975
v -6.5015029999999996 1.683192 0.34713204534104136
v -6.6012529999999998 1.6874169999999999 -0.03813695465895961
v -6.440156 2.0783529999999999 0.33772804534103784
v -6.5409470000000001 2.0826229999999999 -0.051562954658962212
v -6.389532 2.387759 0.32813204534103591
v -6.49038 2.3920309999999998 -0.061378954658962925
v -6.1636860000000002 3.5213990000000002 0.28209104534104057
v -6.2645340000000003 3.5256699999999999 -0.10741995465896537
v -5.8988810000000003 4.6461119999999996 0.22586504534103824
v -5.9997299999999996 4.6503839999999999 -0.16364595465896059
v -5.5954540000000001 5.7604709999999999 0.15952604534103898
v -5.6963020000000002 5.7647430000000002 -0.22998495465895985
v -5.2537900000000004 6.8630589999999998 0.083158045341036768
v -5.3546389999999997 6.8673299999999999 -0.30635295465896206
v -4.934247 7.806565 -0.0060089546589594534
v -5.0269529999999998 7.810492 -0.36406995465895875
v -4.6111690000000003 8.7404379999999993 -0.19688095465896538
v -4.6468759999999998 8.7419499999999992 -0.33479395465896289
v -4.5160140000000002 9.0326330000000006 -0.29190095465896349
v 6.1322409999999996 -0.0036219999999999998 0.43755604534104009
v 6.1624359999999996 -0.0070140000000000003 0.53282804534103434
v 6.3800590000000001 0.33564100000000002 0.55103704534104025
v 6.3067209999999996 0.34387899999999999 0.31964504534104066
v 6.5950740000000003 0.67490099999999997 0.53625604534104099
v 6.4979820000000004 0.68580700000000006 0.22991304534103563
v 6.8106809999999998 1.0102340000000001 0.49891004534103445
v 6.7026289999999999 1.0223709999999999 0.15798604534104044
v 7.0295259999999997 1.341172 0.44768804534103879
v 6.9178160000000002 1.35372 0.095225045341038594
v 7.2536129999999996 1.6673199999999999 0.38926504534104112
v 7.1413349999999998 1.679932 0.035010045341039131
v 7.3317040000000002 1.7793600000000001 0.3685110453410374
v 7.2194229999999999 1.791973 0.014242045341035237
v 7.7214830000000001 2.2988369999999998 0.26346904534103999
v 7.6092009999999997 2.3114499999999998 -0.090798954658964703
v 8.1286319999999996 2.803525 0.15239604534103535
v 8.0163499999999992 2.816138 -0.20187295465895971
v 8.5526269999999993 3.2927749999999998 0.035434045341034448
v 8.4403450000000007 3.3053880000000002 -0.31883495465896061
v 8.9929220000000001 3.7659570000000002 -0.087266954658964835
v 8.8806410000000007 3.7785700000000002 -0.44153595465895989
v 9.4489529999999995 4.2224640000000004 -0.21554895465896351
v 9.3366710000000008 4.2350760000000003 -0.56981695465896109
v 9.9201309999999996 4.6617050000000004 -0.34924595465896147
v 9.8078489999999992 4.6743180000000004 -0.70351395465895905
v 10.159393 4.8769039999999997 -0.41741595465896353
v 10.047112 4.8895169999999997 -0.77168395465896111
v 10.650516 5.2893819999999998 -0.56407095465895907
v 10.541505000000001 5.301628 -0.90801995465896113
v 11.145422 5.684329 -0.74665995465895918
v 11.059307 5.6940030000000004 -1.018367954658963
v 11.633649999999999 6.0623420000000001 -0.9959539546589653
v 11.609681 6.0650339999999998 -1.0715809546589625
v 11.752274 6.1561029999999999 -1.0718719546589597
v 6.0740160000000003 0.063296000000000005 0.56298204534103746
v 6.044492 0.066613000000000006 0.46749704534104097
v 5.9969970000000004 0.467945 0.41314404534103488
v 6.0733059999999996 0.45937299999999998 0.6599370453410387
v 5.9545490000000001 0.86796600000000002 0.3886610453410384
v 6.0598960000000002 0.85613300000000003 0.72936704534103569
v 5.9146989999999997 1.266912 0.38611304534104107
v 6.0362419999999997 1.2532589999999999 0.77920104534103984
v 5.8753080000000004 1.6649830000000001 0.39857704534103533
v 6.0044870000000001 1.6504719999999999 0.81635704534103581
v 5.8345890000000002 2.0623399999999998 0.42025404534103927
v 5.9664260000000002 2.0475300000000001 0.84663204534103897
v 5.7911549999999998 2.4590990000000001 0.44664304534104105
v 5.9234549999999997 2.4442370000000002 0.87451904534103875
v 5.7713169999999998 2.6343130000000001 0.45885104534103505
v 5.9036229999999996 2.6194500000000001 0.88674804534103657
v 5.5546009999999999 4.0859670000000001 0.57628104534104097
v 5.6869069999999997 4.0711050000000002 1.0041780453410354
v 5.2866949999999999 5.5277070000000004 0.70919404534103592
v 5.4190009999999997 5.5128450000000004 1.1370910453410374
v 4.9679630000000001 6.9575659999999999 0.85741004534104093
v 5.1002700000000001 6.942704 1.2853070453410353
v 4.7959709999999998 7.6691589999999996 0.93530704534104103
v 4.9282769999999996 7.6542969999999997 1.3632040453410355
v 4.5430529999999996 8.6285950000000007 1.0605490453410411
v 4.6676260000000003 8.6146019999999996 1.4634360453410409
v 4.2903289999999998 9.5781369999999999 1.267684045341035
v 4.3607690000000003 9.5702259999999999 1.4954980453410371
v 4.1565709999999996 10.121007000000001 1.4528320453410402
v 6.154547 0.094502000000000003 0.44476104534103911
v 6.1664399999999997 0.093165999999999999 0.54404204534103684
v 6.2428809999999997 0.48646 0.62243004534104074
v 6.2115660000000004 0.48997800000000002 0.36100004534103647
v 6.3173320000000004 0.87988999999999995 0.6716280453410377
v 6.273542 0.88480899999999996 0.30606604534104065
v 6.3906869999999998 1.2733479999999999 0.69911804534103794
v 6.3395809999999999 1.2790889999999999 0.2724790453410364
v 6.4637359999999999 1.666741 0.71150204534103523
v 6.4088900000000004 1.6729020000000001 0.25363504534103498
v 6.5371540000000001 2.0599859999999999 0.71442404534104043
v 6.480791 2.0663179999999999 0.24389104534103723
v 6.6114850000000001 2.453017 0.71243704534104069
v 6.5547380000000004 2.4593919999999998 0.23869404534103467
v 6.6765400000000001 2.7917969999999999 0.70931204534103642
v 6.6197679999999997 2.7981750000000001 0.23535404534104032
v 7.4899199999999997 6.3599079999999999 0.6598930453410361
v 7.4331469999999999 6.3662850000000004 0.18593504534104
v 7.9272640000000001 8.1366409999999991 0.63141304534104137
v 7.8704919999999996 8.1430179999999996 0.15745504534103816
v 8.174004 9.1053820000000005 0.60326804534103928
v 8.1199759999999994 9.1114510000000006 0.15222604534103823
v 8.4216099999999994 10.072652 0.50525604534103508
v 8.3867960000000004 10.076563 0.21461904534103837
v 8.6008630000000004 10.793030999999999 0.3460480453410355
v -6.6360849999999996 -0.0021180000000000001 -1.3297869546589638
v -6.6698459999999997 -0.0009990000000000001 -1.2356639546589605
v -6.5475339999999997 0.36723699999999998 -1.1076899546589658
v -6.4575420000000001 0.364255 -1.3585799546589641
v -6.4136509999999998 0.73426899999999995 -1.0059449546589647
v -6.2867449999999998 0.73006300000000002 -1.3597489546589614
v -6.2705729999999997 1.100163 -0.92381395465896077
v -6.1213220000000002 1.0952170000000001 -1.3399139546589609
v -6.1204179999999999 1.4649779999999999 -0.85541095465896433
v -5.9591669999999999 1.4596340000000001 -1.3049629546589614
v -5.9650150000000002 1.8287629999999999 -0.79564495465896101
v -5.7984600000000004 1.8232440000000001 -1.2599889546589651
v -5.8058759999999996 2.1915580000000001 -0.74032095465896219
v -5.6376970000000002 2.1859839999999999 -1.2091919546589622
v -5.6441340000000002 2.553388 -0.6862969546589639
v -5.4757579999999999 2.5478079999999999 -1.1557149546589613
v -5.6166790000000004 2.6146189999999998 -0.67717695465896099
v -5.4483030000000001 2.6090390000000001 -1.146595954658963
v -4.6250270000000002 4.6566850000000004 -0.34575395465896008
v -4.4566509999999999 4.6511050000000003 -0.81517295465896211
v -3.5727899999999999 6.6644300000000003 0.007808045341036518
v -3.4044129999999999 6.6588500000000002 -0.46161095465896551
v -3.0317229999999999 7.6593390000000001 0.19005804534103987
v -2.8633459999999999 7.653759 -0.27936095465896216
v -2.5452029999999999 8.5195629999999998 0.34310804534104022
v -2.383966 8.5142199999999999 -0.10640595465896041
v -2.0260950000000002 9.3719210000000004 0.44053704534103844
v -1.9148350000000001 9.3682339999999993 0.13035404534103634
v -1.5333639999999999 10.104899 0.43349504534104
v -6.7590760000000003 0.061990999999999997 -1.2640169546589632
v -6.7335909999999997 0.061145999999999999 -1.3607119546589601
v -6.7713429999999999 0.45607700000000001 -1.4504579546589653
v -6.8344550000000002 0.45816800000000002 -1.2109979546589642
v -6.8232720000000002 0.850271 -1.5112739546589609
v -6.907915 0.85307599999999995 -1.1901209546589655
v -6.8867859999999999 1.2435430000000001 -1.552921954658963
v -6.9820130000000002 1.2466980000000001 -1.191615954658964
v -6.9596900000000002 1.635718 -1.5836619546589645
v -7.0589089999999999 1.639006 -1.2072089546589595
v -7.0402389999999997 2.0266389999999999 -1.6100359546589615
v -7.1403100000000004 2.0299550000000002 -1.23034795465896
v -7.0950899999999999 2.2787289999999998 -1.6267559546589609
v -7.1951919999999996 2.2820459999999998 -1.2469529546589655
v -7.3175509999999999 3.1518120000000001 -1.6930149546589632
v -7.4176539999999997 3.1551290000000001 -1.3132099546589586
v -7.5704549999999999 4.0159219999999998 -1.7672169546589629
v -7.6705560000000004 4.0192389999999998 -1.3874139546589603
v -7.8534680000000003 4.8699269999999997 -1.8492679546589628
v -7.9535689999999999 4.8732439999999997 -1.4694639546589627
v -8.1662199999999991 5.7127059999999998 -1.9390579546589635
v -8.2663209999999996 5.7160229999999999 -1.5592549546589609
v -8.5083009999999994 6.5431540000000004 -2.0364709546589594
v -8.6084019999999999 6.5464719999999996 -1.6566669546589594
v -8.8824649999999998 7.3602889999999999 -2.1292249546589588
v -8.9761609999999994 7.3633940000000004 -1.773727954658959
v -9.3042429999999996 8.1635690000000007 -2.1564129546589612
v -9.3530929999999994 8.1651880000000006 -1.9710689546589606
v -9.5353469999999998 8.5618259999999999 -2.12168495465896
v -6.6440900000000003 0.098201999999999998 -1.3468419546589629
v -6.6494869999999997 0.098380999999999996 -1.2469879546589624
v -6.6191630000000004 0.49702000000000002 -1.1661669546589621
v -6.605156 0.496556 -1.4253479546589602
v -6.5867199999999997 0.89556100000000005 -1.1151499546589605
v -6.5673269999999997 0.89491900000000002 -1.4739949546589628
v -6.5525979999999997 1.294019 -1.0858159546589619
v -6.5301660000000004 1.293275 -1.5009029546589616
v -6.5171799999999998 1.692404 -1.071062954658963
v -6.4932879999999997 1.691613 -1.513175954658962
v -6.4807899999999998 2.0907279999999999 -1.0649119546589603
v -6.4563689999999996 2.0899190000000001 -1.516791954658963
v -6.4436799999999996 2.488998 -1.0626809546589584
v -6.4191580000000004 2.4881850000000001 -1.5164329546589599
v -6.423737 2.7011980000000002 -1.0619619546589618
v -6.3992129999999996 2.7003849999999998 -1.5157569546589613
v -5.8483640000000001 7.8956559999999998 -1.040169954658964
v -5.8238399999999997 7.894844 -1.4939649546589635
v -5.7344270000000002 8.8891910000000003 -1.0485449546589649
v -5.7112769999999999 8.8884240000000005 -1.4769089546589598
v -5.6132119999999999 9.8822229999999998 -1.1330429546589613
v -5.5996819999999996 9.8817740000000001 -1.3833859546589622
v -5.5338880000000001 10.490819999999999 -1.25538395465896
v 5.187926 0.0015299999999999999 -2.3692709546589583
v 5.2691030000000003 -0.0087569999999999992 -2.3117859546589585
v 5.448277 0.35269299999999998 -2.3672879546589627
v 5.243131 0.378691 -2.5125609546589658
v 5.60365 0.71636100000000003 -2.4425799546589602
v 5.3247429999999998 0.75170700000000001 -2.6400869546589618
v 5.7427270000000004 1.08128 -2.5323399546589656
v 5.4252469999999997 1.1215139999999999 -2.7571629546589591
v 5.8719539999999997 1.446615 -2.6319939546589595
v 5.5381869999999997 1.4889129999999999 -2.8683499546589601
v 5.9965830000000002 1.8116859999999999 -2.7378159546589629
v 5.6583009999999998 1.854557 -2.9773689546589637
v 6.1201319999999999 2.1751 -2.8468159546589646
v 5.781447 2.2180219999999999 -3.086654954658961
v 6.9072209999999998 4.3214240000000004 -3.5741859546589652
v 6.5685349999999998 4.3643460000000003 -3.8140249546589615
v 7.738613 6.4257400000000002 -4.3716359546589629
v 7.3999280000000001 6.4686620000000001 -4.6114749546589593
v 8.0804489999999998 7.2967620000000002 -4.7247609546589615
v 7.7662940000000003 7.3365749999999998 -4.9472289546589607
v 8.3561490000000003 8.1691929999999999 -5.1419389546589613
v 8.2137030000000006 8.187246 -5.2428119546589613
v 8.4303679999999996 8.5207080000000008 -5.3364699546589591
v 5.2419500000000001 0.055163999999999998 -2.2379939546589611
v 5.1464109999999996 0.067270999999999997 -2.2649339546589644
v 5.0977329999999998 0.46835300000000002 -2.2087719546589639
v 5.3460150000000004 0.436888 -2.138760954658963
v 5.076117 0.86496499999999998 -2.1399019546589599
v 5.4201629999999996 0.82136399999999998 -2.042886954658961
v 5.0738409999999998 1.258027 -2.0605119546589634
v 5.4721089999999997 1.207554 -1.9482079546589617
v 5.0841430000000001 1.648333 -1.972520954658961
v 5.5086069999999996 1.594541 -1.8528289546589605
v 5.1013200000000003 2.0365479999999998 -1.87754995465896
v 5.5353519999999996 1.9815430000000001 -1.7551609546589617
v 5.1208960000000001 2.4231769999999999 -1.7768749546589646
v 5.5568140000000001 2.367934 -1.653954954658964
v 5.1319039999999996 2.639132 -1.7189469546589606
v 5.567869 2.583882 -1.5960129546589599
v 5.177047 3.7534909999999999 -1.3782209546589641
v 5.6130129999999996 3.6982409999999999 -1.2552859546589588
v 5.2098120000000003 4.8557870000000003 -0.99901295465896567
v 5.6457769999999998 4.8005370000000003 -0.87607795465896032
v 5.2301539999999997 5.9445779999999999 -0.58182095465896566
v 5.6661190000000001 5.8893279999999999 -0.45888595465896032
v 5.2380469999999999 7.0184389999999999 -0.12718995465895944
v 5.6740120000000003 6.9631879999999997 -0.0042559546589586716
v 5.2388779999999997 7.5513719999999998 0.10937504534103937
v 5.6748430000000001 7.4961219999999997 0.23230904534104013
v 5.2432100000000004 8.4513909999999992 0.54538804534103491
v 5.6550409999999998 8.3991989999999994 0.66151704534103573
v 5.310791 9.3289159999999995 1.0282950453410393
v 5.5536830000000004 9.2981350000000003 1.096786045341041
v 5.4181429999999997 9.8622029999999992 1.3591140453410375
v 5.2124090000000001 0.099226999999999996 -2.3703259546589592
v 5.2827219999999997 0.090315999999999994 -2.2997789546589615
v 5.4048910000000001 0.47730600000000001 -2.2614569546589607
v 5.2242569999999997 0.50019800000000003 -2.4426929546589591
v 5.5078860000000001 0.86652600000000002 -2.2466989546589602
v 5.259544 0.89799799999999996 -2.4958659546589601
v 5.5977209999999999 1.2571909999999999 -2.2494629546589593
v 5.3122480000000003 1.293369 -2.5358839546589635
v 5.6796220000000002 1.6486149999999999 -2.2644999546589588
v 5.3771339999999999 1.686949 -2.5679939546589594
v 5.7579359999999999 2.040222 -2.2874439546589613
v 5.449846 2.0792670000000002 -2.5965579546589623
v 5.8359819999999996 2.4315690000000001 -2.3149569546589603
v 5.527056 2.4707189999999999 -2.6249109546589651
v 5.860722 2.5551720000000002 -2.3239969546589592
v 5.5517909999999997 2.5943230000000002 -2.6339559546589584
v 6.2276490000000004 4.1912570000000002 -2.4830539546589634
v 5.9187180000000001 4.2304069999999996 -2.7930139546589601
v 6.6314419999999998 5.814425 -2.6804859546589626
v 6.3225110000000004 5.8535760000000003 -2.9904449546589618
v 7.0716739999999998 7.4229640000000003 -2.9160839546589585
v 6.7627430000000004 7.4621149999999998 -3.2260429546589648
v 7.3361919999999996 8.3735890000000008 -3.0789629546589623
v 7.0464190000000002 8.4103110000000001 -3.3696999546589623
v 7.5558480000000001 9.3255060000000007 -3.312839954658962
v 7.4001869999999998 9.3452339999999996 -3.4690189546589636
v 7.6324079999999999 9.8302320000000005 -3.4823019546589649
v -5.9288220000000003 0.000242 -3.7641839546589608
v -5.8354330000000001 -0.00054199999999999995 -3.7284379546589648
v -5.7190810000000001 0.37797999999999998 -3.8205189546589651
v -5.9483959999999998 0.37990600000000002 -3.9082949546589631
v -5.6301110000000003 0.75447200000000003 -3.9301339546589631
v -5.9359149999999996 0.75704099999999996 -4.0471869546589616
v -5.5587689999999998 1.128736 -4.0535049546589619
v -5.90116 1.1316120000000001 -4.1845629546589649
v -5.4968620000000001 1.5005900000000001 -4.187449954658959
v -5.8523579999999997 1.503576 -4.3235239546589597
v -5.437989 1.8698669999999999 -4.3294719546589633
v -5.7959430000000003 1.8728739999999999 -4.4664869546589614
v -5.4079379999999997 2.0577190000000001 -4.4037839546589623
v -5.7659409999999998 2.0607259999999998 -4.5408179546589622
v -5.2810499999999996 2.7835179999999999 -4.7193519546589613
v -5.6390539999999998 2.7865250000000001 -4.8563859546589612
v -5.1452689999999999 3.497004 -5.0584249546589604
v -5.5032730000000001 3.5000110000000002 -5.1954589546589602
v -5.0007599999999996 4.1973060000000002 -5.4205889546589603
v -5.3587629999999997 4.2003130000000004 -5.5576229546589602
v -4.8476980000000003 4.8835699999999997 -5.805404954658961
v -5.2057019999999996 4.8865769999999999 -5.9424389546589609
v -4.6862719999999998 5.5549590000000002 -6.2124009546589605
v -5.0442749999999998 5.5579660000000004 -6.3494339546589629
v -4.603504 5.8867820000000002 -6.4213519546589595
v -4.9615070000000001 5.8897890000000004 -6.5583859546589593
v -4.4385089999999998 6.5344040000000003 -6.8639759546589616
v -4.7792969999999997 6.5372659999999998 -6.9944209546589633
v -4.3173009999999996 7.1655749999999996 -7.3472579546589643
v -4.5375899999999998 7.1674259999999999 -7.4315789546589599
v -4.2870429999999997 7.6296229999999996 -7.7460599546589606
v -5.8666780000000003 0.059721999999999997 -3.6369819546589639
v -5.9621269999999997 0.060524000000000001 -3.6667959546589657
v -6.0530520000000001 0.45482 -3.62109395465896
v -5.811903 0.45279399999999997 -3.5457719546589601
v -6.1150799999999998 0.84848400000000002 -3.5641649546589633
v -5.7872849999999998 0.84573100000000001 -3.4617779546589631
v -6.1570520000000002 1.2415799999999999 -3.4987709546589656
v -5.7839809999999998 1.2384470000000001 -3.3822429546589632
v -6.1865579999999998 1.634161 -3.4272869546589604
v -5.7943990000000003 1.6308670000000001 -3.3047959546589638
v -6.2097860000000003 2.0262660000000001 -3.3516449546589655
v -5.8123519999999997 2.0229279999999998 -3.2275069546589634
v -6.2310759999999998 2.4150140000000002 -3.2738539546589607
v -5.8331739999999996 2.4116719999999998 -3.1495699546589648
v -6.3806469999999997 4.7452750000000004 -2.7323299546589652
v -5.9827440000000003 4.7419320000000003 -2.6080449546589648
v -6.5525149999999996 7.0563719999999996 -2.1199369546589608
v -6.1546120000000002 7.0530299999999997 -1.995652954658965
v -6.6136280000000003 8.0167750000000009 -1.8476869546589612
v -6.2446169999999999 8.0136760000000002 -1.7324259546589644
v -6.5919169999999996 8.9726510000000008 -1.5361529546589594
v -6.4251399999999999 8.9712499999999995 -1.4840609546589647
v -6.5406589999999998 9.3511769999999999 -1.3970409546589622
v -5.899667 0.10000100000000001 -3.7703239546589629
v -5.8284539999999998 0.099403000000000005 -3.700121954658961
v -5.7503149999999996 0.498087 -3.6589769546589608
v -5.9385240000000001 0.499668 -3.8445129546589598
v -5.6912669999999999 0.89679399999999998 -3.639831954658959
v -5.9551129999999999 0.89900999999999998 -3.8999299546589583
v -5.6460549999999996 1.2954650000000001 -3.637502954658963
v -5.9546900000000003 1.2980579999999999 -3.9417539546589637
v -5.6100250000000003 1.694051 -3.6474039546589623
v -5.9419079999999997 1.696839 -3.9745739546589647
v -5.5791890000000004 2.0925029999999998 -3.6655999546589584
v -5.9207599999999996 2.0953719999999998 -4.0023199546589581
v -5.5503070000000001 2.4907819999999998 -3.6888959546589604
v -5.8944850000000004 2.4936739999999999 -4.0281869546589633
v -5.5225140000000001 2.869694 -3.7136479546589598
v -5.8669060000000002 2.8725869999999998 -4.0531479546589608
v -5.3118230000000004 5.0756870000000003 -3.9085769546589617
v -5.6562150000000004 5.0785799999999997 -4.2480779546589602
v -5.0524180000000003 7.2715360000000002 -4.153008954658965
v -5.3968100000000003 7.2744289999999996 -4.4925099546589635
v -4.9105829999999999 8.3665149999999997 -4.2875569546589603
v -5.254975 8.369408 -4.6270569546589613
v -4.7812979999999996 9.3484239999999996 -4.4263569546589636
v -5.1096729999999999 9.3511830000000007 -4.7500689546589641
v -4.6903110000000003 10.32795 -4.6224409546589627
v -4.9065690000000002 10.329765999999999 -4.8356279546589604
v -4.6777090000000001 11.091433 -4.8450069546589631
v -3.5707040000000001 0.00069200000000000002 -4.2989439546589594
v -3.5006699999999999 6.9999999999999999E-06 -4.3703229546589597
v -3.5266109999999999 0.381185 -4.514433954658962
v -3.7116199999999999 0.38299499999999997 -4.3258749546589641
v -3.574306 0.76194300000000004 -4.6391729546589602
v -3.8335849999999998 0.76448000000000005 -4.3749179546589616
v -3.6385719999999999 1.1422209999999999 -4.7498169546589608
v -3.9417789999999999 1.145187 -4.4407899546589604
v -3.7148189999999999 1.5219640000000001 -4.8510379546589633
v -4.0407869999999999 1.525153 -4.5188149546589642
v -3.799115 1.9011229999999999 -4.9468409546589598
v -4.1345359999999998 1.904404 -4.6049829546589649
v -3.8882669999999999 2.2796569999999998 -5.0404759546589588
v -4.2262149999999998 2.2829630000000001 -4.6960419546589591
v -3.9744600000000001 2.6351979999999999 -5.1286589546589596
v -4.3126100000000003 2.638506 -4.7840189546589613
v -4.6776109999999997 5.2241429999999998 -5.8434179546589604
v -5.0157610000000004 5.2274510000000003 -5.4987789546589596
v -5.4463840000000001 7.7756959999999999 -6.6222029546589596
v -5.7845339999999998 7.7790039999999996 -6.2775649546589634
v -5.7396180000000001 8.6896769999999997 -6.9028819546589659
v -6.0619649999999998 8.6928300000000007 -6.5743479546589612
v -6.0886370000000003 9.5988319999999998 -7.1434189546589622
v -6.3003739999999997 9.6009039999999999 -6.9276189546589606
v -6.4275469999999997 10.301973 -7.2709099546589613
v -3.4290850000000002 0.059309000000000001 -4.2923009546589626
v -3.5067270000000001 0.060068999999999997 -4.229282954658963
v -3.5198140000000002 0.45446199999999998 -4.1284719546589628
v -3.3230919999999999 0.452538 -4.2881399546589591
v -3.5057269999999998 0.84767300000000001 -4.0430919546589621
v -3.237803 0.84505200000000003 -4.2605509546589602
v -3.4715720000000001 1.2397020000000001 -3.9673909546589599
v -3.1661260000000002 1.2367140000000001 -4.2153059546589589
v -3.4234659999999999 1.6305419999999999 -3.8964239546589639
v -3.101963 1.627397 -4.1573709546589583
v -3.3664149999999999 2.0201760000000002 -3.8261449546589645
v -3.0403289999999998 2.0169869999999999 -4.0908129546589649
v -3.3010890000000002 2.42625 -3.7500959546589598
v -2.9745539999999999 2.4230559999999999 -4.0151269546589603
v -3.1097079999999999 3.4600089999999999 -3.5267609546589611
v -2.7831730000000001 3.4568150000000002 -3.791792954658959
v -2.8956200000000001 4.4828029999999996 -3.2753189546589638
v -2.5690849999999998 4.479609 -3.5403509546589618
v -2.6590910000000001 5.4933680000000003 -2.9960789546589623
v -2.3325550000000002 5.4901730000000004 -3.2611109546589603
v -2.4004110000000001 6.4904570000000001 -2.6893869546589642
v -2.0738750000000001 6.4872629999999996 -2.9544189546589621
v -2.2655919999999998 6.9854010000000004 -2.5292469546589587
v -1.939057 6.9822069999999998 -2.7942789546589637
v -1.9844090000000001 7.893078 -2.2173489546589593
v -1.6809639999999999 7.89011 -2.4636399546589587
v -1.6154839999999999 8.7858859999999996 -1.9387399546589634
v -1.4736659999999999 8.7844979999999993 -2.0538459546589607
v -1.4208730000000001 9.1563510000000008 -1.8483579546589652
v -3.569423 0.100684 -4.3061849546589599
v -3.4924529999999998 0.099931000000000006 -4.3700199546589644
v -3.445808 0.49868699999999999 -4.4384479546589617
v -3.6406700000000001 0.50059299999999995 -4.2768399546589606
v -3.4257599999999999 0.89739599999999997 -4.4906019546589633
v -3.6910050000000001 0.89999099999999999 -4.2706209546589591
v -3.425246 1.295938 -4.5323339546589594
v -3.7274910000000001 1.2988949999999999 -4.281667954658964
v -3.4381879999999998 1.694205 -4.5686809546589586
v -3.7562000000000002 1.6973149999999999 -4.3049379546589606
v -3.4596200000000001 2.092098 -4.6037549546589602
v -3.782092 2.0952519999999999 -4.3363129546589647
v -3.4867979999999998 2.5016050000000001 -4.641787954658966
v -3.8096950000000001 2.5047640000000002 -4.3739939546589639
v -3.5926469999999999 3.6946490000000001 -4.7834889546589636
v -3.9155440000000001 3.6978070000000001 -4.5156949546589615
v -3.724075 4.8810799999999999 -4.955953954658959
v -4.0469720000000002 4.884239 -4.6881599546589641
v -3.8809339999999999 6.0595569999999999 -5.158988954658966
v -4.2038310000000001 6.062716 -4.8911949546589639
v -4.0630449999999998 7.2287489999999996 -5.3923639546589612
v -4.385942 7.2319069999999996 -5.1245699546589591
v -4.2427739999999998 8.191058 -5.5970139546589621
v -4.5426650000000004 8.1939919999999997 -5.3482999546589625
v -4.5086219999999999 9.1460790000000003 -5.7649499546589595
v -4.6474710000000004 9.1474379999999993 -5.6497959546589627
v -4.6573200000000003 9.5386199999999999 -5.8075809546589596
v -2.1631369999999999 0.010427000000000001 -4.1695319546589644
v -2.1296810000000002 0.0049020000000000001 -4.263606954658961
v -2.1460300000000001 0.396899 -4.3709929546589592
v -2.2289300000000001 0.41058899999999998 -4.1378789546589587
v -2.1778590000000002 0.78993100000000005 -4.450394954658961
v -2.2890860000000002 0.80829899999999999 -4.13762795465896
v -2.2217899999999999 1.1833739999999999 -4.511283954658964
v -2.3469660000000001 1.2040459999999999 -4.1592929546589659
v -2.2749600000000001 1.5766869999999999 -4.5616809546589607
v -2.4054160000000002 1.598231 -4.1948389546589624
v -2.3350960000000001 1.96943 -4.6079379546589649
v -2.466691 1.9911620000000001 -4.2378989546589594
v -2.377008 2.226753 -4.6380219546589601
v -2.5086439999999999 2.248491 -4.2678639546589636
v -2.5684330000000002 3.2058740000000001 -4.7635989546589599
v -2.7000690000000001 3.2276129999999998 -4.3934409546589634
v -2.7904110000000002 4.1771240000000001 -4.8995799546589609
v -2.9220470000000001 4.1988630000000002 -4.5294219546589645
v -3.0427010000000001 5.1394419999999998 -5.0458149546589652
v -3.1743380000000001 5.1611799999999999 -4.6756569546589617
v -3.325027 6.0917779999999997 -5.2021449546589622
v -3.456664 6.1135169999999999 -4.8319879546589632
v -3.4736419999999999 6.5652559999999998 -5.2828029546589619
v -3.6052789999999999 6.5869939999999998 -4.9126449546589583
v -3.80416 7.4965330000000003 -5.4369769546589595
v -3.9244300000000001 7.5163950000000002 -5.0987829546589651
v -4.197667 8.4210290000000008 -5.5048039546589607
v -4.2383680000000004 8.4277510000000007 -5.3903539546589627
v -4.3128229999999999 8.6643950000000007 -5.4953889546589636
v -2.0214620000000001 0.047842999999999997 -4.2115659546589654
v -2.0784319999999998 0.057251000000000003 -4.1299219546589612
v -2.007565 0.44609500000000002 -4.0321449546589605
v -1.863955 0.422379 -4.2379549546589601
v -1.91509 0.83053500000000002 -3.9567679546589645
v -1.7201759999999999 0.798346 -4.2361019546589631
v -1.8063549999999999 1.2113879999999999 -3.8961569546589629
v -1.584813 1.1748019999999999 -4.2136529546589614
v -1.6859519999999999 1.589348 -3.8437689546589624
v -1.4533149999999999 1.5509299999999999 -4.1771649546589629
v -1.557615 1.9649650000000001 -3.7942899546589643
v -1.32199 1.926053 -4.1319669546589637
v -1.4307030000000001 2.320595 -3.7464509546589611
v -1.1948350000000001 2.2816429999999999 -4.0844769546589603
v -1.0508420000000001 3.2962389999999999 -3.5938179546589595
v -0.81497399999999998 3.2572869999999998 -3.9318439546589588
v -0.64469100000000001 4.2578649999999998 -3.4212249546589604
v -0.40882299999999999 4.2189139999999998 -3.7592509546589596
v -0.21271699999999999 5.2043699999999999 -3.2288689546589637
v 0.023151000000000001 5.1654179999999998 -3.566894954658963
v 0.244584 6.134665 -3.0169739546589653
v 0.48045199999999999 6.0957129999999999 -3.3549999546589646
v 0.47946800000000001 6.5955589999999997 -2.9061859546589659
v 0.715337 6.5566069999999996 -3.2442119546589652
v 0.954129 7.4494490000000004 -2.6921659546589609
v 1.1725140000000001 7.4133839999999998 -3.0051379546589629
v 1.5026820000000001 8.2779209999999992 -2.5364139546589612
v 1.5986910000000001 8.2620660000000008 -2.6740049546589617
v 1.7392430000000001 8.5866539999999993 -2.5101279546589623
v -2.1525280000000002 0.110029 -4.1880209546589597
v -2.0951460000000002 0.100553 -4.2693689546589582
v -2.0065430000000002 0.49052200000000001 -4.3463929546589597
v -2.1517719999999998 0.51450600000000002 -4.1405089546589622
v -1.939265 0.88370199999999999 -4.4008819546589635
v -2.136911 0.91634199999999999 -4.1206889546589593
v -1.8880429999999999 1.2791729999999999 -4.4403089546589598
v -2.1132200000000001 1.3163590000000001 -4.121085954658966
v -1.8483480000000001 1.676137 -4.471098954658963
v -2.0852400000000002 1.7152579999999999 -4.1352689546589616
v -1.8164819999999999 2.0739339999999999 -4.4984979546589585
v -2.0566770000000001 2.1135999999999999 -4.1579859546589617
v -1.789166 2.4820259999999998 -4.5271019546589599
v -2.0296729999999998 2.5217429999999998 -4.1861479546589635
v -1.74231 3.6813829999999998 -4.6337629546589625
v -1.9828159999999999 3.7210999999999999 -4.2928079546589615
v -1.728472 4.8792949999999999 -4.7635459546589658
v -1.968979 4.9190129999999996 -4.4225919546589623
v -1.7476700000000001 6.0744199999999999 -4.9163079546589614
v -1.9881770000000001 6.1141379999999996 -4.575353954658965
v -1.7998799999999999 7.2654189999999996 -5.0918759546589598
v -2.040387 7.3051370000000002 -4.7509219546589634
v -1.8745000000000001 8.2515350000000005 -5.240979954658961
v -2.0978249999999998 8.2884159999999998 -4.9243839546589641
v -2.0233150000000002 9.2417210000000001 -5.3324689546589639
v -2.1263649999999998 9.2587390000000003 -5.1863799546589604
v -2.1149979999999999 9.6513010000000001 -5.3344719546589658
v 0.24876599999999999 -0.006999 -4.8488909546589625
v 0.14979100000000001 0.0072059999999999997 -4.8503499546589595
v 0.13122500000000001 0.39818999999999999 -4.7407309546589644
v 0.37335099999999999 0.36343999999999999 -4.7371629546589631
v 0.14402699999999999 0.78347900000000004 -4.6266239546589603
v 0.466117 0.73725200000000002 -4.621877954658963
v 0.17768600000000001 1.164539 -4.5081959546589587
v 0.53756199999999998 1.112889 -4.5028929546589609
v 0.22339000000000001 1.542591 -4.3855899546589612
v 0.59648699999999999 1.4890429999999999 -4.3800929546589629
v 0.27429599999999998 1.9185760000000001 -4.2589209546589615
v 0.64972399999999997 1.8646940000000001 -4.2533889546589592
v 0.29782500000000001 2.0886200000000001 -4.2006929546589618
v 0.67328900000000003 2.0347330000000001 -4.1951609546589594
v 0.457235 3.2443610000000001 -3.7619839546589589
v 0.83269899999999997 3.190474 -3.7564519546589636
v 0.61397400000000002 4.3853799999999996 -3.285410954658964
v 0.98943800000000004 4.331493 -3.2798799546589592
v 0.767876 5.5104610000000003 -2.7714849546589591
v 1.14334 5.4565739999999998 -2.7659529546589638
v 0.844086 6.068791 -2.5052849546589613
v 1.2195499999999999 6.0149039999999996 -2.499752954658959
v 0.98248599999999997 6.9507370000000002 -2.0543389546589594
v 1.3217719999999999 6.9020419999999998 -2.0493399546589615
v 1.2273609999999999 7.805161 -1.5785619546589658
v 1.3134049999999999 7.7928110000000004 -1.5772939546589626
v 1.29175 7.9567579999999998 -1.4912649546589591
v 0.14833199999999999 0.068029999999999993 -4.9357019546589598
v 0.24424499999999999 0.054265000000000001 -4.9604239546589639
v 0.359267 0.43584099999999998 -5.0465979546589637
v 0.111622 0.471383 -4.9827679546589607
v 0.444384 0.82101299999999999 -5.1290519546589621
v 0.102743 0.87004599999999999 -5.0409939546589584
v 0.50760000000000005 1.2085939999999999 -5.20984295465896
v 0.113681 1.2651300000000001 -5.1083109546589611
v 0.55589699999999997 1.597545 -5.290764954658961
v 0.13745099999999999 1.6576010000000001 -5.1829109546589649
v 0.59511199999999997 1.98699 -5.3733149546589658
v 0.16820499999999999 2.04826 -5.2632799546589624
v 0.62976399999999999 2.376242 -5.4586509546589639
v 0.20141999999999999 2.437719 -5.3482459546589638
v 0.64384300000000005 2.5396770000000002 -5.4950749546589606
v 0.21548 2.601156 -5.3846649546589589
v 0.75244200000000006 3.956223 -5.862509954658961
v 0.32407900000000001 4.017703 -5.7520999546589593
v 0.84663699999999997 5.3602179999999997 -6.278841954658958
v 0.41827399999999998 5.421697 -6.1684319546589634
v 0.92630699999999999 6.7498630000000004 -6.743538954658959
v 0.497944 6.8113419999999998 -6.6331289546589645
v 0.96249099999999999 7.4407639999999997 -6.9878689546589641
v 0.53412800000000005 7.5022440000000001 -6.8774599546589599
v 0.99235200000000001 8.3764470000000006 -7.3396929546589647
v 0.589283 8.4342970000000008 -7.2358029546589648
v 0.93950100000000003 9.3146959999999996 -7.6938309546589636
v 0.71348599999999995 9.3471349999999997 -7.6355769546589585
v 0.84454899999999999 9.8538309999999996 -7.8858289546589617
v 0.26559199999999999 0.091610999999999998 -4.8516019546589604
v 0.166681 0.105807 -4.8477029546589634
v 0.15384100000000001 0.51083800000000001 -4.8181069546589583
v 0.39389999999999997 0.47638399999999997 -4.8275689546589646
v 0.17293500000000001 0.91084100000000001 -4.783871954658963
v 0.49060399999999998 0.86524900000000005 -4.79639395465896
v 0.21312500000000001 1.3072839999999999 -4.7445799546589598
v 0.56651600000000002 1.256564 -4.7585099546589618
v 0.26538400000000001 1.7013739999999999 -4.699881954658963
v 0.63063999999999998 1.648952 -4.7142809546589604
v 0.322793 2.094017 -4.6495179546589611
v 0.68986700000000001 2.041334 -4.663987954658964
v 0.34233599999999997 2.2254170000000002 -4.6320009546589631
v 0.709422 2.1727319999999999 -4.646470954658966
v 0.48127700000000001 3.1504270000000001 -4.4751729546589587
v 0.84836299999999998 3.0977420000000002 -4.4896429546589616
v 0.62061599999999995 4.0692440000000003 -4.2856969546589596
v 0.98770199999999997 4.0165600000000001 -4.3001669546589625
v 0.76018300000000005 4.9807420000000002 -4.0638049546589627
v 1.1272690000000001 4.9280569999999999 -4.0782749546589656
v 0.89980499999999997 5.8837999999999999 -3.8097689546589635
v 1.266891 5.8311149999999996 -3.8242389546589592
v 0.96959799999999996 6.3330120000000001 -3.6747729546589625
v 1.336684 6.2803259999999996 -3.6892429546589653
v 1.125097 7.219023 -3.3737539546589659
v 1.4599549999999999 7.1709630000000004 -3.3869539546589635
v 1.376903 8.0799690000000002 -3.0452569546589601
v 1.486173 8.0642870000000002 -3.0495639546589643
v 1.466262 8.2906700000000004 -2.9622339546589629
v 1.2347049999999999 0.0099710000000000007 -3.424855954658959
v 1.3249519999999999 -0.00381 -3.465666954658964
v 1.3961380000000001 0.36929800000000002 -3.610153954658962
v 1.1763110000000001 0.40286699999999998 -3.5107449546589606
v 1.4355260000000001 0.74506600000000001 -3.7473689546589597
v 1.1439330000000001 0.78959400000000002 -3.6155069546589615
v 1.4528559999999999 1.1218980000000001 -3.8816839546589605
v 1.127829 1.1715310000000001 -3.7347009546589618
v 1.4562649999999999 1.498445 -4.0167409546589639
v 1.1198619999999999 1.5498149999999999 -3.8646149546589612
v 1.4520249999999999 1.8736429999999999 -4.1553409546589606
v 1.113761 1.925297 -4.0023729546589593
v 1.4495910000000001 2.0190790000000001 -4.2098609546589643
v 1.111307 2.0707360000000001 -4.0568839546589643
v 1.4226110000000001 2.815658 -4.5385109546589604
v 1.084328 2.8673160000000002 -4.3855339546589605
v 1.3822509999999999 3.60059 -4.8928149546589594
v 1.043968 3.652247 -4.7398379546589595
v 1.3285640000000001 4.3728449999999999 -5.2723099546589651
v 0.99028099999999997 4.4245029999999996 -5.1193319546589606
v 1.26162 5.1314140000000004 -5.6764979546589629
v 0.92333699999999996 5.1830720000000001 -5.523520954658963
v 1.1815070000000001 5.875305 -6.1048519546589617
v 0.84322399999999997 5.9269619999999996 -5.9518739546589643
v 1.077504 6.6051950000000001 -6.5519139546589642
v 0.76087099999999996 6.6535460000000004 -6.4087269546589596
v 0.89560799999999996 7.3283969999999998 -6.9926169546589634
v 0.73052600000000001 7.3536060000000001 -6.9179639546589584
v 0.75679700000000005 7.6924910000000004 -7.1984129546589628
v 1.375589 0.049153000000000002 -3.3779279546589649
v 1.2876190000000001 0.062586000000000003 -3.3323119546589623
v 1.3149740000000001 0.45687699999999998 -3.2374749546589641
v 1.529909 0.42405599999999999 -3.3489289546589589
v 1.371129 0.84647499999999998 -3.1557639546589655
v 1.6568099999999999 0.80285099999999998 -3.303902954658966
v 1.4467000000000001 1.232807 -3.0823129546589598
v 1.7656750000000001 1.1840980000000001 -3.2477159546589647
v 1.5338290000000001 1.617065 -3.0130489546589629
v 1.8643590000000001 1.5665910000000001 -3.1844439546589598
v 1.626425 2.0001720000000001 -2.944814954658959
v 1.9589490000000001 1.9493940000000001 -3.1172449546589647
v 1.667176 2.166366 -2.9151339546589625
v 1.999728 2.1155840000000001 -3.0875779546589612
v 2.3831259999999999 4.9161289999999997 -2.3442129546589641
v 2.7156790000000002 4.8653459999999997 -2.5166579546589603
v 2.7498969999999998 6.284637 -2.0399159546589658
v 3.0824479999999999 6.2338550000000001 -2.2123599546589645
v 3.0233400000000001 7.223382 -1.8293799546589611
v 3.3235130000000002 7.1775450000000003 -1.9850339546589595
v 3.398053 8.1440330000000003 -1.6602969546589605
v 3.4715639999999999 8.1328080000000007 -1.6984159546589623
v 3.4803269999999999 8.3012169999999994 -1.639515954658961
v 1.2461420000000001 0.109384 -3.3880169546589656
v 1.3036300000000001 0.100605 -3.4693679546589635
v 1.3865240000000001 0.49174400000000001 -3.5456929546589606
v 1.2423329999999999 0.51376200000000005 -3.341649954658962
v 1.4475640000000001 0.88587499999999997 -3.5994539546589621
v 1.2525230000000001 0.915659 -3.3234549546589633
v 1.492245 1.2821020000000001 -3.6384309546589648
v 1.271207 1.3158559999999999 -3.3256439546589647
v 1.5252619999999999 1.679648 -3.6692699546589651
v 1.2936810000000001 1.715012 -3.3415639546589659
v 1.550403 2.077877 -3.6973339546589585
v 1.316149 2.113648 -3.3658479546589604
v 1.568079 2.4213040000000001 -3.7220929546589616
v 1.3336479999999999 2.457103 -3.3903549546589602
v 1.5939570000000001 3.5884490000000002 -3.8297549546589593
v 1.359526 3.6242480000000001 -3.498016954658965
v 1.5858760000000001 4.7534179999999999 -3.9611799546589594
v 1.351445 4.7892169999999998 -3.6294419546589651
v 1.5438460000000001 5.9147489999999996 -4.1162039546589639
v 1.309415 5.9505480000000004 -3.784464954658965
v 1.467919 7.070989 -4.2946319546589606
v 1.2334879999999999 7.1067869999999997 -3.9628929546589617
v 1.3694660000000001 8.0539210000000008 -4.4508349546589585
v 1.1532199999999999 8.0869429999999998 -4.1448299546589595
v 1.19194 9.0396079999999994 -4.5465619546589622
v 1.102989 9.053191 -4.4206889546589636
v 1.105297 9.3821530000000006 -4.549656954658964
v 4.5122949999999999 -0.00038400000000000001 -3.6299819546589589
v 4.4304009999999998 0.002173 -3.6873139546589613
v 4.2776149999999999 0.37018800000000002 -3.597313954658965
v 4.4953469999999998 0.36338900000000002 -3.4448859546589645
v 4.1466710000000004 0.73617200000000005 -3.4884729546589597
v 4.4531660000000004 0.72660100000000005 -3.2739049546589598
v 4.0317309999999997 1.100285 -3.3648919546589582
v 4.3916029999999999 1.0890470000000001 -3.1129559546589647
v 3.9276080000000002 1.4626669999999999 -3.2302149546589618
v 4.3158560000000001 1.4505429999999999 -2.9584129546589608
v 3.8298290000000001 1.823434 -3.0875839546589603
v 4.2304079999999997 1.8109249999999999 -2.8071499546589607
v 3.7347260000000002 2.1826780000000001 -2.9395839546589642
v 4.138941 2.1700550000000001 -2.6566039546589622
v 3.6395770000000001 2.5404610000000001 -2.7881319546589651
v 4.0441859999999998 2.5278260000000001 -2.5048759546589636
v 3.6298539999999999 2.577016 -2.772613954658965
v 4.0344629999999997 2.564381 -2.4893569546589589
v 3.1425260000000002 4.2372269999999999 -2.0024459546589597
v 3.5471349999999999 4.2245920000000003 -1.7191909546589628
v 2.6189450000000001 5.8619729999999999 -1.1820759546589628
v 3.0235539999999999 5.8493380000000004 -0.89881995465896125
v 2.0598529999999999 7.4489479999999997 -0.31266695465896532
v 2.4644620000000002 7.4363130000000002 -0.029410954658963817
v 1.763741 8.2755899999999993 0.1659730453410404
v 2.150703 8.2635070000000006 0.43687504534103994
v 1.5109589999999999 9.0892400000000002 0.69490004534103633
v 1.7743910000000001 9.0810150000000007 0.87932104534103672
v 1.371461 9.7627070000000007 1.2047430453410399
v 4.5024730000000002 0.059951999999999998 -3.7703229546589654
v 4.572546 0.057764000000000003 -3.699013954658966
v 4.6952059999999998 0.447301 -3.6916189546589635
v 4.5092319999999999 0.45310899999999998 -3.8808749546589638
v 4.8008680000000004 0.83649300000000004 -3.7079629546589601
v 4.5393990000000004 0.84465800000000002 -3.9740459546589619
v 4.8945749999999997 1.2251300000000001 -3.7428979546589645
v 4.5879130000000004 1.2347060000000001 -4.0549709546589625
v 4.9808000000000003 1.613019 -3.7918529546589639
v 4.6502800000000004 1.6233409999999999 -4.1282039546589644
v 5.0633929999999996 1.9999899999999999 -3.8508929546589599
v 4.7226330000000001 2.0106310000000001 -4.1976649546589613
v 5.1455039999999999 2.3858899999999998 -3.9167919546589616
v 4.8018000000000001 2.3966240000000001 -4.266559954658959
v 5.2344030000000004 2.7924099999999998 -3.9913799546589601
v 4.8904040000000002 2.8031519999999999 -4.3414469546589629
v 5.5285760000000002 3.9855749999999999 -4.2438399546589594
v 5.1845780000000001 3.9963169999999999 -4.5939069546589621
v 5.8531639999999996 5.163958 -4.5266399546589611
v 5.5091659999999996 5.1746999999999996 -4.8767079546589613
v 6.2077400000000003 6.3260120000000004 -4.8394099546589615
v 5.8637420000000002 6.336754 -5.1894769546589643
v 6.5918390000000002 7.4702130000000002 -5.1817379546589635
v 6.2478410000000002 7.4809559999999999 -5.5318049546589592
v 6.7911760000000001 8.0375689999999995 -5.3602089546589582
v 6.4471780000000001 8.048311 -5.710275954658961
v 7.1196120000000001 8.9296059999999997 -5.6708819546589595
v 6.7909090000000001 8.9398710000000001 -6.0053849546589646
v 7.4201899999999998 9.8096619999999994 -6.0463709546589612
v 7.1985469999999996 9.8165840000000006 -6.2719239546589591
v 7.6127330000000004 10.526287 -6.43536695465896
v 4.5018029999999998 0.099991999999999998 -3.6289169546589619
v 4.4324570000000003 0.102158 -3.7009339546589644
v 4.3713470000000001 0.50360400000000005 -3.7443029546589628
v 4.5548419999999998 0.49787300000000001 -3.5537399546589654
v 4.3289 0.90434700000000001 -3.7654219546589616
v 4.5863480000000001 0.89630799999999999 -3.4980549546589614
v 4.3000299999999996 1.304538 -3.7695709546589597
v 4.6014080000000002 1.2951269999999999 -3.4565829546589626
v 4.2802340000000001 1.7043060000000001 -3.7614299546589649
v 4.6045259999999999 1.69418 -3.4246439546589613
v 4.2656450000000001 2.1037629999999998 -3.7450129546589608
v 4.5995679999999997 2.0933359999999999 -3.3982259546589617
v 4.2531160000000003 2.5029970000000001 -3.7235909546589596
v 4.589683 2.4924870000000001 -3.3740589546589632
v 4.2406189999999997 2.8947259999999999 -3.7000079546589646
v 4.5774150000000002 2.8842089999999998 -3.3502379546589651
v 4.0827489999999997 5.6729289999999999 -3.4644559546589591
v 4.4195450000000003 5.6624119999999998 -3.1146849546589621
v 3.8552680000000001 8.4398269999999993 -3.1622139546589594
v 4.1920630000000001 8.4293099999999992 -2.8124439546589599
v 3.7726389999999999 9.4286279999999998 -3.0374359546589602
v 4.0939699999999997 9.4185929999999995 -2.7037249546589592
v 3.7275119999999999 10.414085 -2.8559749546589615
v 3.9405960000000002 10.407432 -2.6346829546589632
v 3.7498079999999998 11.191933000000001 -2.6407189546589649
v 5.2857810000000001 0.0024109999999999999 -4.668838954658959
v 5.3682499999999997 -0.011572000000000001 -4.6140369546589639
v 5.5724099999999996 0.333673 -4.6879339546589591
v 5.3586539999999996 0.36991400000000002 -4.8299799546589597
v 5.7539730000000002 0.68104900000000002 -4.7819069546589645
v 5.4583050000000002 0.73117900000000002 -4.9783849546589636
v 5.9196739999999997 1.0293639999999999 -4.8914479546589646
v 5.57796 1.0872999999999999 -5.1185259546589634
v 6.0753969999999997 1.377567 -5.0126209546589635
v 5.7116959999999999 1.4392309999999999 -5.2543099546589644
v 6.226083 1.724769 -5.142107954658961
v 5.8545309999999997 1.787765 -5.3890129546589591
v 6.3755850000000001 2.0702660000000002 -5.2773179546589617
v 6.0025729999999999 2.1335090000000001 -5.5251939546589597
v 6.4508409999999996 2.2433169999999998 -5.3463839546589611
v 6.077801 2.306565 -5.5942779546589634
v 6.900055 3.21909 -5.7734169546589627
v 6.5270149999999996 3.2823380000000002 -6.0213109546589649
v 7.3651249999999999 4.174004 -6.229633954658965
v 6.9920850000000003 4.2372509999999997 -6.4775279546589601
v 7.8455149999999998 5.1069579999999997 -6.7145079546589628
v 7.4724760000000003 5.1702060000000003 -6.9624019546589579
v 8.3406730000000007 6.0168799999999996 -7.2274819546589626
v 7.9676349999999996 6.0801280000000002 -7.4753769546589623
v 8.5918390000000002 6.4658860000000002 -7.4908849546589664
v 8.2187990000000006 6.529134 -7.7387799546589662
v 9.0262250000000002 7.226172 -7.9740409546589603
v 8.6743869999999994 7.285825 -8.2078459546589642
v 9.4070619999999998 7.9782349999999997 -8.5194389546589662
v 9.2036300000000004 8.0127260000000007 -8.654623954658959
v 9.5823199999999993 8.4328219999999998 -8.8922479546589628
v 5.329116 0.055919999999999997 -4.5316059546589642
v 5.2429769999999998 0.070524000000000003 -4.5802559546589592
v 5.2160010000000003 0.47580099999999997 -4.5610969546589644
v 5.4280809999999997 0.43984400000000001 -4.4413139546589591
v 5.2147620000000003 0.87619100000000005 -4.523717954658963
v 5.4980900000000004 0.82815300000000003 -4.3636949546589605
v 5.2303490000000004 1.2731779999999999 -4.4731589546589632
v 5.5480530000000003 1.219312 -4.2937189546589636
v 5.2552500000000002 1.6680109999999999 -4.4136619546589628
v 5.5854749999999997 1.6120220000000001 -4.2271499546589624
v 5.2835710000000002 2.0616620000000001 -4.3485589546589623
v 5.6162470000000004 2.005258 -4.1606649546589622
v 5.2993800000000002 2.2790560000000002 -4.3113629546589607
v 5.632117 2.222642 -4.1234339546589638
v 5.3946800000000001 4.0178760000000002 -3.9581179546589595
v 5.7274159999999998 3.9614609999999999 -3.7701889546589626
v 5.4578730000000002 5.746378 -3.5511269546589617
v 5.7906089999999999 5.6899639999999998 -3.3631979546589648
v 5.481427 6.6076360000000003 -3.3342889546589589
v 5.8141629999999997 6.5512220000000001 -3.146359954658962
v 5.5129219999999997 7.5702970000000001 -3.0648419546589594
v 5.8152920000000003 7.5190320000000002 -2.8940629546589633
v 5.6253089999999997 8.5129619999999999 -2.727238954658965
v 5.7151180000000004 8.4977350000000005 -2.6765139546589651
v 5.6710640000000003 8.7175399999999996 -2.6396859546589582
v 5.3046660000000001 0.100636 -4.669261954658964
v 5.385383 0.086951000000000001 -4.6118359546589645
v 5.53071 0.46737600000000001 -4.5834569546589634
v 5.318365 0.50337799999999999 -4.7345279546589651
v 5.6533040000000003 0.85155999999999998 -4.5731849546589629
v 5.3565699999999996 0.90187099999999998 -4.7842939546589633
v 5.7592759999999998 1.2384630000000001 -4.5766729546589602
v 5.4131669999999996 1.2971440000000001 -4.8229089546589634
v 5.8540169999999998 1.6271610000000001 -4.5900829546589605
v 5.482761 1.690107 -4.8542089546589651
v 5.942132 2.0168699999999999 -4.6101379546589598
v 5.5607480000000002 2.0815320000000002 -4.8814709546589654
v 6.0273279999999998 2.4069539999999998 -4.6341999546589605
v 5.6434170000000003 2.4720439999999999 -4.9073299546589624
v 6.0985339999999999 2.734607 -4.6560309546589593
v 5.7144630000000003 2.799725 -4.9292749546589647
v 6.9433590000000001 6.2665660000000001 -5.0017979546589615
v 6.5592889999999997 6.3316840000000001 -5.2750419546589598
v 7.3837200000000003 8.0253010000000007 -5.2016359546589612
v 6.9996489999999998 8.0904199999999999 -5.474878954658962
v 7.62113 8.9887940000000004 -5.325952954658959
v 7.2558109999999996 9.050732 -5.5858549546589629
v 7.8076179999999997 9.9594149999999999 -5.4983679546589599
v 7.5735659999999996 9.999098 -5.6648809546589618
v 7.8790370000000003 10.684106 -5.6785249546589611
v -8.9484169999999992 0.0066670000000000002 9.551487045341041
v -8.9506239999999995 0.0069709999999999998 9.4515120453410404
v -9.0277399999999997 0.400032 9.3759820453410398
v -9.0220680000000009 0.39924999999999999 9.6327390453410402
v -9.1070180000000001 0.79244499999999995 9.3308210453410396
v -9.099221 0.79137199999999996 9.6837420453410346
v -9.1886410000000005 1.1842189999999999 9.3074580453410363
v -9.1796810000000004 1.182985 9.7130680453410392
v -9.2727719999999998 1.575353 9.2984470453410353
v -9.2632790000000007 1.5740460000000001 9.728164045341039
v -9.3595419999999994 1.9658469999999999 9.2975930453410385
v -9.3498739999999998 1.9645159999999999 9.7352230453410371
v -9.4490510000000008 2.355696 9.3001700453410407
v -9.4393580000000004 2.3543609999999999 9.7389730453410408
v -9.4770149999999997 2.4762729999999999 9.3011510453410366
v -9.4673200000000008 2.4749379999999999 9.7399610453410403
v -10.004416000000001 4.4251180000000003 9.3187300453410415
v -9.9947230000000005 4.4237830000000002 9.7575390453410407
v -10.602392999999999 6.3534649999999999 9.3378070453410373
v -10.592699 6.3521289999999997 9.7766160453410365
v -10.91888 7.3120329999999996 9.3477130453410382
v -10.909185000000001 7.3106980000000004 9.7865230453410419
v -11.249148999999999 8.2557179999999999 9.3715360453410383
v -11.240057999999999 8.2544660000000007 9.7830480453410402
v -11.594569999999999 9.1930370000000003 9.4776060453410409
v -11.589701 9.1923670000000008 9.6980370453410387
v -11.778795000000001 9.6820609999999991 9.5934340453410414
v -8.8541170000000005 0.054247999999999998 9.4407870453410396
v -8.8327740000000006 0.051309 9.5384390453410361
v -8.7074750000000005 0.433647 9.5981250453410354
v -8.7603150000000003 0.44092399999999998 9.356359045341037
v -8.5863490000000002 0.81615400000000005 9.6263790453410394
v -8.6572030000000009 0.82591099999999995 9.3021940453410394
v -8.4672440000000009 1.1985129999999999 9.6330790453410344
v -8.5469449999999991 1.2094879999999999 9.2684160453410414
v -8.3483400000000003 1.5804560000000001 9.6265800453410364
v -8.4313730000000007 1.59189 9.246672045341036
v -8.2281960000000005 1.9617659999999999 9.6134970453410347
v -8.3119370000000004 1.9732970000000001 9.2303470453410341
v -8.1502389999999991 2.206223 9.603876045341039
v -8.2340049999999998 2.2177579999999999 9.2206110453410375
v -7.3846850000000002 4.326651 9.5003730453410355
v -7.468451 4.3381860000000003 9.1171080453410411
v -6.53979 6.4157460000000004 9.3785870453410354
v -6.6235569999999999 6.4272809999999998 8.9953230453410384
v -6.1536489999999997 7.335356 9.3043850453410357
v -6.2301279999999997 7.3458870000000003 8.9544650453410384
v -5.7740850000000004 8.2511100000000006 9.1265970453410361
v -5.7995469999999996 8.2546160000000004 9.0100970453410412
v -5.6818030000000004 8.4866329999999994 9.0524320453410354
v -8.9153830000000003 0.103062 9.5647400453410398
v -8.9501120000000007 0.107844 9.4710870453410365
v -8.9464539999999992 0.51022599999999996 9.4097790453410397
v -8.8593630000000001 0.49823400000000001 9.6446410453410394
v -8.9372000000000007 0.91142400000000001 9.3796380453410393
v -8.819407 0.895204 9.6972920453410367
v -8.9256779999999996 1.311817 9.3716930453410399
v -8.7921969999999998 1.293436 9.7316540453410383
v -8.9147339999999993 1.7117169999999999 9.3782830453410355
v -8.774896 1.6924619999999999 9.7553850453410362
v -8.9066600000000005 2.1113629999999999 9.3932250453410404
v -8.7652160000000006 2.0918860000000001 9.7746630453410361
v -8.9029609999999995 2.4546220000000001 9.4092170453410375
v -8.7614099999999997 2.43513 9.7909420453410405
v -8.9271740000000008 3.4941119999999999 9.4712750453410379
v -8.785622 3.474621 9.8530000453410338
v -8.9869409999999998 4.531301 9.5464000453410378
v -8.8453900000000001 4.5118099999999997 9.9281240453410362
v -9.0821860000000001 5.564813 9.6344910453410364
v -8.9406339999999993 5.5453210000000004 10.016217045341037
v -9.2127800000000004 6.5932750000000002 9.7354350453410348
v -9.0712290000000007 6.5737829999999997 10.11715904534104
v -9.2868829999999996 7.1059869999999998 9.789094045341038
v -9.1453319999999998 7.0864950000000002 10.170820045341038
v -9.4559990000000003 8.083164 9.9186070453410338
v -9.3254439999999992 8.0651869999999999 10.270679045341041
v -9.6242429999999999 9.0480900000000002 10.14859504534104
v -9.5706600000000002 9.0407109999999999 10.29309504534104
v -9.6722680000000008 9.3768139999999995 10.265562045341042
v -5.5313800000000004 -0.0078300000000000002 9.7155510453410372
v -5.6150679999999999 0.001719 9.7694500453410384
v -5.5765079999999996 0.38390299999999999 9.9052550453410362
v -5.3632350000000004 0.359568 9.7678990453410393
v -5.5106919999999997 0.76201099999999999 10.02729304534104
v -5.2190839999999996 0.728738 9.8394840453410382
v -5.4250769999999999 1.1368670000000001 10.140351045341035
v -5.0914859999999997 1.098803 9.9255040453410359
v -5.3261070000000004 1.5091779999999999 10.248568045341038
v -4.9740149999999996 1.469004 10.021808045341039
v -5.2190880000000002 1.8795230000000001 10.35535304534104
v -4.8613770000000001 1.838708 10.124972045341039
v -5.1079929999999996 2.2483279999999999 10.463248045341039
v -4.7496159999999996 2.207436 10.232439045341039
v -5.0905959999999997 2.3057460000000001 10.480090045341036
v -4.7322179999999996 2.2648540000000001 10.249280045341038
v -4.6057259999999998 3.7959100000000001 10.968939045341038
v -4.2473479999999997 3.7550180000000002 10.738130045341038
v -4.0948729999999998 5.261889 11.502416045341036
v -3.7364959999999998 5.2209979999999998 11.271606045341038
v -3.558656 6.7019149999999996 12.079876045341038
v -3.2002790000000001 6.6610240000000003 11.84906604534104
v -3.2107770000000002 7.5676329999999998 12.44004104534104
v -2.8764050000000001 7.5294809999999996 12.224692045341037
v -2.7818109999999998 8.4145939999999992 12.769777045341037
v -2.615478 8.3956149999999994 12.662651045341036
v -2.5372560000000002 8.7987850000000005 12.897054045341036
v -5.6517010000000001 0.066289000000000001 9.6612340453410397
v -5.5542990000000003 0.055175000000000002 9.6415020453410349
v -5.4442550000000001 0.437527 9.5488670453410407
v -5.7032860000000003 0.46708300000000003 9.6013400453410398
v -5.3624840000000003 0.82283700000000004 9.4605960453410347
v -5.7271799999999997 0.86444900000000002 9.5344750453410398
v -5.3020449999999997 1.2103090000000001 9.3752850453410375
v -5.7303230000000003 1.2591760000000001 9.4620440453410382
v -5.2567709999999996 1.599234 9.2916850453410404
v -5.7188850000000002 1.6519619999999999 9.3852980453410382
v -5.2213430000000001 1.989001 9.2087190453410415
v -5.6981849999999996 2.0434100000000002 9.3053160453410371
v -5.1913910000000003 2.379108 9.1255020453410367
v -5.6725940000000001 2.4340139999999999 9.2229830453410386
v -5.163672 2.7691789999999998 9.0413810453410406
v -5.6453530000000001 2.8241390000000002 9.1389590453410392
v -5.160685 2.8116379999999999 9.0322140453410356
v -5.6423649999999999 2.8665989999999999 9.1297920453410342
v -4.9269499999999997 6.4836590000000003 8.1177510453410378
v -5.4086309999999997 6.5386199999999999 8.2153290453410364
v -4.8167359999999997 8.3126470000000001 7.6316340453410376
v -5.2984169999999997 8.3676080000000006 7.7292120453410362
v -4.7709289999999998 9.2766000000000002 7.3693130453410376
v -5.2316599999999998 9.3291699999999995 7.4626460453410388
v -4.7898339999999999 10.245601000000001 7.1117300453410408
v -5.1039159999999999 10.281438 7.1753570453410376
v -4.9022959999999998 11.072295 6.9080580453410363
v -5.525455 0.092143000000000003 9.7312510453410397
v -5.6193299999999997 0.102854 9.7640040453410393
v -5.6342189999999999 0.50656500000000004 9.8077810453410379
v -5.4059939999999997 0.48052400000000001 9.7281550453410404
v -5.618805 0.90678599999999998 9.8416120453410372
v -5.3164569999999998 0.87228700000000003 9.7361250453410406
v -5.5832959999999998 1.3046800000000001 9.8690590453410394
v -5.2466359999999996 1.2662659999999999 9.7516000453410356
v -5.536206 1.7012179999999999 9.8930920453410351
v -5.1880189999999997 1.661489 9.7716110453410394
v -5.4840739999999997 2.097146 9.9159910453410376
v -5.1340649999999997 2.0572089999999998 9.7938750453410393
v -5.4649679999999998 2.2395879999999999 9.9241930453410419
v -5.1149440000000004 2.1996500000000001 9.8020720453410348
v -4.8739929999999996 6.4753439999999998 10.232788045341039
v -4.5239700000000003 6.4354050000000003 10.110666045341034
v -4.7172390000000002 7.4607320000000001 10.302057045341037
v -4.4027329999999996 7.4248459999999996 10.192328045341036
v -4.4527590000000004 8.4335210000000007 10.337648045341041
v -4.3868819999999999 8.4260040000000007 10.314663045341035
v -4.3996199999999996 8.5718300000000003 10.33759504534104
v -3.654312 0.0050610000000000004 9.2453800453410366
v -3.6448010000000002 0.0041749999999999999 9.1458370453410396
v -3.7481819999999999 0.387401 9.0493860453410377
v -3.7734399999999999 0.38975399999999999 9.3137330453410385
v -3.860325 0.76906399999999997 8.9810440453410365
v -3.8958520000000001 0.77237500000000003 9.352858045341037
v -3.9805169999999999 1.1490069999999999 8.9336640453410396
v -4.0222009999999999 1.1528910000000001 9.3699100453410367
v -4.1081209999999997 1.527077 8.9009010453410369
v -4.1530630000000004 1.5312650000000001 9.3712430453410391
v -4.2425829999999998 1.903132 8.8772880453410394
v -4.2889290000000004 1.9074500000000001 9.3623270453410399
v -4.3834400000000002 2.277037 8.8583500453410409
v -4.430193 2.2813940000000001 9.3476500453410409
v -4.541423 2.6753749999999998 8.8394870453410377
v -4.5882180000000004 2.679735 9.3292260453410378
v -4.8895249999999999 3.4721600000000001 8.7991300453410375
v -4.9363200000000003 3.4765199999999998 9.2888700453410351
v -5.2646800000000002 4.2564390000000003 8.7563010453410399
v -5.3114749999999997 4.2607999999999997 9.2460410453410375
v -5.6664459999999996 5.0272870000000003 8.711049045341035
v -5.713241 5.0316479999999997 9.2007880453410351
v -6.0943480000000001 5.7837930000000002 8.663427045341038
v -6.1411429999999996 5.7881539999999996 9.1531660453410382
v -6.5478820000000004 6.5250649999999997 8.6134920453410402
v -6.5946759999999998 6.529426 9.1032310453410403
v -7.02651 7.2502279999999999 8.5613020453410371
v -7.0733050000000004 7.254588 9.0510410453410373
v -7.2719930000000002 7.6086200000000002 8.5346550453410401
v -7.3187879999999996 7.6129810000000004 9.0243940453410403
v -7.7878790000000002 8.3080829999999999 8.4863320453410367
v -7.8333110000000001 8.3123159999999991 8.9618060453410351
v -8.3314839999999997 8.9897150000000003 8.4787140453410359
v -8.3673730000000006 8.9930590000000006 8.8543230453410402
v -8.9062599999999996 9.6530930000000001 8.5546670453410343
v -8.9162490000000005 9.6540239999999997 8.6592130453410405
v -9.0531229999999994 9.8178830000000001 8.5919210453410386
v -3.5540509999999998 0.055978 9.1424610453410367
v -3.536759 0.054366999999999999 9.2409420453410362
v -3.4029150000000001 0.43446899999999999 9.3076590453410404
v -3.4488159999999999 0.43874600000000002 9.0462460453410358
v -3.2688700000000002 0.813334 9.3450540453410369
v -3.333412 0.81934899999999999 8.9774770453410397
v -3.1334019999999998 1.190774 9.3602220453410396
v -3.2091090000000002 1.1978279999999999 8.9290660453410382
v -2.9954320000000001 1.5666119999999999 9.3594610453410354
v -3.0770360000000001 1.5742160000000001 8.8947180453410368
v -2.8540329999999998 1.940688 9.3481960453410409
v -2.9381719999999998 1.948529 8.8690180453410363
v -2.7084540000000001 2.312859 9.3308660453410397
v -2.7933219999999999 2.320767 8.8475300453410384
v -2.5486070000000001 2.7055509999999998 9.309441045341039
v -2.6335489999999999 2.7134659999999999 8.8256850453410394
v -2.1289820000000002 3.6412 9.2510690453410405
v -2.213924 3.6491150000000001 8.7673130453410408
v -1.676912 4.5612139999999997 9.1867440453410367
v -1.761854 4.5691290000000002 8.7029870453410396
v -1.1929670000000001 5.4644300000000001 9.116548045341041
v -1.277909 5.4723459999999999 8.6327910453410368
v -0.67776000000000003 6.34971 9.0405670453410352
v -0.76270199999999999 6.3576249999999996 8.5568110453410355
v -0.13194 7.2159319999999996 8.9589000453410392
v -0.21688199999999999 7.2238470000000001 8.4751450453410371
v 0.14849499999999999 7.6440729999999997 8.9166650453410341
v 0.063552999999999998 7.6519890000000004 8.4329090453410345
v 0.72071700000000005 8.4583440000000003 8.8184450453410363
v 0.639544 8.4659069999999996 8.3561570453410354
v 1.308975 9.2530940000000008 8.6506820453410356
v 1.2541899999999999 9.2581989999999994 8.3386700453410398
v 1.7956369999999999 9.8953450000000007 8.4148810453410405
v -3.6355780000000002 0.10374899999999999 9.2548870453410359
v -3.6449880000000001 0.104625 9.1553340453410357
v -3.6368480000000001 0.50502499999999995 9.0757240453410404
v -3.612006 0.50270999999999999 9.3385400453410341
v -3.6264249999999998 0.90518699999999996 9.025121045341038
v -3.5916260000000002 0.90194399999999997 9.3932720453410354
v -3.6144180000000001 1.3051759999999999 8.9961300453410402
v -3.5737399999999999 1.301385 9.4264790453410399
v -3.601445 1.705049 8.9822120453410363
v -3.5577290000000001 1.7009749999999999 9.4446990453410393
v -3.5880359999999998 2.1048550000000001 8.9777630453410353
v -3.5430640000000002 2.1006649999999998 9.4535360453410391
v -3.5746199999999999 2.5046339999999998 8.9782440453410359
v -3.5293160000000001 2.5004119999999999 9.4575310453410353
v -3.562462 2.8742800000000002 8.980214045341036
v -3.5171329999999998 2.8700559999999999 9.4597710453410357
v -3.4674390000000002 8.4130260000000003 9.0200170453410351
v -3.4221089999999998 8.4088019999999997 9.4995740453410349
v -3.4520629999999999 9.4127960000000002 9.0387540453410367
v -3.4088669999999999 9.4087709999999998 9.4957450453410388
v -3.4331320000000001 10.412004 9.1254620453410382
v -3.4048669999999999 10.409369999999999 9.424484045341039
v -3.4118590000000002 11.180482 9.2810790453410377
v -2.537004 -0.0047559999999999998 10.732149045341039
v -2.6316730000000002 0.0023909999999999999 10.763560045341038
v -2.6444649999999998 0.38844899999999999 10.895369045341042
v -2.3962319999999999 0.36970900000000001 10.813004045341039
v -2.6281680000000001 0.77103999999999995 11.021982045341034
v -2.2820710000000002 0.74490999999999996 10.907144045341042
v -2.59009 1.1506670000000001 11.145804045341038
v -2.18723 1.120252 11.012134045341035
v -2.536664 1.5277689999999999 11.26895704534104
v -2.1052919999999999 1.495201 11.125826045341036
v -2.473366 1.902712 11.393239045341041
v -2.0307970000000002 1.869299 11.24639204534104
v -2.404582 2.2757809999999998 11.520087045341036
v -1.9593780000000001 2.2421690000000001 11.372365045341041
v -2.3505189999999998 2.5591520000000001 11.618772045341039
v -1.9051800000000001 2.5255299999999998 11.471006045341042
v -2.1264180000000001 3.6612849999999999 12.043398045341036
v -1.681079 3.6276630000000001 11.895632045341038
v -1.8918969999999999 4.7470319999999999 12.503158045341038
v -1.446558 4.7134099999999997 12.355392045341034
v -1.6472169999999999 5.8151830000000002 12.997538045341038
v -1.201878 5.781561 12.849772045341041
v -1.3926510000000001 6.864547 13.525986045341035
v -0.94731200000000004 6.8309249999999997 13.378221045341036
v -1.2629490000000001 7.3843120000000004 13.798618045341037
v -0.81761099999999998 7.3506910000000003 13.650853045341037
v -1.0293600000000001 8.2340289999999996 14.27143904534104
v -0.60652399999999995 8.2021060000000006 14.131139045341037
v -0.72187299999999999 9.0638509999999997 14.744480045341035
v -0.45655800000000002 9.0438200000000002 14.656447045341039
v -0.42488700000000001 9.6353380000000008 15.063408045341035
v -2.6647210000000001 0.065057000000000004 10.68701304534104
v -2.5821499999999999 0.058823 10.630950045341038
v -2.539247 0.44814199999999998 10.522452045341041
v -2.740694 0.46335100000000001 10.659228045341038
v -2.5268549999999999 0.83819600000000005 10.425999045341037
v -2.7943449999999999 0.85839100000000002 10.607617045341037
v -2.536108 1.2281880000000001 10.335599045341041
v -2.834527 1.250718 10.53821804534104
v -2.5595889999999999 1.6174269999999999 10.246252045341038
v -2.8686410000000002 1.6407590000000001 10.456089045341038
v -2.5915620000000001 2.0053519999999998 10.15409404534104
v -2.9024030000000001 2.0288200000000001 10.365146045341035
v -2.6057769999999998 2.1648559999999999 10.115399045341036
v -2.9166400000000001 2.1883249999999999 10.326465045341038
v -2.6894290000000001 2.9196740000000001 9.908264045341042
v -3.0002909999999998 2.9431430000000001 10.119331045341042
v -2.7886510000000002 3.6661990000000002 9.6791190453410394
v -3.0995140000000001 3.6896680000000002 9.8901850453410418
v -2.9033169999999999 4.403473 9.4282570453410415
v -3.2141790000000001 4.4269420000000004 9.6393240453410414
v -3.0332780000000001 5.1305490000000002 9.1560020453410402
v -3.344141 5.1540179999999998 9.3670690453410401
v -3.178369 5.8464939999999999 8.8627020453410381
v -3.4892310000000002 5.8699630000000003 9.073769045341038
v -3.254661 6.2015099999999999 8.7108610453410407
v -3.5655239999999999 6.2249800000000004 8.9219280453410406
v -3.4295629999999999 6.8996029999999999 8.3917840453410406
v -3.7254779999999998 6.9219439999999999 8.5927010453410375
v -3.6639349999999999 7.5876809999999999 8.0831000453410411
v -3.8552170000000001 7.6021219999999996 8.212976045341037
v -3.9042309999999998 8.1000270000000008 7.8788200453410369
v -2.526713 0.094752000000000003 10.725902045341037
v -2.6179160000000001 0.10163700000000001 10.76633104534104
v -2.6506630000000002 0.50449699999999997 10.820921045341038
v -2.4141249999999999 0.48663899999999999 10.716066045341037
v -2.654728 0.90495800000000004 10.86664704534104
v -2.3274089999999998 0.880247 10.72155004534104
v -2.637559 1.303553 10.906808045341037
v -2.2591239999999999 1.2749820000000001 10.739051045341036
v -2.6056699999999999 1.7007410000000001 10.94428804534104
v -2.2027589999999999 1.6703220000000001 10.765682045341038
v -2.56454 2.096905 10.981512045341034
v -2.152844 2.065823 10.79901104534104
v -2.5184549999999999 2.492337 11.020374045341036
v -2.1051030000000002 2.461131 10.83713904534104
v -2.4939149999999999 2.6960579999999998 11.041084045341037
v -2.0805280000000002 2.6648480000000001 10.857833045341039
v -2.2974359999999998 4.1595170000000001 11.23506704534104
v -1.88405 4.1283079999999996 11.051816045341042
v -2.0820289999999999 5.6137449999999998 11.473325045341042
v -1.668642 5.5825360000000002 11.290075045341041
v -1.8479239999999999 7.0571659999999996 11.755600045341041
v -1.4345380000000001 7.025957 11.572349045341042
v -1.726245 7.775881 11.907686045341038
v -1.312859 7.7446710000000003 11.724434045341042
v -1.542888 8.7343709999999994 12.126408045341037
v -1.1528529999999999 8.7049260000000004 11.953509045341036
v -1.2812840000000001 9.6812919999999991 12.333623045341042
v -1.05471 9.6641860000000008 12.233185045341038
v -1.0559670000000001 10.248089 12.438138045341034
v 6.5677279999999998 -0.0060020000000000004 9.6197980453410352
v 6.4806619999999997 0.001714 9.6683780453410364
v 6.5219139999999998 0.36532700000000001 9.8484390453410384
v 6.7476089999999997 0.345327 9.7225080453410371
v 6.5913620000000002 0.72426800000000002 10.018164045341038
v 6.9035669999999998 0.69660100000000003 9.8439630453410416
v 6.6818600000000004 1.0791059999999999 10.181505045341041
v 7.0427099999999996 1.047129 9.9801620453410393
v 6.7871579999999998 1.4303319999999999 10.341913045341038
v 7.1712470000000001 1.396296 10.127602045341035
v 6.9020000000000001 1.7783500000000001 10.502280045341038
v 7.2943939999999996 1.7435780000000001 10.283336045341038
v 7.0222769999999999 2.1234609999999998 10.664861045341041
v 7.4162189999999999 2.0885509999999998 10.445054045341038
v 7.0838739999999998 2.2969249999999999 10.747744045341037
v 7.4778479999999998 2.2620130000000001 10.527919045341037
v 7.4151009999999999 3.172615 11.202296045341036
v 7.8090729999999997 3.137702 10.982472045341041
v 7.759525 4.028689 11.68361604534104
v 8.1534980000000008 3.9937779999999998 11.46379104534104
v 8.1167409999999993 4.864141 12.191138045341035
v 8.5107140000000001 4.8292289999999998 11.971313045341034
v 8.4863269999999993 5.6779869999999999 12.72426304534104
v 8.8803009999999993 5.6430749999999996 12.504437045341035
v 8.8678509999999999 6.4692670000000003 13.282363045341036
v 9.2618240000000007 6.434355 13.062538045341036
v 9.2562320000000007 7.2068979999999998 13.834836045341035
v 9.6278380000000006 7.1739680000000003 13.627491045341039
v 9.7219180000000005 7.9161029999999997 14.371723045341042
v 9.9369540000000001 7.8970479999999998 14.25173904534104
v 10.066177 8.3292339999999996 14.668896045341036
v 6.4423779999999997 0.065340999999999996 9.5686020453410379
v 6.5369549999999998 0.056959999999999997 9.5372200453410372
v 6.6293839999999999 0.44481900000000002 9.4485060453410341
v 6.3782800000000002 0.46707100000000001 9.5318230453410351
v 6.6938009999999997 0.834762 9.36663004534104
v 6.3406729999999998 0.86605500000000002 9.483799045341037
v 6.737012 1.2261740000000001 9.2893380453410401
v 6.3227520000000004 1.2628839999999999 9.4267910453410408
v 6.7650550000000003 1.6185050000000001 9.214628045341037
v 6.3184760000000004 1.65808 9.3628040453410364
v 6.7831320000000002 2.011282 9.1407750453410372
v 6.3226440000000004 2.0520879999999999 9.2935670453410353
v 6.7955009999999998 2.404112 9.066371045341036
v 6.3309949999999997 2.4452750000000001 9.220497045341034
v 6.8058860000000001 2.822708 8.9851850453410407
v 6.3409709999999997 2.8639070000000002 9.1394460453410389
v 6.8354679999999997 5.0278080000000003 8.4854180453410351
v 6.3705530000000001 5.069007 8.6396790453410404
v 6.8406289999999998 7.216278 7.9164880453410404
v 6.375712 7.2574759999999996 8.0707490453410387
v 6.8371009999999997 8.3059010000000004 7.6148470453410368
v 6.372185 8.347099 7.7691080453410351
v 6.8189089999999997 9.2667300000000008 7.33809304534104
v 6.3745810000000001 9.3061059999999998 7.48552304534104
v 6.734178 10.228996 7.0685190453410343
v 6.433967 10.255599999999999 7.1681300453410373
v 6.5703370000000003 11.029467 6.8666970453410414
v 6.5633850000000002 0.094774999999999998 9.6451060453410378
v 6.4642809999999997 0.103557 9.6551580453410395
v 6.4303889999999999 0.507525 9.684201045341041
v 6.6721769999999996 0.48609799999999997 9.6596780453410389
v 6.4282950000000003 0.90861899999999995 9.711008045341039
v 6.7493569999999998 0.88016799999999995 9.6784440453410383
v 6.447368 1.3077799999999999 9.7366560453410358
v 6.8055580000000004 1.276038 9.7003260453410363
v 6.4787160000000004 1.705792 9.7620480453410394
v 6.8496689999999996 1.67292 9.724423045341041
v 6.5154639999999997 2.1032639999999998 9.7878800453410406
v 6.8885670000000001 2.070201 9.7500380453410358
v 6.5310560000000004 2.2670309999999998 9.7986490453410369
v 6.9041839999999999 2.233965 9.7608040453410396
v 6.9515969999999996 6.5579219999999996 10.195979045341033
v 7.3247249999999999 6.5248569999999999 10.158134045341036
v 7.0676759999999996 7.5466850000000001 10.291982045341037
v 7.4040270000000001 7.5168790000000003 10.257867045341037
v 7.2946419999999996 8.5249950000000005 10.382893045341035
v 7.3735590000000002 8.5180019999999992 10.37489004534104
v 7.350314 8.6846440000000005 10.39619704534104
v 8.4556869999999993 -0.0052680000000000001 8.1571270453410349
v 8.443066 -0.0040740000000000004 8.2563200453410417
v 8.5867649999999998 0.365927 8.3482610453410402
v 8.6189440000000008 0.36288300000000001 8.0953580453410368
v 8.7391660000000009 0.73348500000000005 8.4104900453410352
v 8.7831779999999995 0.72932200000000003 8.0645840453410358
v 8.8991199999999999 1.098643 8.4518100453410341
v 8.949484 1.093879 8.0559940453410377
v 9.0656300000000005 1.4614279999999999 8.4798330453410387
v 9.118798 1.4563980000000001 8.0619720453410366
v 9.2378680000000006 1.8218510000000001 8.5008290453410353
v 9.2918920000000007 1.81674 8.0762400453410379
v 9.4152050000000003 2.1799059999999999 8.5194950453410385
v 9.4693330000000007 2.1747860000000001 8.0940970453410372
v 9.4445759999999996 2.2388680000000001 8.522523045341039
v 9.498704 2.2337479999999998 8.0971240453410402
v 9.9677070000000008 3.2003620000000002 8.5775130453410355
v 10.021834 3.1952419999999999 8.1521140453410368
v 10.525118000000001 4.1421169999999998 8.6371030453410356
v 10.579245 4.136997 8.2117030453410393
v 11.116073999999999 5.0628890000000002 8.7012120453410375
v 11.170199999999999 5.0577690000000004 8.2758140453410363
v 11.739794 5.961462 8.7697600453410374
v 11.793920999999999 5.9563420000000002 8.3443590453410366
v 12.059691000000001 6.4049759999999996 8.8051240453410387
v 12.113818 6.3998559999999998 8.3797250453410399
v 12.671533999999999 7.1942450000000004 8.8590590453410414
v 12.722052 7.1894669999999996 8.4620290453410405
v 13.319800000000001 7.9617100000000001 8.8313920453410404
v 13.345051 7.9593220000000002 8.6329460453410363
v 13.634041 8.3140219999999996 8.7662920453410393
v 8.3442860000000003 0.065537999999999999 8.2350360453410403
v 8.3711529999999996 0.062996999999999997 8.1387470453410344
v 8.3598660000000002 0.45902100000000001 8.0397910453410404
v 8.2888380000000002 0.46573999999999999 8.2943570453410373
v 8.3365200000000002 0.85534200000000005 7.9676050453410383
v 8.2369249999999994 0.86476299999999995 8.324553045341041
v 8.3030989999999996 1.2517240000000001 7.9150960453410377
v 8.1865749999999995 1.2627459999999999 8.3327230453410408
v 8.2613620000000001 1.6479520000000001 7.8759860453410369
v 8.1360390000000002 1.659807 8.3251500453410401
v 8.2128169999999994 2.0438350000000001 7.8448890453410343
v 8.0838180000000008 2.0560369999999999 8.3072260453410394
v 8.1586920000000003 2.4392079999999998 7.8174290453410364
v 8.0286989999999996 2.4515039999999999 8.2833320453410408
v 8.1024069999999995 2.8181060000000002 7.7915650453410379
v 7.9723309999999996 2.8304100000000001 8.2577630453410364
v 7.8805259999999997 4.03172 7.6976250453410415
v 7.7504489999999997 4.0440240000000003 8.1638240453410376
v 7.6185539999999996 5.2364119999999996 7.5927350453410369
v 7.4884769999999996 5.2487159999999999 8.0589340453410401
v 7.3167989999999996 6.4307600000000003 7.4770180453410404
v 7.1867219999999996 6.4430649999999998 7.9432170453410365
v 6.9756169999999997 7.6133550000000003 7.35061104534104
v 6.8455409999999999 7.6256589999999997 7.8168090453410386
v 6.7952440000000003 8.2014519999999997 7.28476204534104
v 6.6651670000000003 8.2137569999999993 7.750961045341036
v 6.475295 9.1433949999999999 7.1822820453410401
v 6.3512469999999999 9.1551279999999995 7.6268740453410402
v 6.1121270000000001 10.077368 7.1378670453410393
v 6.0302809999999996 10.08511 7.4312090453410349
v 5.7877479999999997 10.805498 7.1863340453410416
v 8.4627119999999998 0.094514000000000001 8.1541870453410397
v 8.4554109999999998 0.095204999999999998 8.2539180453410381
v 8.5112349999999992 0.49096400000000001 8.3371860453410349
v 8.5304669999999998 0.489145 8.0744920453410387
v 8.5725739999999995 0.88597599999999999 8.3915830453410365
v 8.5994720000000004 0.883432 8.0241720453410394
v 8.6388719999999992 1.280265 8.424607045341034
v 8.6702720000000006 1.2772950000000001 7.9957270453410416
v 8.7096420000000006 1.6738470000000001 8.4428820453410367
v 8.7433449999999997 1.6706589999999999 7.9825330453410359
v 8.7844630000000006 2.066732 8.4520700453410385
v 8.8191020000000009 2.0634549999999998 7.9789270453410381
v 8.8629929999999995 2.458923 8.4567430453410353
v 8.8978719999999996 2.4556230000000001 7.9803400453410376
v 8.9339499999999994 2.7995920000000001 8.4596890453410367
v 8.968845 2.7962920000000002 7.9830650453410357
v 9.3056590000000003 4.3251549999999996 8.4763380453410377
v 9.3405529999999999 4.3218540000000001 7.9997130453410392
v 9.7284360000000003 5.8373150000000003 8.4968190453410415
v 9.7633299999999998 5.8340129999999997 8.0201940453410359
v 10.201798 7.334352 8.52110704534104
v 10.236693000000001 7.3310519999999997 8.0444820453410415
v 10.451027 8.0787720000000007 8.5341980453410358
v 10.485923 8.0754710000000003 8.0575730453410372
v 10.789524 9.0197859999999999 8.5409170453410397
v 10.822737 9.0166439999999994 8.0872610453410374
v 11.153133 9.9528479999999995 8.4802520453410395
v 11.174575000000001 9.9508200000000002 8.1873750453410352
v 11.442577 10.645782000000001 8.3494130453410378
v 8.1221709999999998 -0.0018370000000000001 5.1332650453410409
v 8.1668900000000004 -0.0055430000000000002 5.2226320453410366
v 8.3420210000000008 0.36266599999999999 5.2410990453410378
v 8.2246980000000001 0.372388 5.0066420453410387
v 8.5081290000000003 0.730078 5.2311590453410375
v 8.3444900000000004 0.74363699999999999 4.9041450453410391
v 8.668628 1.096349 5.1996900453410362
v 8.4780870000000004 1.1121369999999999 4.8189150453410363
v 8.8265229999999999 1.461171 5.1527520453410389
v 8.6224369999999997 1.4780819999999999 4.7449100453410367
v 8.9843670000000007 1.824274 5.0955050453410351
v 8.7749400000000009 1.8416269999999999 4.6769880453410408
v 9.1442029999999992 2.1854279999999999 5.0320850453410344
v 8.9335079999999998 2.202887 4.6110320453410409
v 9.2700189999999996 2.464048 4.9807650453410375
v 9.0592550000000003 2.4815119999999999 4.5595770453410367
v 9.7389419999999998 3.421729 4.7858240453410374
v 9.5281789999999997 3.4391929999999999 4.3646350453410392
v 10.236405 4.3616729999999997 4.5758660453410371
v 10.025641999999999 4.3791370000000001 4.1546770453410389
v 10.761835 5.282794 4.3511330453410366
v 10.551073000000001 5.3002580000000004 3.9299450453410358
v 11.314626000000001 6.1840310000000001 4.1118850453410403
v 11.103863 6.2014950000000004 3.6906960453410349
v 11.894138999999999 7.0643450000000003 3.8583960453410384
v 11.683376000000001 7.0818089999999998 3.4372080453410376
v 12.445650000000001 7.8582479999999997 3.6020890453410388
v 12.245476999999999 7.874835 3.2020630453410348
v 12.987041 8.6353690000000007 3.2706540453410398
v 12.860996999999999 8.6458130000000004 3.0187680453410408
v 13.345385 9.1800409999999992 2.9562270453410378
v 8.0664660000000001 0.062983999999999998 5.259617045341038
v 8.0459239999999994 0.064685999999999994 5.1617650453410349
v 7.9868959999999998 0.463279 5.10379404534104
v 8.0385120000000008 0.45900200000000002 5.3496700453410355
v 7.9296889999999998 0.86077499999999996 5.07722704534104
v 7.9995919999999998 0.85498200000000002 5.4102190453410373
v 7.8723619999999999 1.2572810000000001 5.0727730453410373
v 7.9516660000000003 1.25071 5.4505480453410371
v 7.8132520000000003 1.652881 5.0824860453410352
v 7.8964059999999998 1.645991 5.4786020453410345
v 7.7510190000000003 2.0476320000000001 5.0999350453410415
v 7.8351709999999999 2.0406589999999998 5.500803045341037
v 7.6921679999999997 2.3998590000000002 5.1182380453410374
v 7.7763920000000004 2.3928799999999999 5.5194470453410389
v 7.4589970000000001 3.5532940000000002 5.1872510453410356
v 7.543221 3.5463149999999999 5.5884590453410397
v 7.1868259999999999 4.6976420000000001 5.2642920453410369
v 7.2710499999999998 4.6906629999999998 5.6655010453410384
v 6.8759810000000003 5.8315289999999997 5.349269045341039
v 6.9602050000000002 5.8245500000000003 5.7504780453410405
v 6.5268370000000004 6.9535929999999997 5.4420810453410411
v 6.6110610000000003 6.9466140000000003 5.84329104534104
v 6.2065760000000001 7.8958009999999996 5.5416900453410349
v 6.2843720000000003 7.889354 5.9122810453410395
v 5.87859 8.8261920000000007 5.7386430453410355
v 5.9113949999999997 8.8234739999999992 5.8949100453410352
v 5.7662409999999999 9.1568109999999994 5.8495790453410379
v 8.1509889999999992 0.096117999999999995 5.1441570453410392
v 8.1642930000000007 0.095015000000000002 5.2432620453410408
v 8.2301970000000004 0.49021799999999999 5.3107410453410395
v 8.1979229999999994 0.492892 5.070340045341041
v 8.2945779999999996 0.88536999999999999 5.346002045341038
v 8.2518849999999997 0.888907 5.0279930453410344
v 8.3588930000000001 1.28033 5.3599130453410382
v 8.3114139999999992 1.2842640000000001 5.0062470453410413
v 8.4243559999999995 1.6749780000000001 5.3615220453410402
v 8.375292 1.679044 4.9960560453410352
v 8.4918890000000005 2.0692189999999999 5.3577520453410372
v 8.4425860000000004 2.073305 4.9904970453410371
v 8.5142380000000006 2.1981470000000001 5.3561920453410394
v 8.4649330000000003 2.202232 4.9889250453410412
v 8.9556710000000006 4.2824689999999999 5.3201160453410381
v 8.9063649999999992 4.2865539999999998 4.9528490453410399
v 9.4740140000000004 6.3487960000000001 5.2735150453410355
v 9.4247080000000008 6.352881 4.9062480453410373
v 9.7315459999999998 7.3142909999999999 5.2303570453410373
v 9.6873369999999994 7.3179550000000004 4.9010490453410398
v 9.9905349999999995 8.2763240000000007 5.0710220453410386
v 9.9819980000000008 8.2770329999999994 5.0074290453410413
v 10.022778000000001 8.4022919999999992 5.0357210453410346
v -7.863105 0.0064609999999999997 3.4316260453410408
v -7.8310779999999998 0.0031819999999999999 3.336950045341041
v -7.8844770000000004 0.39028299999999999 3.2178570453410344
v -7.9696400000000001 0.399003 3.4696110453410398
v -7.9512689999999999 0.77729700000000002 3.1245870453410376
v -8.0711630000000003 0.78957299999999997 3.4790110453410392
v -8.0291599999999992 1.1639390000000001 3.0503930453410391
v -8.1699470000000005 1.178355 3.4665810453410373
v -8.1161069999999995 1.5499529999999999 2.9892840453410372
v -8.268008 1.5655060000000001 3.4383250453410383
v -8.2103509999999993 1.935109 2.9360910453410369
v -8.3670869999999997 1.9511579999999999 3.3994220453410406
v -8.3104420000000001 2.3192119999999998 2.8865720453410404
v -8.4686059999999994 2.335407 3.3541270453410377
v -8.4153000000000002 2.702102 2.8375810453410395
v -8.5736209999999993 2.7183130000000002 3.3055980453410356
v -8.4264770000000002 2.7427030000000001 2.8323940453410401
v -8.5847979999999993 2.7589139999999999 3.3004100453410388
v -8.8001780000000007 3.9377439999999999 2.6645860453410393
v -8.9584980000000005 3.953954 3.1326020453410379
v -9.214302 5.1174429999999997 2.4836340453410344
v -9.3726219999999998 5.1336539999999999 2.9516510453410376
v -9.6683219999999999 6.2802910000000001 2.2897710453410411
v -9.8266410000000004 6.2965020000000003 2.7577880453410373
v -10.161654 7.4248010000000004 2.0832440453410399
v -10.319974 7.4410119999999997 2.551261045341036
v -10.418032 7.9921949999999997 1.9768640453410384
v -10.576352 8.0084070000000001 2.4448810453410346
v -10.851437000000001 8.8780529999999995 1.8109360453410375
v -11.002863 8.8935580000000005 2.2585730453410378
v -11.329253 9.7525499999999994 1.6985860453410382
v -11.432422000000001 9.7631139999999998 2.0035680453410407
v -11.779640000000001 10.482431 1.6910720453410377
v -7.7380990000000001 0.053976000000000003 3.3573160453410367
v -7.7510430000000001 0.055301000000000003 3.4564660453410383
v -7.6591719999999999 0.44304500000000002 3.5414000453410353
v -7.6261760000000001 0.43966699999999997 3.2886480453410343
v -7.5612839999999997 0.82983099999999999 3.5962630453410398
v -7.516159 0.82521100000000003 3.2506030453410375
v -7.4585319999999999 1.215765 3.6298650453410346
v -7.4069010000000004 1.2104779999999999 3.2343690453410403
v -7.351915 1.6009359999999999 3.6498210453410351
v -7.2974119999999996 1.595356 3.2323320453410389
v -7.2422529999999998 1.98542 3.6624070453410411
v -7.1868749999999997 1.979749 3.2382150453410361
v -7.1301639999999997 2.3692660000000001 3.672317045341039
v -7.0746820000000001 2.363585 3.2473230453410409
v -7.1119789999999998 2.4313099999999999 3.6738620453410391
v -7.0564970000000002 2.4256289999999998 3.2488670453410364
v -6.3418900000000002 4.7715610000000002 3.7431130453410404
v -6.2864079999999998 4.7658800000000001 3.3181180453410377
v -5.4955660000000002 7.0850030000000004 3.8226740453410386
v -5.4400839999999997 7.0793220000000003 3.3976800453410405
v -5.1378870000000001 8.0187469999999994 3.8424490453410414
v -5.0861109999999998 8.0134460000000001 3.4458410453410409
v -4.75671 8.9464799999999993 3.7787480453410396
v -4.730874 8.9438340000000007 3.5808420453410363
v -4.5700339999999997 9.3757870000000008 3.6967220453410405
v -7.8390810000000002 0.10452400000000001 3.4508560453410411
v -7.8400230000000004 0.10462100000000001 3.3508610453410412
v -7.8237310000000004 0.50433600000000001 3.269449045341041
v -7.8212510000000002 0.50408200000000003 3.532718045341035
v -7.8099670000000003 0.90413200000000005 3.2172870453410383
v -7.8064989999999996 0.90377700000000005 3.585382045341035
v -7.7988020000000002 1.3039970000000001 3.1868370453410364
v -7.7947550000000003 1.3035829999999999 3.61638804534104
v -7.7903000000000002 1.703919 3.1714400453410363
v -7.7859569999999998 1.7034739999999999 3.6323930453410398
v -7.7845149999999999 2.103882 3.1654100453410408
v -7.7800529999999997 2.1034250000000001 3.6390850453410408
v -7.7814899999999998 2.5038719999999999 3.1641590453410373
v -7.7769969999999997 2.503412 3.6410500453410393
v -7.7809489999999997 2.8473449999999998 3.1643790453410361
v -7.7764540000000002 2.8468840000000002 3.6414830453410403
v -7.8367050000000003 4.6754749999999996 3.1666670453410362
v -7.832211 4.675014 3.6437720453410378
v -7.9510459999999998 6.500877 3.1695060453410377
v -7.9465510000000004 6.5004169999999997 3.6466100453410348
v -8.1238530000000004 8.3216739999999998 3.1728900453410347
v -8.1193580000000001 8.3212139999999994 3.6499940453410389
v -8.2356660000000002 9.3153780000000008 3.1864560453410391
v -8.2313890000000001 9.31494 3.6404550453410351
v -8.3642310000000002 10.306900000000001 3.2694990453410355
v -8.361478 10.306618 3.5617610453410364
v -8.4686059999999994 11.042669999999999 3.4173360453410382
v 7.0763530000000001 0.00084999999999999995 3.2337510453410374
v 7.1665910000000004 -0.0023939999999999999 3.2767230453410363
v 7.3158320000000003 0.36007299999999998 3.1668370453410404
v 7.088984 0.36822700000000003 3.0588100453410405
v 7.4383999999999997 0.72203200000000001 3.0405410453410369
v 7.1310799999999999 0.73307900000000004 2.8941920453410361
v 7.5428319999999998 1.0831470000000001 2.9019160453410393
v 7.1940860000000004 1.095683 2.7358400453410354
v 7.6364369999999999 1.4431229999999999 2.754458045341039
v 7.2706819999999999 1.4562710000000001 2.5802820453410362
v 7.7251279999999998 1.8017179999999999 2.600999045341041
v 7.35494 1.8150250000000001 2.4247120453410389
v 7.8044279999999997 2.124012 2.4592200453410413
v 7.433916 2.1373310000000001 2.2827790453410373
v 8.1704290000000004 3.5030790000000001 1.7947450453410383
v 7.7999169999999998 3.5163980000000001 1.6183040453410413
v 8.5568360000000006 4.8538819999999996 1.0852890453410353
v 8.1863240000000008 4.8672009999999997 0.90884804534103836
v 8.9631410000000002 6.1746569999999998 0.33177904534103675
v 8.5926290000000005 6.1879759999999999 0.15533804534103979
v 9.2150669999999995 7.0016179999999997 -0.17112395465895958
v 8.8727099999999997 7.0139250000000004 -0.33415695465896533
v 9.3902439999999991 7.8184870000000002 -0.73144895465895843
v 9.2449739999999991 7.823709 -0.80062795465896386
v 9.4173930000000006 8.1128959999999992 -0.95355095465896511
v 7.1225440000000004 0.059228000000000003 3.3680880453410396
v 7.0344949999999997 0.062392999999999997 3.3207870453410351
v 6.9493179999999999 0.45927400000000002 3.3485430453410387
v 7.1684369999999999 0.45139800000000002 3.4662570453410382
v 6.8898020000000004 0.85444600000000004 3.3948700453410368
v 7.1846389999999998 0.84384700000000001 3.5532610453410385
v 6.8472359999999997 1.248176 3.4550800453410346
v 7.1798640000000002 1.236219 3.6337740453410348
v 6.8142199999999997 1.6406860000000001 3.5251900453410343
v 7.1615180000000001 1.628201 3.7117640453410345
v 6.7848550000000003 2.032143 3.6020170453410358
v 7.1355079999999997 2.0195379999999998 3.7903940453410385
v 6.7635769999999997 2.3163689999999999 3.6604560453410357
v 7.1143859999999997 2.3037580000000002 3.8489170453410395
v 6.6467939999999999 3.5847470000000001 3.9627130453410402
v 6.9976029999999998 3.5721370000000001 4.1511730453410394
v 6.5087590000000004 4.841107 4.3037250453410394
v 6.8595689999999996 4.8284960000000003 4.4921850453410386
v 6.3496420000000002 6.0839090000000002 4.6830740453410371
v 6.7004510000000002 6.0712989999999998 4.8715340453410363
v 6.2648479999999998 6.7016349999999996 4.8822470453410389
v 6.6156569999999997 6.6890239999999999 5.0707080453410356
v 6.1377509999999997 7.6357059999999999 5.2163610453410385
v 6.4593829999999999 7.6241440000000003 5.3891470453410406
v 6.0861409999999996 8.5568279999999994 5.6192510453410378
v 6.2035429999999998 8.5526079999999993 5.6823210453410411
v 6.0991020000000002 8.8229220000000002 5.7538750453410401
v 7.0996969999999999 0.100075 3.2297820453410395
v 7.17415 0.097398999999999999 3.2964870453410384
v 7.2624709999999997 0.49376700000000001 3.3306760453410362
v 7.0719390000000004 0.50061599999999995 3.1599690453410361
v 7.3300910000000004 0.89068999999999998 3.3423350453410379
v 7.0688300000000002 0.90008100000000002 3.1082590453410361
v 7.383502 1.2879119999999999 3.3372810453410366
v 7.0838780000000003 1.298683 3.0688340453410348
v 7.428331 1.685209 3.3205600453410398
v 7.1114490000000004 1.6966000000000001 3.0366510453410385
v 7.4692350000000003 2.082392 3.2963490453410387
v 7.1468819999999997 2.0939800000000002 3.0075390453410407
v 7.5097379999999996 2.4793120000000002 3.2678070453410371
v 7.1866500000000002 2.490926 2.9783380453410402
v 7.519406 2.5737890000000001 3.2608090453410412
v 7.1963160000000004 2.5854029999999999 2.9713390453410398
v 7.7708279999999998 4.543787 3.0592260453410347
v 7.4477380000000002 4.555402 2.7697560453410404
v 8.0706950000000006 6.5006199999999996 2.8030450453410367
v 7.7476050000000001 6.5122340000000003 2.5135740453410378
v 8.2326630000000005 7.4752369999999999 2.6613680453410353
v 7.9095750000000002 7.4868519999999998 2.371898045341041
v 8.3965689999999995 8.4479419999999994 2.4965160453410391
v 8.0942760000000007 8.4588090000000005 2.2256780453410414
v 8.5100510000000007 9.4184009999999994 2.2622300453410347
v 8.3533329999999992 9.4240340000000007 2.1218210453410364
v 8.5268610000000002 9.8993579999999994 2.1049880453410381
v -7.5607090000000001 0.0058139999999999997 2.3361720453410371
v -7.5356240000000003 0.0034120000000000001 2.2393990453410382
v -7.6157349999999999 0.38711699999999999 2.1265350453410363
v -7.6809079999999996 0.39335900000000001 2.3779670453410375
v -7.7090540000000001 0.76986900000000003 2.04109704534104
v -7.7993499999999996 0.77851700000000001 2.3894510453410405
v -7.8135289999999999 1.151384 1.9752650453410396
v -7.9180409999999997 1.161394 2.3784610453410409
v -7.9273579999999999 1.5314019999999999 1.9221930453410394
v -8.0387310000000003 1.5420689999999999 2.3518600453410414
v -8.0490139999999997 1.9096900000000001 1.8761170453410401
v -8.1628880000000006 1.920596 2.3154320453410406
v -8.1772950000000009 2.2860459999999998 1.8325130453410381
v -8.291658 2.296999 2.2737180453410346
v -8.2502790000000008 2.494113 1.8084040453410353
v -8.3646550000000008 2.5050680000000001 2.2496570453410385
v -8.5643689999999992 3.3033169999999998 1.7069010453410414
v -8.6787449999999993 3.3142710000000002 2.1481540453410375
v -8.9046099999999999 4.1010260000000001 1.5989050453410414
v -9.0189859999999999 4.11198 2.0401580453410375
v -9.2706180000000007 4.8863430000000001 1.4845370453410354
v -9.384995 4.897297 1.9257900453410386
v -9.6619829999999993 5.6583870000000003 1.3639260453410387
v -9.7763589999999994 5.6693420000000003 1.8051790453410348
v -10.078265 6.41629 1.2372070453410373
v -10.192641 6.4272450000000001 1.6784600453410405
v -10.518997000000001 7.1592019999999996 1.1045240453410372
v -10.633373000000001 7.1701560000000004 1.5457760453410359
v -10.985801 7.8864879999999999 0.97419504534104107
v -11.095942000000001 7.8970370000000001 1.3991050453410381
v -11.488746000000001 8.5983479999999997 0.88723404534103878
v -11.569232 8.6060560000000006 1.197745045341037
v -12.03999 9.2951990000000002 0.89283004534103583
v -7.4320170000000001 0.053763999999999999 2.2674040453410385
v -7.461449 0.056582 2.3629330453410375
v -7.3882130000000004 0.44656000000000001 2.4568270453410364
v -7.312201 0.43928 2.2101040453410405
v -7.3038860000000003 0.83509199999999995 2.522687045341037
v -7.1990020000000001 0.82504699999999997 2.1822530453410351
v -7.2109249999999996 1.222399 2.5684780453410383
v -7.0899700000000001 1.210815 2.1758830453410383
v -7.1114730000000002 1.6086720000000001 2.6011450453410347
v -6.9829689999999998 1.596365 2.184047045341039
v -7.0073259999999999 1.994068 2.6265040453410364
v -6.8762109999999996 1.981511 2.2009310453410365
v -6.8998730000000004 2.3787060000000002 2.6490530453410344
v -6.7683119999999999 2.3661059999999998 2.2220310453410406
v -6.8536020000000004 2.5424359999999999 2.6584880453410378
v -6.722035 2.5298349999999998 2.2314470453410351
v -6.0645350000000002 4.9827380000000003 2.8295860453410384
v -5.9329679999999998 4.9701370000000002 2.4025450453410357
v -5.1855929999999999 7.3899210000000002 3.0293510453410377
v -5.0540260000000004 7.3773200000000001 2.6023090453410376
v -4.8263059999999998 8.3206539999999993 3.098803045341036
v -4.7024860000000004 8.3087949999999999 2.6969070453410353
v -4.4303929999999996 9.2435500000000008 3.0971070453410405
v -4.3608029999999998 9.2368849999999991 2.8712320453410385
v -4.1809010000000004 9.7662429999999993 3.0347940453410374
v -7.5419309999999999 0.104473 2.3486250453410378
v -7.5384869999999999 0.104144 2.2486850453410412
v -7.5235409999999998 0.50370099999999995 2.1712350453410352
v -7.53226 0.50453599999999998 2.4242850453410369
v -7.514608 0.90348099999999998 2.1244520453410374
v -7.5264769999999999 0.904617 2.4689350453410412
v -7.5113729999999999 1.3033920000000001 2.0991720453410352
v -7.5248989999999996 1.3046880000000001 2.4917420453410415
v -7.5135639999999997 1.7033480000000001 2.0875110453410386
v -7.5277969999999996 1.7047110000000001 2.5005870453410353
v -7.5209590000000004 2.1032649999999999 2.0830280453410381
v -7.535393 2.1046469999999999 2.5019150453410361
v -7.5339770000000001 2.5162969999999998 2.0809380453410355
v -7.5484289999999996 2.5176810000000001 2.5003810453410367
v -7.6033439999999999 3.5865870000000002 2.0750160453410373
v -7.6177970000000004 3.587971 2.4944590453410385
v -7.7081929999999996 4.6539780000000004 2.0678810453410392
v -7.7226460000000001 4.6553620000000002 2.4873240453410403
v -7.8484080000000001 5.7172929999999997 2.0595410453410352
v -7.8628600000000004 5.7186769999999996 2.4789840453410363
v -8.0238320000000005 6.7753589999999999 2.0500050453410381
v -8.0382840000000009 6.7767429999999997 2.4694480453410392
v -8.1203129999999994 7.302861 2.0449400453410362
v -8.1347660000000008 7.3042449999999999 2.4643830453410374
v -8.3310840000000006 8.2805 2.0493910453410393
v -8.3445090000000004 8.2817849999999993 2.4389900453410363
v -8.5750899999999994 9.2514489999999991 2.1423620453410379
v -8.5813159999999993 9.252046 2.3230460453410373
v -8.6826709999999991 9.6515369999999994 2.2277850453410366
v 7.413157 -0.00091799999999999998 1.5698550453410363
v 7.3306979999999999 0.0048339999999999998 1.5135740453410378
v 7.2267479999999997 0.39612799999999998 1.5635520453410408
v 7.4412960000000004 0.381164 1.7099870453410375
v 7.144825 0.78455900000000001 1.6338560453410409
v 7.4423690000000002 0.76380599999999998 1.8369380453410358
v 7.0783120000000004 1.170539 1.7199550453410382
v 7.4230020000000003 1.1464970000000001 1.9552150453410349
v 7.021414 1.5544230000000001 1.8178750453410402
v 7.3890060000000002 1.5287839999999999 2.0687660453410359
v 6.9692400000000001 1.9365049999999999 1.9242610453410407
v 7.3452799999999998 1.9102760000000001 2.1809180453410377
v 6.9179409999999999 2.3170030000000001 2.0364680453410386
v 7.295687 2.2906550000000001 2.294290045341036
v 6.8874950000000004 2.539498 2.1037600453410406
v 7.2652900000000002 2.513147 2.3616160453410373
v 6.7143139999999999 3.638115 2.4697660453410393
v 7.0921089999999998 3.611764 2.7276210453410386
v 6.5200800000000001 4.722925 2.86520604534104
v 6.8978739999999998 4.696574 3.1230620453410367
v 6.3050050000000004 5.7927390000000001 3.2896490453410365
v 6.6828000000000003 5.7663880000000001 3.5475050453410404
v 6.0693239999999999 6.8463880000000001 3.7426300453410377
v 6.4471189999999998 6.820036 4.000485045341037
v 5.9463800000000004 7.3689539999999996 3.976163045341039
v 6.3241750000000003 7.3426030000000004 4.2340180453410383
v 5.731948 8.2478639999999999 4.4024170453410392
v 6.08908 8.2229550000000007 4.6461690453410398
v 5.5649280000000001 9.1087600000000002 4.8909390453410353
v 5.7774190000000001 9.0939399999999999 5.0359690453410408
v 5.513522 9.6449940000000005 5.2499920453410382
v 7.4035270000000004 0.059900000000000002 1.4296770453410375
v 7.4747110000000001 0.054934999999999998 1.499736045341038
v 7.6064809999999996 0.440693 1.5056530453410346
v 7.4231230000000004 0.45348300000000002 1.3251940453410356
v 7.7193300000000002 0.82709500000000002 1.4877390453410371
v 7.4667870000000001 0.84470900000000004 1.23919004534104
v 7.8192649999999997 1.2136830000000001 1.451919045341036
v 7.5284990000000001 1.2339640000000001 1.165750045341035
v 7.9115169999999999 1.600058 1.4033500453410355
v 7.6030139999999999 1.6215759999999999 1.0997260453410362
v 8.0004439999999999 1.985881 1.3463380453410352
v 7.685956 2.007816 1.0368220453410402
v 8.0894030000000008 2.3708809999999998 1.2841960453410408
v 7.7739560000000001 2.392884 0.97373704534103922
v 8.1225249999999996 2.5133429999999999 1.2606470453410381
v 7.8070690000000003 2.5353460000000001 0.95017904534103792
v 8.4814480000000003 3.8991069999999999 0.99416504534103467
v 8.1659919999999993 3.921109 0.68369804534103906
v 8.8733579999999996 5.2687410000000003 0.69302504534103804
v 8.5579009999999993 5.2907440000000001 0.38255704534103785
v 9.2977830000000008 6.6205999999999996 0.35758704534103458
v 8.9823269999999997 6.6426030000000003 0.047119045341034393
v 9.5180290000000003 7.2917800000000002 0.18136804534103845
v 9.2025740000000003 7.3137829999999999 -0.12909995465896174
v 9.8260249999999996 8.2049310000000002 -0.085976954658960381
v 9.5296339999999997 8.2256040000000006 -0.37767995465895865
v 10.091649 9.1121429999999997 -0.42538695465896126
v 9.9287229999999997 9.123507 -0.58573695465896236
v 10.196778 9.6094539999999995 -0.66030995465896325
v 7.4105730000000003 0.099505999999999997 1.5710030453410369
v 7.3365119999999999 0.104671 1.5040080453410383
v 7.2877039999999997 0.50825799999999999 1.4685200453410374
v 7.4814030000000002 0.49474800000000002 1.6437380453410384
v 7.2579789999999997 0.91023100000000001 1.4559000453410391
v 7.5275670000000003 0.89142699999999997 1.6997660453410361
v 7.241549 1.3109500000000001 1.4609090453410403
v 7.5548520000000003 1.2890969999999999 1.7443190453410367
v 7.2333220000000003 1.710728 1.4789410453410383
v 7.5683449999999999 1.68736 1.7819990453410384
v 7.2289810000000001 2.1098219999999999 1.5060880453410377
v 7.5723640000000003 2.085871 1.8167080453410378
v 7.2250889999999997 2.508429 1.5392370453410393
v 7.5703459999999998 2.4843479999999998 1.8515520453410375
v 7.2215910000000001 2.7884199999999999 1.5646110453410387
v 7.566929 2.7643330000000002 1.8769990453410372
v 7.1737460000000004 4.1190910000000001 1.720105045341036
v 7.5190830000000002 4.0950040000000003 2.0324940453410392
v 7.0945980000000004 5.4438279999999999 1.9097470453410352
v 7.4399350000000002 5.4197410000000001 2.2221350453410409
v 6.9842420000000001 6.7610210000000004 2.1333050453410394
v 7.32958 6.7369339999999998 2.4456940453410354
v 6.8428129999999996 8.0690729999999995 2.3905090453410409
v 7.1881519999999997 8.0449859999999997 2.7028980453410369
v 6.7290660000000004 9.0383239999999994 2.6090450453410412
v 7.0564869999999997 9.0154870000000003 2.9052250453410409
v 6.6519459999999997 9.9973139999999994 2.8946340453410357
v 6.8539440000000003 9.9832249999999991 3.0773590453410407
v 6.649788 10.643198 3.1503790453410403
v -8.2609359999999992 -0.0060959999999999999 -0.55823895465896101
v -8.2420770000000001 -0.0090390000000000002 -0.46007795465896351
v -8.0068269999999995 0.32075100000000001 -0.41640595465896268
v -8.0549269999999993 0.32825700000000002 -0.66677195465896233
v -7.7738139999999998 0.64899099999999998 -0.40351095465896236
v -7.8396179999999998 0.65925999999999996 -0.74603395465896227
v -7.5413899999999998 0.97538100000000005 -0.41268795465896346
v -7.6167049999999996 0.98713499999999998 -0.80471995465896384
v -7.3081370000000003 1.299658 -0.43640995465896282
v -7.3876629999999999 1.312068 -0.85034895465896199
v -7.0728939999999998 1.621596 -0.46846895465895955
v -7.153708 1.634207 -0.88912095465896357
v -6.8347920000000002 1.941017 -0.50421195465896318
v -6.9157630000000001 1.9536530000000001 -0.92568095465896505
v -6.7937279999999998 1.9959119999999999 -0.51045495465896096
v -6.8746999999999998 2.0085480000000002 -0.9319249546589603
v -6.0253639999999997 2.954701 -0.62932595465895957
v -6.1063349999999996 2.9673370000000001 -1.0507959546589589
v -5.225867 3.8867980000000002 -0.75497795465896189
v -5.3068379999999999 3.8994339999999998 -1.1764479546589612
v -4.3961430000000004 4.7911479999999997 -0.88726995465896152
v -4.4771150000000004 4.8037840000000003 -1.3087389546589634
v -3.537134 5.6667240000000003 -1.0260499546589585
v -3.618106 5.67936 -1.4475189546589604
v -2.8253020000000002 6.356973 -1.1566449546589652
v -2.9008919999999998 6.3687690000000003 -1.5501059546589602
v -2.1115020000000002 7.0297539999999996 -1.3753429546589615
v -2.1494260000000001 7.0356719999999999 -1.5727449546589654
v -1.783085 7.3422859999999996 -1.5315009546589593
v -8.3486659999999997 0.068321000000000007 -0.46006895465896491
v -8.3298229999999993 0.065379999999999994 -0.55823295465896194
v -8.3162889999999994 0.46277800000000002 -0.65093095465896056
v -8.3659850000000002 0.47053299999999998 -0.39205095465896278
v -8.3114840000000001 0.860985 -0.71563995465896113
v -8.3810479999999998 0.87183999999999995 -0.35326295465895896
v -8.3140009999999993 1.259754 -0.7596909546589643
v -8.3952639999999992 1.272435 -0.33636995465896291
v -8.3225940000000005 1.6588639999999999 -0.78956595465896129
v -8.4098760000000006 1.6724840000000001 -0.33488895465896462
v -8.3361959999999993 2.0581209999999999 -0.81081195465895917
v -8.4259470000000007 2.0721270000000001 -0.34327195465895954
v -8.3539469999999998 2.4573649999999998 -0.82791395465896045
v -8.4443389999999994 2.4714710000000002 -0.35702995465896237
v -8.3727839999999993 2.816211 -0.84240595465896462
v -8.4632229999999993 2.8303240000000001 -0.37127895465896188
v -8.505668 4.385859 -0.91493595465896504
v -8.5961069999999999 4.3999730000000001 -0.44380995465895978
v -8.6885960000000004 5.9500000000000002 -0.99690795465896542
v -8.7790359999999996 5.9641130000000002 -0.52578195465896016
v -8.9213740000000001 7.5069809999999997 -1.0882349546589651
v -9.0118139999999993 7.5210939999999997 -0.6171079546589624
v -9.0501819999999995 8.2833729999999992 -1.1362189546589647
v -9.1406209999999994 8.2974859999999993 -0.66509295465895946
v -9.2356110000000005 9.2646470000000001 -1.1895789546589626
v -9.3217470000000002 9.2780900000000006 -0.74086995465896166
v -9.4537849999999999 10.243772 -1.1793689546589619
v -9.5097970000000007 10.252513 -0.88758095465896503
v -9.6474840000000004 10.987517 -1.0874309546589629
v -8.2254369999999994 0.089575000000000002 -0.53725595465895992
v -8.2473910000000004 0.092999999999999999 -0.43975495465895875
v -8.1757939999999998 0.48575000000000002 -0.36321595465896195
v -8.1220689999999998 0.47736600000000001 -0.60182595465896327
v -8.0914859999999997 0.87605999999999995 -0.31645895465896245
v -8.0199999999999996 0.86490500000000003 -0.63394995465895931
v -7.9968149999999998 1.2642070000000001 -0.28915095465896457
v -7.9169260000000001 1.2517400000000001 -0.64396395465896461
v -7.8937530000000002 1.650407 -0.2726309546589647
v -7.8109169999999999 1.63748 -0.64053295465896554
v -7.7838409999999998 2.0348099999999998 -0.26016895465896539
v -7.700482 2.021801 -0.63039295465895862
v -7.7320960000000003 2.2108639999999999 -0.25468395465896521
v -7.6487290000000003 2.197854 -0.62494495465896449
v -7.4256710000000004 3.1309680000000002 -0.21801895465895882
v -7.3423040000000004 3.1179589999999999 -0.58828095465896268
v -7.0867909999999998 4.0392760000000001 -0.173632954658963
v -7.0034229999999997 4.0262659999999997 -0.54389395465896229
v -6.7159050000000002 4.9345790000000003 -0.12158295465896174
v -6.6325370000000001 4.92157 -0.49184395465896102
v -6.3135079999999997 5.8156879999999997 -0.061938954658963041
v -6.2301409999999997 5.8026790000000004 -0.43219995465896233
v -6.1045309999999997 6.2524740000000003 -0.030232954658963251
v -6.0211629999999996 6.2394639999999999 -0.40049395465896254
v -5.6522230000000002 7.1095290000000002 0.024397045341039814
v -5.576174 7.0976619999999997 -0.31335895465895902
v -5.1478609999999998 7.9460750000000004 -0.011113954658959813
v -5.1230450000000003 7.942202 -0.12132895465896354
v -5.0139100000000001 8.153162 -0.046198954658962066
v 8.4322130000000008 -0.0024429999999999999 0.63748504534103745
v 8.4627199999999991 -0.0047569999999999999 0.73269004534103743
v 8.6197009999999992 0.368475 0.76627804534103916
v 8.5457339999999995 0.374085 0.53544204534103557
v 8.7719249999999995 0.74043499999999995 0.76759704534103435
v 8.6741089999999996 0.74785400000000002 0.46233304534104036
v 8.9227109999999996 1.1107940000000001 0.74711504534104023
v 8.813955 1.1190420000000001 0.40770904534103636
v 9.0748219999999993 1.4792639999999999 0.71354304534104074
v 8.9624570000000006 1.4877860000000001 0.36287204534103523
v 9.2303599999999992 1.8456090000000001 0.67354204534103701
v 9.1174510000000009 1.8541730000000001 0.32117704534103808
v 9.2806320000000007 1.962798 0.66028604534103863
v 9.1677210000000002 1.9713620000000001 0.30791104534103653
v 9.6788969999999992 2.814044 0.55335804534103517
v 9.5659849999999995 2.8226079999999998 0.20098304534104017
v 10.104081000000001 3.6509749999999999 0.43745504534103929
v 9.991168 3.659538 0.085080045341037192
v 10.555705 4.4726439999999998 0.31270904534103749
v 10.442793 4.4812079999999996 -0.039665954658964608
v 11.03326 5.2781250000000002 0.17926104534103615
v 10.920349 5.286689 -0.17311395465895885
v 11.278421 5.676647 0.11038904534103722
v 11.165508000000001 5.6852109999999998 -0.24198595465896489
v 11.788895999999999 6.4565219999999997 -0.051294954658963832
v 11.685897000000001 6.464334 -0.37273395465896186
v 12.294161000000001 7.2202270000000004 -0.31409395465896495
v 12.260551 7.2227769999999998 -0.41898395465896243
v 12.413855999999999 7.4105850000000002 -0.4056819546589594
v 8.3763439999999996 0.061967000000000001 0.76519604534103536
v 8.3399110000000007 0.064729999999999996 0.6721100453410358
v 8.2628350000000008 0.462731 0.63012704534104103
v 8.3562150000000006 0.45564900000000003 0.86872404534103964
v 8.1909919999999996 0.85894999999999999 0.6186950453410347
v 8.3191760000000006 0.84922799999999998 0.94621404534103704
v 8.1212459999999993 1.2535270000000001 0.62974804534103868
v 8.2683920000000004 1.2423660000000001 1.0057170453410365
v 8.0508740000000003 1.6465689999999999 0.65628404534103879
v 8.2066140000000001 1.634757 1.0542150453410386
v 7.9776220000000002 2.0381520000000002 0.69249604534103781
v 8.1361310000000007 2.0261300000000002 1.0974990453410385
v 7.8997849999999996 2.4283090000000001 0.73396804534103666
v 8.0586819999999992 2.4162569999999999 1.1399640453410385
v 7.8784239999999999 2.533433 0.74544704534103801
v 8.0373239999999999 2.5213809999999999 1.1514470453410368
v 7.6680469999999996 3.4141379999999999 0.85392604534104066
v 7.8269469999999997 3.4020860000000002 1.2599260453410395
v 7.4281280000000001 4.2857810000000001 0.97369904534103568
v 7.5870280000000001 4.2737290000000003 1.3796990453410345
v 7.1589790000000004 5.147227 1.1046090453410358
v 7.3178780000000003 5.1351750000000003 1.5106090453410346
v 6.8609499999999999 5.9973549999999998 1.2464860453410367
v 7.0198489999999998 5.985303 1.6524860453410355
v 6.5344280000000001 6.8350580000000001 1.3991450453410366
v 6.693327 6.8230060000000003 1.80514604534104
v 6.3641230000000002 7.2505980000000001 1.4781340453410365
v 6.5230220000000001 7.2385460000000004 1.8841340453410353
v 5.999492 8.0673359999999992 1.6563510453410402
v 6.1507509999999996 8.0558630000000004 2.0428290453410369
v 5.6304210000000001 8.8672179999999994 1.9033950453410355
v 5.7281959999999996 8.8598020000000002 2.1532170453410373
v 5.3673099999999998 9.4559250000000006 2.1680000453410386
v 8.4156010000000006 0.099103999999999998 0.63013504534103504
v 8.4776120000000006 0.094400999999999999 0.70844604534103439
v 8.5780429999999992 0.48714499999999999 0.75687004534103863
v 8.4146730000000005 0.49953599999999998 0.55055704534103711
v 8.6635600000000004 0.88073999999999997 0.77987504534103635
v 8.4350369999999995 0.89807300000000001 0.49128204534103759
v 8.7388169999999992 1.2747919999999999 0.78334704534103849
v 8.4720300000000002 1.295026 0.44643204534104086
v 8.8079219999999996 1.668944 0.77248504534103546
v 8.5215300000000003 1.690666 0.41081004534103727
v 8.8743879999999997 2.0628899999999999 0.75173204534103633
v 8.5800129999999992 2.0852170000000001 0.37997704534103605
v 8.9410480000000003 2.4563709999999999 0.72468004534103869
v 8.6446319999999996 2.478853 0.35034804534103614
v 9.0009429999999995 2.8000210000000001 0.69803504534103666
v 8.7043879999999998 2.822514 0.32352604534104046
v 9.2731879999999993 4.1409399999999996 0.56299204534104064
v 8.9766320000000004 4.1634320000000002 0.18848204534103985
v 9.5822160000000007 5.4705029999999999 0.39813804534103525
v 9.2856609999999993 5.4929959999999998 0.023629045341039046
v 9.9276420000000005 6.787045 0.20368204534103995
v 9.6310859999999998 6.8095379999999999 -0.17082695465896336
v 10.309030999999999 8.0889150000000001 -0.020132954658961921
v 10.012475 8.1114069999999998 -0.39464195465896523
v 10.598096 9.0278150000000004 -0.20732595465896253
v 10.315802 9.0492260000000009 -0.56382395465896451
v 10.862985999999999 9.9608290000000004 -0.46383695465895869
v 10.680527 9.9746679999999994 -0.69425895465896303
v 11.018176 10.659090000000001 -0.7326549546589618
v -7.2457459999999996 0.0054720000000000003 -2.5459749546589592
v -7.2532610000000002 0.0063699999999999998 -2.6456879546589605
v -7.3233730000000001 0.40166400000000002 -2.7092309546589632
v -7.3050100000000002 0.39946799999999999 -2.4655669546589607
v -7.3959200000000003 0.79583899999999996 -2.7405599546589627
v -7.3715109999999999 0.79291900000000004 -2.4166609546589655
v -7.4716940000000003 1.1889320000000001 -2.7503039546589605
v -7.4444379999999999 1.1856720000000001 -2.3886269546589602
v -7.5513529999999998 1.580964 -2.7473679546589622
v -7.5231079999999997 1.5775859999999999 -2.3725659546589597
v -7.6354040000000003 1.971938 -2.738650954658965
v -7.6069880000000003 1.968539 -2.3615779546589621
v -7.672968 2.1423809999999999 -2.7342999546589652
v -7.6445489999999996 2.1389819999999999 -2.3571959546589625
v -7.9421540000000004 3.1954050000000001 -2.7045229546589624
v -7.913735 3.1920060000000001 -2.3274189546589596
v -8.2462990000000005 4.2387930000000003 -2.6721989546589597
v -8.2178810000000002 4.2353940000000003 -2.2950939546589595
v -8.5850620000000006 5.2713789999999996 -2.6373619546589637
v -8.5566429999999993 5.2679799999999997 -2.260257954658961
v -8.9580640000000002 6.292008 -2.6000539546589607
v -8.929646 6.2886100000000003 -2.2229489546589605
v -9.3283620000000003 7.2194909999999997 -2.5453469546589602
v -9.3027080000000009 7.2164229999999998 -2.2049139546589629
v -9.7186430000000001 8.1340660000000007 -2.3786019546589614
v -9.7123340000000002 8.1333110000000008 -2.2948709546589612
v -9.7861709999999995 8.2931840000000001 -2.3299719546589586
v -7.1283380000000003 0.051855999999999999 -2.6274609546589645
v -7.1652250000000004 0.056267999999999999 -2.5346179546589624
v -7.0701210000000003 0.43908999999999998 -2.4350179546589601
v -6.9784329999999999 0.428124 -2.6657909546589593
v -6.960477 0.819465 -2.3634199546589656
v -6.8372039999999998 0.80471999999999999 -2.6736869546589617
v -6.839969 1.197803 -2.3105909546589629
v -6.7009920000000003 1.1811799999999999 -2.6603869546589607
v -6.7117209999999998 1.5744530000000001 -2.2686979546589612
v -6.5666900000000004 1.5571060000000001 -2.6337299546589605
v -6.5782230000000004 1.9496830000000001 -2.2315009546589621
v -6.4318299999999997 1.9321729999999999 -2.599960954658961
v -6.4819069999999996 2.2144249999999999 -2.2057279546589612
v -6.3354540000000004 2.1969080000000001 -2.5743379546589651
v -5.8000569999999998 3.8978920000000001 -2.014821954658963
v -5.6536039999999996 3.8803749999999999 -2.3834329546589643
v -5.059342 5.5532700000000004 -1.7991949546589652
v -4.9128889999999998 5.5357529999999997 -2.1678049546589619
v -4.6744680000000001 6.373481 -1.6852579546589652
v -4.528016 6.3559640000000002 -2.0538689546589595
v -4.2296060000000004 7.2616180000000004 -1.5686869546589648
v -4.0954629999999996 7.2455740000000004 -1.9063149546589599
v -3.730775 8.1356079999999995 -1.5378289546589627
v -3.682798 8.1298689999999993 -1.6585829546589608
v -3.576505 8.3806440000000002 -1.5582249546589608
v -7.2340200000000001 0.104782 -2.5461039546589603
v -7.2412570000000001 0.105647 -2.6458379546589583
v -7.2226330000000001 0.50555499999999998 -2.7157269546589617
v -7.2050010000000002 0.50344599999999995 -2.4727409546589598
v -7.2045810000000001 0.90534700000000001 -2.7534639546589617
v -7.18119 0.90254900000000005 -2.4311079546589625
v -7.1878830000000002 1.3050949999999999 -2.7698069546589608
v -7.1618069999999996 1.301976 -2.4104469546589655
v -7.17319 1.704855 -2.7737409546589618
v -7.1462000000000003 1.701627 -2.4017739546589638
v -7.1610079999999998 2.1046680000000002 -2.7721949546589641
v -7.1338670000000004 2.1014219999999999 -2.3981579546589629
v -7.1566539999999996 2.2611780000000001 -2.7711639546589595
v -7.1295109999999999 2.2579319999999998 -2.397104954658964
v -7.1807840000000001 4.4175209999999998 -2.7506979546589605
v -7.1536410000000004 4.4142739999999998 -2.376638954658965
v -7.2889869999999997 6.5712159999999997 -2.7241539546589593
v -7.2618450000000001 6.5679679999999996 -2.3500949546589638
v -7.3558630000000003 7.5686299999999997 -2.6918979546589625
v -7.3314269999999997 7.5657079999999999 -2.3551339546589602
v -7.432652 8.5636589999999995 -2.546461954658966
v -7.4271589999999996 8.5630019999999991 -2.4707599546589591
v -7.4438529999999998 8.7192640000000008 -2.506245954658965
v 7.7414459999999998 0.0095090000000000001 -4.5611309546589638
v 7.7620139999999997 0.006169 -4.6589359546589648
v 7.6979449999999998 0.39467600000000003 -4.7604589546589651
v 7.6472899999999999 0.40290199999999998 -4.5195839546589625
v 7.6235759999999999 0.78340100000000001 -4.8317039546589626
v 7.5558909999999999 0.79439300000000002 -4.5098439546589617
v 7.5410409999999999 1.1719619999999999 -4.8827729546589609
v 7.4651319999999997 1.1842900000000001 -4.5218019546589616
v 7.4521389999999998 1.56003 -4.9221809546589625
v 7.3732280000000001 1.572845 -4.5469389546589625
v 7.3582850000000004 1.9473389999999999 -4.956610954658963
v 7.2787839999999999 1.96025 -4.5785639546589607
v 7.3046490000000004 2.162957 -4.9752899546589617
v 7.2251329999999996 2.1758700000000002 -4.5971719546589611
v 6.8970659999999997 3.5814599999999999 -5.1094449546589615
v 6.8175499999999998 3.594373 -4.7313269546589609
v 6.4389810000000001 4.9834690000000004 -5.2536559546589601
v 6.3594660000000003 4.9963819999999997 -4.875538954658964
v 5.9310049999999999 6.367121 -5.407732954658961
v 5.8514889999999999 6.3800330000000001 -5.0296149546589604
v 5.562157 7.2922960000000003 -5.4989029546589592
v 5.4898800000000003 7.3040330000000004 -5.1552059546589604
v 5.1493529999999996 8.2113739999999993 -5.4911579546589593
v 5.127745 8.2148839999999996 -5.3884079546589589
v 5.0510549999999999 8.4166460000000001 -5.4651329546589622
v 7.8601640000000002 0.051015999999999999 -4.6483759546589596
v 7.8577490000000001 0.051408000000000002 -4.5484069546589652
v 7.9822699999999998 0.43119499999999999 -4.4646869546589585
v 7.9886549999999996 0.43015799999999998 -4.7289609546589588
v 8.1123499999999993 0.80921399999999999 -4.4098629546589621
v 8.121302 0.80776099999999995 -4.7804029546589604
v 8.2477870000000006 1.185432 -4.37656495465896
v 8.2582590000000007 1.1837310000000001 -4.8100719546589659
v 8.3884019999999992 1.559812 -4.3582689546589606
v 8.3996650000000006 1.5579829999999999 -4.8244909546589625
v 8.5340369999999997 1.932315 -4.3493799546589642
v 8.5456289999999999 1.9304319999999999 -4.8292579546589636
v 8.6845560000000006 2.3028970000000002 -4.345349954658964
v 8.6962379999999992 2.3010000000000002 -4.8289209546589618
v 8.8331110000000006 2.656031 -4.3429949546589626
v 8.8447999999999993 2.6541329999999999 -4.8268699546589602
v 9.3011300000000006 3.6660900000000001 -4.3356509546589592
v 9.3128189999999993 3.6641919999999999 -4.8195259546589639
v 9.8048999999999999 4.6587959999999997 -4.3273749546589642
v 9.8165890000000005 4.656898 -4.8112509546589592
v 10.343775000000001 5.6328829999999996 -4.3181789546589613
v 10.355464 5.6309849999999999 -4.8020539546589589
v 10.917069 6.58711 -4.3080739546589655
v 10.928758999999999 6.5852120000000003 -4.7919479546589656
v 11.524053 7.5202590000000002 -4.2970709546589632
v 11.535742000000001 7.5183619999999998 -4.7809459546589608
v 12.096151000000001 8.3405210000000007 -4.2976979546589646
v 12.107298999999999 8.3387100000000007 -4.7591269546589601
v 12.695880000000001 9.1417540000000006 -4.3649619546589591
v 12.703233000000001 9.1405609999999999 -4.6692689546589605
v 13.183339 9.7568999999999999 -4.5078429546589618
v 7.762867 0.10734 -4.5537979546589611
v 7.770804 0.10605100000000001 -4.6534739546589634
v 7.8139890000000003 0.50335200000000002 -4.7286469546589629
v 7.7944250000000004 0.50652900000000001 -4.4829719546589644
v 7.8485880000000003 0.90158099999999997 -4.7726969546589615
v 7.8224330000000002 0.90582799999999997 -4.4442519546589594
v 7.8754080000000002 1.300513 -4.7958869546589611
v 7.8460619999999999 1.3052790000000001 -4.4273679546589619
v 7.8951349999999998 1.699943 -4.8068759546589632
v 7.8646190000000002 1.7048989999999999 -4.4236639546589629
v 7.9083069999999998 2.0996899999999998 -4.8124669546589587
v 7.8775579999999996 2.1046830000000001 -4.4263319546589628
v 7.9137719999999998 2.32755 -4.8150179546589627
v 7.8830169999999997 2.332544 -4.4288049546589647
v 7.9048870000000004 3.2185969999999999 -4.8272489546589625
v 7.8741320000000004 3.223592 -4.4410359546589646
v 7.8657750000000002 4.1087939999999996 -4.8418759546589598
v 7.8350200000000001 4.1137889999999997 -4.4556619546589644
v 7.7964789999999997 4.997109 -4.8588809546589644
v 7.7657239999999996 5.002103 -4.4726679546589594
v 7.6970809999999998 5.8825130000000003 -4.8782459546589649
v 7.6663259999999998 5.8875070000000003 -4.4920329546589599
v 7.5676949999999996 6.763979 -4.8999489546589601
v 7.5369400000000004 6.7689729999999999 -4.5137349546589647
v 7.4074869999999997 7.6406460000000003 -4.9116039546589647
v 7.3787000000000003 7.645321 -4.5501089546589597
v 7.211722 8.5122990000000005 -4.8513909546589602
v 7.1967129999999999 8.5147359999999992 -4.6629189546589629
v 7.1024060000000002 8.9471019999999992 -4.7708699546589628
v -6.3405250000000004 -0.0028540000000000002 -6.7377529546589585
v -6.3619060000000003 -0.001828 -6.6400699546589621
v -6.2142410000000003 0.36177700000000002 -6.5266019546589646
v -6.157368 0.35904799999999998 -6.7864299546589635
v -6.0586650000000004 0.72423800000000005 -6.440788954658963
v -5.9785820000000003 0.72039600000000004 -6.8066579546589594
v -5.8967049999999999 1.0856209999999999 -6.3756789546589658
v -5.8026479999999996 1.081108 -6.8053919546589583
v -5.7297180000000001 1.4459820000000001 -6.3250959546589627
v -5.6282180000000004 1.441111 -6.7888089546589612
v -5.5588740000000003 1.805366 -6.2837089546589624
v -5.4541300000000001 1.8003400000000001 -6.7622429546589586
v -5.3851360000000001 2.1638109999999999 -6.2471389546589648
v -5.2794290000000004 2.1587390000000002 -6.730072954658965
v -5.2092210000000003 2.5213429999999999 -6.2121339546589596
v -5.1034079999999999 2.5162650000000002 -6.6955549546589594
v -5.1891230000000004 2.5621200000000002 -6.2081629546589596
v -5.08331 2.5570430000000002 -6.6915849546589641
v -3.8483010000000002 5.0577949999999996 -5.9408869546589642
v -3.7424870000000001 5.0527179999999996 -6.4243089546589616
v -2.4216250000000001 7.5032180000000004 -5.6542929546589633
v -2.3158110000000001 7.4981410000000004 -6.1377149546589607
v -1.907519 8.3560020000000002 -5.5617129546589581
v -1.806298 8.3511450000000007 -6.024154954658961
v -1.369264 9.2015250000000002 -5.5297299546589613
v -1.300187 9.1982110000000006 -5.8453179546589595
v -0.88578599999999996 9.910717 -5.5967239546589624
v -6.4514440000000004 0.062536999999999995 -6.6544189546589649
v -6.4422680000000003 0.062096999999999999 -6.7539959546589614
v -6.4927910000000004 0.45745599999999997 -6.8417859546589597
v -6.5168379999999999 0.45860899999999999 -6.5808089546589628
v -6.5489689999999996 0.852495 -6.9005309546589615
v -6.5824850000000001 0.85410299999999995 -6.5367839546589579
v -6.6100890000000003 1.247158 -6.9379269546589626
v -6.6490900000000002 1.2490300000000001 -6.5146479546589617
v -6.6755250000000004 1.641394 -6.9607469546589584
v -6.7172749999999999 1.6433979999999999 -6.5076249546589651
v -6.7447400000000002 2.035155 -6.974753954658965
v -6.787566 2.03721 -6.5099549546589657
v -6.8173069999999996 2.4283980000000001 -6.9845509546589639
v -6.8603839999999998 2.4304649999999999 -6.5170299546589661
v -6.8735559999999998 2.7234560000000001 -6.9911069546589601
v -6.9166460000000001 2.7255229999999999 -6.5234499546589646
v -7.2698790000000004 4.4790270000000003 -7.0353859546589632
v -7.3129689999999998 4.4810949999999998 -6.5677289546589606
v -7.7249819999999998 6.2201420000000001 -7.0850169546589612
v -7.7680720000000001 6.2222099999999996 -6.6173599546589656
v -8.2383450000000007 7.9448179999999997 -7.1399419546589655
v -8.2814350000000001 7.9468860000000001 -6.6722859546589603
v -8.5424319999999998 8.8973220000000008 -7.1601979546589618
v -8.5833329999999997 8.8992839999999998 -6.7162879546589664
v -8.8708139999999993 9.8442600000000002 -7.1108159546589604
v -8.8963990000000006 9.8454890000000006 -6.8331419546589629
v -9.1169080000000005 10.50487 -6.9963929546589583
v -6.3386940000000003 0.097172999999999995 -6.7420289546589629
v -6.352843 0.097851999999999995 -6.6430369546589603
v -6.3200849999999997 0.495923 -6.5579709546589626
v -6.282654 0.49412699999999998 -6.81985395465896
v -6.2786739999999996 0.89325500000000002 -6.5009499546589637
v -6.2261660000000001 0.89073599999999997 -6.8683269546589614
v -6.2296589999999998 1.289846 -6.4647089546589598
v -6.1681990000000004 1.2868980000000001 -6.8947149546589657
v -6.1739639999999998 1.6856880000000001 -6.4428099546589621
v -6.1078390000000002 1.682515 -6.9054539546589595
v -6.112387 2.0807639999999998 -6.4297289546589624
v -6.0443049999999996 2.0774970000000001 -6.9060709546589578
v -6.0455800000000002 2.4750529999999999 -6.4209719546589596
v -5.9769620000000003 2.4717600000000002 -6.9010619546589638
v -5.9758230000000001 2.8591950000000002 -6.4134729546589639
v -5.907159 2.8559009999999998 -6.8938829546589631
v -5.7110320000000003 4.0704589999999996 -6.3839339546589642
v -5.6423680000000003 4.067164 -6.8643439546589633
v -5.4034149999999999 5.2713929999999998 -6.3482019546589612
v -5.3347509999999998 5.2680990000000003 -6.8286129546589649
v -5.0533659999999996 6.4604509999999999 -6.3063249546589617
v -4.9847020000000004 6.4571569999999996 -6.7867349546589608
v -4.6613360000000004 7.6361049999999997 -6.2583559546589598
v -4.5926710000000002 7.6328100000000001 -6.7387649546589614
v -4.4549180000000002 8.2202950000000001 -6.2328589546589654
v -4.3862540000000001 8.2170000000000005 -6.713269954658962
v -4.0936430000000001 9.1522030000000001 -6.1988939546589634
v -4.0281390000000004 9.1490589999999994 -6.6571959546589596
v -3.6963650000000001 10.072782999999999 -6.2273919546589624
v -3.652981 10.070701 -6.5309299546589585
v -3.3529749999999998 10.792652 -6.3381249546589657
v -1.7606580000000001 0.0046230000000000004 -5.8356599546589649
v -1.664058 -0.0027390000000000001 -5.8604479546589658
v -1.588176 0.37631399999999998 -5.9890169546589647
v -1.8340449999999999 0.39505400000000002 -5.9259269546589621
v -1.5425450000000001 0.75697800000000004 -6.1122409546589651
v -1.8784380000000001 0.78257900000000002 -6.0260499546589585
v -1.5185169999999999 1.1385780000000001 -6.2323359546589643
v -1.9024840000000001 1.167843 -6.13380895465896
v -1.508629 1.5205329999999999 -6.351212954658962
v -1.9136489999999999 1.5514030000000001 -6.2472829546589637
v -1.50674 1.9023589999999999 -6.4704419546589662
v -1.918072 1.93371 -6.3648939546589602
v -1.508275 2.2836949999999998 -6.5911959546589642
v -1.9203269999999999 2.3151000000000002 -6.4854629546589635
v -1.5085360000000001 2.333939 -6.6071349546589602
v -1.920587 2.365345 -6.5014019546589594
v -1.544279 4.64337 -7.4323939546589628
v -1.956331 4.6747759999999996 -7.3266599546589646
v -1.603588 6.9211689999999999 -8.3400909546589617
v -2.0156399999999999 6.9525750000000004 -8.2343579546589609
v -1.6456409999999999 7.8452890000000002 -8.7201469546589578
v -2.029766 7.8745659999999997 -8.6215799546589622
v -1.7753730000000001 8.7699529999999992 -9.0921749546589581
v -1.964016 8.7843300000000006 -9.0437689546589581
v -1.884976 9.1911470000000008 -9.2504959546589589
v -1.63202 0.054993 -5.768718954658965
v -1.7262470000000001 0.062175000000000001 -5.736011954658963
v -1.746904 0.45802700000000002 -5.6404019546589623
v -1.5034890000000001 0.43947399999999998 -5.7248939546589597
v -1.737274 0.85034200000000004 -5.548718954658959
v -1.4013519999999999 0.824739 -5.6653219546589639
v -1.705219 1.239619 -5.4582579546589614
v -1.317774 1.210089 -5.592745954658966
v -1.6576010000000001 1.626282 -5.3666639546589607
v -1.2459249999999999 1.5949059999999999 -5.5095619546589631
v -1.600163 2.0106700000000002 -5.2719699546589638
v -1.1800889999999999 1.978653 -5.4177829546589606
v -1.5373619999999999 2.3930229999999999 -5.1726589546589636
v -1.1158440000000001 2.3608959999999999 -5.3189729546589604
v -1.5096529999999999 2.5574050000000002 -5.1288939546589631
v -1.0881160000000001 2.5252759999999999 -5.2752149546589635
v -1.363232 3.366187 -4.8846569546589649
v -0.94169400000000003 3.3340589999999999 -5.0309779546589652
v -1.2084619999999999 4.1650039999999997 -4.6141799546589652
v -0.78692499999999999 4.1328750000000003 -4.7605009546589656
v -1.0455239999999999 4.9529240000000003 -4.3177789546589622
v -0.62398699999999996 4.920795 -4.4640999546589626
v -0.87460800000000005 5.7290279999999996 -3.9957989546589658
v -0.453071 5.6968990000000002 -4.1421199546589591
v -0.695913 6.4924099999999996 -3.6486159546589647
v -0.27437600000000001 6.4602810000000002 -3.7949369546589651
v -0.50964799999999999 7.2421800000000003 -3.2766359546589641
v -0.088110999999999995 7.2100520000000001 -3.4229559546589599
v -0.308224 7.9768699999999999 -2.8829999546589633
v 0.097700999999999996 7.945932 -3.0239019546589603
v -0.052835 8.6926459999999999 -2.4817209546589609
v 0.24380199999999999 8.6700370000000007 -2.5846879546589605
v 0.30312099999999997 9.3850979999999993 -2.0895459546589592
v -1.7342679999999999 0.10290199999999999 -5.8565079546589658
v -1.6356710000000001 0.095387 -5.8416049546589619
v -1.5211030000000001 0.487066 -5.8535859546589606
v -1.7808900000000001 0.50686600000000004 -5.892854954658965
v -1.4348110000000001 0.88066900000000004 -5.8733799546589651
v -1.7982290000000001 0.90836799999999995 -5.9283139546589609
v -1.3693949999999999 1.275603 -5.899864954658959
v -1.7936920000000001 1.3079419999999999 -5.9640009546589638
v -1.3183180000000001 1.6713370000000001 -5.9320489546589599
v -1.7738210000000001 1.706054 -6.0009019546589641
v -1.2759910000000001 2.0674160000000001 -5.969085954658965
v -1.74421 2.1031019999999998 -6.0398609546589626
v -1.2379020000000001 2.4634640000000001 -6.0102889546589608
v -1.7093769999999999 2.4993989999999999 -6.0815559546589597
v -1.2054309999999999 2.8106409999999999 -6.0492829546589633
v -1.6771309999999999 2.8465929999999999 -6.120584954658959
v -1.0530109999999999 4.3584690000000004 -6.277181954658964
v -1.5247109999999999 4.3944219999999996 -6.3484839546589598
v -0.89332100000000003 5.896852 -6.5579329546589662
v -1.365021 5.932804 -6.629234954658962
v -0.72655199999999998 7.4239610000000003 -6.891202954658965
v -1.1982520000000001 7.4599130000000002 -6.9625049546589608
v -0.64143399999999995 8.1843570000000003 -7.0708959546589654
v -1.1131340000000001 8.2203090000000003 -7.1421969546589636
v -0.54170799999999997 9.1471630000000008 -7.3222749546589654
v -0.99074899999999999 9.1813880000000001 -7.3901509546589637
v -0.50725600000000004 10.109159 -7.6048479546589647
v -0.79767699999999997 10.131294 -7.6487479546589583
v -0.56554899999999997 10.834413 -7.8416999546589636
v -0.168292 0.0046990000000000001 -6.4818919546589626
v -0.11768099999999999 0.001217 -6.5680679546589644
v -0.170983 0.38231999999999999 -6.6993229546589603
v -0.295346 0.390878 -6.4875669546589592
v -0.24530299999999999 0.76282499999999998 -6.8059929546589615
v -0.41122700000000001 0.77424199999999999 -6.5234699546589638
v -0.33534199999999997 1.1422840000000001 -6.8970479546589587
v -0.52119099999999996 1.155073 -6.5805989546589601
v -0.43663800000000003 1.5203089999999999 -6.9800349546589615
v -0.62965700000000002 1.53359 -6.6513779546589618
v -0.54569599999999996 1.896577 -7.0608489546589652
v -0.74007400000000001 1.9099520000000001 -6.7298769546589625
v -0.60425099999999998 2.0923590000000001 -7.1031819546589645
v -0.79865799999999998 2.1057359999999998 -6.7721609546589647
v -0.908663 3.000391 -7.3186569546589624
v -1.10307 3.0137679999999998 -6.9876359546589626
v -1.241584 3.894326 -7.5503059546589597
v -1.435991 3.9077039999999998 -7.2192849546589599
v -1.6025750000000001 4.7729840000000001 -7.7978219546589642
v -1.7969820000000001 4.7863610000000003 -7.4667999546589598
v -1.991158 5.6352029999999997 -8.0608779546589631
v -2.185565 5.6485810000000001 -7.7298569546589633
v -2.1922519999999999 6.0619889999999996 -8.196226954658961
v -2.3866589999999999 6.0753659999999998 -7.8652049546589637
v -2.6297830000000002 6.8980100000000002 -8.4674059546589646
v -2.8071229999999998 6.9102129999999997 -8.165444954658966
v -3.1447590000000001 7.7183109999999999 -8.666035954658966
v -3.2026279999999998 7.7222929999999996 -8.5675019546589652
v -3.28912 7.9231049999999996 -8.6927539546589614
v -0.029420999999999999 0.055285000000000001 -6.523323954658963
v -0.072228000000000001 0.058230999999999998 -6.4329969546589609
v -0.025666999999999999 0.45158399999999999 -6.3363929546589617
v 0.084703000000000001 0.44399 -6.5692799546589598
v 0.036642000000000001 0.84336500000000003 -6.2656609546589621
v 0.18875500000000001 0.83289800000000003 -6.5866289546589627
v 0.111091 1.233795 -6.2132069546589577
v 0.286329 1.2217370000000001 -6.5829699546589637
v 0.19454099999999999 1.6230640000000001 -6.172415954658959
v 0.38055600000000001 1.6102650000000001 -6.5649209546589589
v 0.28436400000000001 2.0113279999999998 -6.1377629546589603
v 0.47405000000000003 1.9982759999999999 -6.5380119546589626
v 0.37853700000000001 2.3987020000000001 -6.1049869546589619
v 0.568824 2.385608 -6.5065049546589648
v 0.41582400000000003 2.5497200000000002 -6.0922319546589634
v 0.60611800000000005 2.536626 -6.4937639546589594
v 0.87369699999999995 4.1829169999999998 -5.9284959546589633
v 1.06399 4.1698230000000001 -6.3300289546589639
v 1.3817630000000001 5.7985530000000001 -5.7404009546589592
v 1.5720559999999999 5.7854590000000004 -6.1419339546589597
v 1.9394229999999999 7.3947229999999999 -5.528166954658964
v 2.1297160000000002 7.3816290000000002 -5.92969895465896
v 2.2892779999999999 8.3238050000000001 -5.4073969546589638
v 2.4681769999999998 8.3114950000000007 -5.7848859546589608
v 2.6900789999999999 9.2429400000000008 -5.3505649546589638
v 2.789215 9.2361179999999994 -5.5597489546589642
v 2.9454940000000001 9.7497240000000005 -5.374239954658961
v -0.16017899999999999 0.104377 -6.4776189546589649
v -0.115079 0.101274 -6.5668179546589585
v -0.076188000000000006 0.49881399999999998 -6.6429029546589646
v -0.187197 0.50645200000000001 -6.4233499546589599
v -0.054475000000000003 0.89732900000000004 -6.6921069546589607
v -0.20274900000000001 0.90753200000000001 -6.3988489546589591
v -0.045268000000000003 1.296473 -6.7236669546589596
v -0.211506 1.307912 -6.3948789546589637
v -0.044632999999999999 1.6959489999999999 -6.7453619546589607
v -0.21740399999999999 1.707838 -6.4036559546589586
v -0.049484 2.09552 -6.7632979546589596
v -0.223527 2.1074959999999998 -6.4190749546589601
v -0.053337000000000002 2.314632 -6.7729069546589642
v -0.227411 2.3266100000000001 -6.4286239546589599
v -0.140874 4.0847959999999999 -6.8787529546589639
v -0.31494800000000001 4.0967750000000001 -6.534468954658962
v -0.28453000000000001 5.8493779999999997 -7.0127789546589625
v -0.45860400000000001 5.8613559999999998 -6.6684949546589607
v -0.37035600000000002 6.7298559999999998 -7.0868059546589635
v -0.54442999999999997 6.7418339999999999 -6.7425229546589662
v -0.49272300000000002 7.719544 -7.1633169546589599
v -0.65087300000000003 7.7304269999999997 -6.8505269546589602
v -0.68054099999999995 8.7094500000000004 -7.1541749546589628
v -0.72722299999999995 8.7126619999999999 -7.0618469546589608
v -0.73370400000000002 8.9271969999999996 -7.130609954658965
v 1.737932 -0.0033219999999999999 -5.5400319546589643
v 1.640644 0.0051980000000000004 -5.5615379546589594
v 1.560665 0.37494899999999998 -5.410566954658961
v 1.8074680000000001 0.35333599999999998 -5.3560079546589634
v 1.509741 0.74046400000000001 -5.2495489546589624
v 1.8461540000000001 0.71100300000000005 -5.1751809546589627
v 1.4790270000000001 1.102482 -5.0804559546589587
v 1.862833 1.068872 -4.9956119546589619
v 1.4609080000000001 1.461638 -4.9049889546589611
v 1.8651230000000001 1.42624 -4.815630954658964
v 1.449144 1.818443 -4.7245419546589602
v 1.8592660000000001 1.7825279999999999 -4.6338799546589655
v 1.4384030000000001 2.1975410000000002 -4.5272169546589609
v 1.8491280000000001 2.1615730000000002 -4.4364209546589635
v 1.3937850000000001 3.4055499999999999 -3.846843954658965
v 1.8045100000000001 3.3695819999999999 -3.7560479546589605
v 1.3384750000000001 4.5902240000000001 -3.127346954658961
v 1.7492000000000001 4.5542550000000004 -3.0365509546589635
v 1.2725359999999999 5.7502129999999996 -2.3695449546589629
v 1.6832609999999999 5.7142439999999999 -2.2787479546589609
v 1.2369220000000001 6.3237870000000003 -1.9812269546589647
v 1.6476470000000001 6.2878189999999998 -1.8904309546589602
v 1.194461 7.1357540000000004 -1.3988839546589631
v 1.5764739999999999 7.1022999999999996 -1.3144349546589638
v 1.2326999999999999 7.9259389999999996 -0.77854795465896132
v 1.4137280000000001 7.9100859999999997 -0.73852995465896498
v 1.2956110000000001 8.2569239999999997 -0.49941695465896174
v 1.6536630000000001 0.064286999999999997 -5.6477809546589626
v 1.753217 0.055569 -5.6513839546589608
v 1.865713 0.43913200000000002 -5.7342899546589621
v 1.603801 0.46206799999999998 -5.7248119546589606
v 1.9488179999999999 0.82424799999999998 -5.8209649546589617
v 1.582808 0.85629999999999995 -5.8077189546589594
v 2.010062 1.210199 -5.9116679546589594
v 1.583142 1.2475849999999999 -5.8962169546589607
v 2.0560939999999999 1.5963419999999999 -6.0066259546589649
v 1.5981460000000001 1.6364460000000001 -5.9900519546589592
v 2.0925859999999998 1.9821230000000001 -6.1060299546589647
v 1.6221380000000001 2.0233210000000001 -6.0890039546589634
v 2.1241080000000001 2.3670810000000002 -6.2100309546589614
v 1.6505399999999999 2.4085519999999998 -6.1928919546589611
v 2.1491989999999999 2.6899829999999998 -6.3008009546589605
v 1.6754340000000001 2.7314720000000001 -6.2836549546589637
v 2.2283379999999999 3.7303600000000001 -6.63152095465896
v 1.754572 3.7718479999999999 -6.6143749546589632
v 2.3051949999999999 4.7591349999999997 -6.9972189546589618
v 1.831429 4.800624 -6.9800719546589605
v 2.3796819999999999 5.7751390000000002 -7.3974809546589597
v 1.9059159999999999 5.8166279999999997 -7.3803349546589629
v 2.4517150000000001 6.7772160000000001 -7.831850954658961
v 1.977949 6.8187040000000003 -7.8147039546589596
v 2.5212119999999998 7.7642230000000003 -8.2998339546589648
v 2.0474459999999999 7.8057119999999998 -8.2826869546589634
v 2.5709650000000002 8.6535150000000005 -8.7546079546589652
v 2.1203219999999998 8.6929780000000001 -8.7382989546589585
v 2.5491100000000002 9.5345619999999993 -9.2340729546589628
v 2.260329 9.5598510000000001 -9.2236219546589595
v 2.4469799999999999 10.182596 -9.5985949546589637
v 1.768934 0.094345999999999999 -5.5629159546589619
v 1.672164 0.10281999999999999 -5.5391739546589633
v 1.644023 0.50591900000000001 -5.4962179546589596
v 1.879351 0.48531000000000002 -5.5539539546589651
v 1.6482479999999999 0.90575099999999997 -5.4552599546589633
v 1.9600610000000001 0.87844500000000003 -5.5317599546589591
v 1.674318 1.303156 -5.4137259546589647
v 2.0215689999999999 1.2727470000000001 -5.4989209546589635
v 1.713455 1.6988179999999999 -5.3694739546589645
v 2.0726339999999999 1.6673640000000001 -5.4575949546589584
v 1.758912 2.0932430000000002 -5.3208579546589618
v 2.1199840000000001 2.061623 -5.4094439546589612
v 1.7759609999999999 2.2366250000000001 -5.3025109546589633
v 2.1370499999999999 2.2050040000000002 -5.3910999546589622
v 1.8949959999999999 3.17048 -5.1506569546589631
v 2.2560850000000001 3.1388590000000001 -5.2392469546589595
v 2.0211760000000001 4.0977230000000002 -4.967320954658959
v 2.3822649999999999 4.0661019999999999 -5.0559109546589625
v 2.15435 5.0172480000000004 -4.7527219546589592
v 2.5154390000000002 4.985627 -4.8413119546589627
v 2.294359 5.927956 -4.5071159546589641
v 2.6554489999999999 5.8963349999999997 -4.5957059546589605
v 2.3660420000000002 6.3809009999999997 -4.3766159546589591
v 2.727131 6.3492800000000003 -4.4652049546589652
v 2.531838 7.2749600000000001 -4.0889489546589601
v 2.861227 7.2461149999999996 -4.1697609546589618
v 2.7991389999999998 8.1491779999999991 -3.7944089546589623
v 2.9066239999999999 8.1397650000000006 -3.8207799546589598
v 2.8923610000000002 8.3646940000000001 -3.7252809546589631
v 3.4095930000000001 -0.0013699999999999999 -6.3696589546589593
v 3.469341 -0.0099000000000000008 -6.2899249546589644
v 3.673699 0.34290900000000002 -6.3045759546589579
v 3.5179719999999999 0.365143 -6.5123959546589631
v 3.86233 0.69700600000000001 -6.3445419546589648
v 3.646102 0.72787800000000002 -6.6331009546589641
v 4.0399789999999998 1.051693 -6.4034709546589639
v 3.7892199999999998 1.0874950000000001 -6.7381119546589616
v 4.2108080000000001 1.406358 -6.4757959546589632
v 3.9431470000000002 1.4445730000000001 -6.8329929546589625
v 4.3783349999999999 1.7604759999999999 -6.5568039546589603
v 4.1043479999999999 1.7995950000000001 -6.9224449546589639
v 4.5453400000000004 2.1136339999999998 -6.6427739546589635
v 4.2700269999999998 2.1529410000000002 -7.010181954658961
v 4.6500890000000004 2.3338800000000002 -6.6976569546589602
v 4.374733 2.3731939999999998 -7.0651229546589605
v 5.5928440000000004 4.1627239999999999 -7.2084369546589642
v 5.317488 4.2020379999999999 -7.5759039546589619
v 6.5888489999999997 5.9499440000000003 -7.7635739546589662
v 6.3134920000000001 5.9892580000000004 -8.1310399546589593
v 7.0998939999999999 6.8326580000000003 -8.0520809546589618
v 6.8245370000000003 6.8719720000000004 -8.4195479546589596
v 7.5860640000000004 7.6564930000000002 -8.3437769546589635
v 7.3255049999999997 7.693695 -8.6914979546589635
v 8.0391329999999996 8.4764250000000008 -8.7042679546589596
v 7.8821500000000002 8.4988379999999992 -8.9137639546589611
v 8.2935040000000004 9.0113529999999997 -9.0024099546589582
v 3.3895119999999999 0.062106000000000001 -6.2315509546589638
v 3.3410989999999998 0.069017999999999996 -6.3187769546589578
v 3.2981690000000001 0.473358 -6.3578889546589608
v 3.4268000000000001 0.45499299999999998 -6.1261309546589615
v 3.267204 0.87559900000000002 -6.370818954658958
v 3.4481920000000001 0.84975900000000004 -6.0447299546589619
v 3.2447360000000001 1.276224 -6.3638179546589626
v 3.4571550000000002 1.2458959999999999 -5.9810979546589635
v 3.2276850000000001 1.675659 -6.3424339546589579
v 3.4567709999999998 1.6429510000000001 -5.9296879546589594
v 3.2133980000000002 2.074271 -6.3114529546589608
v 3.4496920000000002 2.0405340000000001 -5.8857169546589603
v 3.1996980000000002 2.4723579999999998 -6.2747969546589601
v 3.4380980000000001 2.43832 -5.8452669546589604
v 3.1835469999999999 2.9040520000000001 -6.2318859546589636
v 3.4221689999999998 2.8699819999999998 -5.8019569546589622
v 3.036721 5.1516479999999998 -5.9722869546589621
v 3.2753429999999999 5.1175790000000001 -5.5423569546589633
v 2.8269929999999999 7.390028 -5.6785049546589619
v 3.0656150000000002 7.3559580000000002 -5.2485759546589605
v 2.7064400000000002 8.5064869999999999 -5.5231239546589634
v 2.9450630000000002 8.4724179999999993 -5.0931939546589646
v 2.5931570000000002 9.4882460000000002 -5.3700389546589591
v 2.8212969999999999 9.4556730000000009 -4.9589949546589622
v 2.4991590000000001 10.462989 -5.1537469546589634
v 2.6539229999999998 10.440893000000001 -4.8749049546589589
v 2.4590879999999999 11.267485000000001 -4.8845099546589594
v 3.4210889999999998 0.098003000000000007 -6.3699769546589664
v 3.4837889999999998 0.089051000000000005 -6.2925899546589648
v 3.607888 0.47469699999999998 -6.2460269546589586
v 3.4457209999999998 0.49785099999999999 -6.4461779546589639
v 3.7150270000000001 0.86261200000000005 -6.2242619546589637
v 3.4910459999999999 0.89459 -6.5007059546589616
v 3.8103940000000001 1.2520370000000001 -6.2208859546589608
v 3.5518700000000001 1.288948 -6.5399639546589583
v 3.898517 1.6423129999999999 -6.2303049546589619
v 3.623659 1.6815560000000001 -6.5695449546589657
v 3.9831919999999998 2.0328819999999999 -6.2478329546589606
v 3.70261 2.0729419999999998 -6.5941359546589595
v 4.0673659999999998 2.4233069999999999 -6.2698249546589579
v 3.7857720000000001 2.463511 -6.6173769546589654
v 4.1059450000000002 2.6014240000000002 -6.2804609546589631
v 3.824335 2.6416309999999998 -6.6280339546589602
v 4.5916199999999998 4.6030329999999999 -6.4424209546589637
v 4.3100100000000001 4.6432390000000003 -6.7899939546589607
v 5.1259589999999999 6.5884070000000001 -6.6456879546589605
v 4.8443490000000002 6.6286139999999998 -6.99325995465896
v 5.4051939999999998 7.576657 -6.7576099546589603
v 5.1235840000000001 7.6168630000000004 -7.1051819546589599
v 5.6785690000000004 8.5300919999999998 -6.8856589546589646
v 5.4133089999999999 8.5679649999999992 -7.2130529546589628
v 5.9140709999999999 9.4859139999999993 -7.0838319546589616
v 5.7632560000000002 9.5074459999999998 -7.2699749546589629
v 6.0129650000000003 10.047115 -7.2544529546589587
v 6.1652979999999999 0.054009000000000001 -5.6372879546589587
v 6.1432330000000004 0.056127000000000003 -5.539775954658964
v 6.2397200000000002 0.44117899999999999 -5.4528649546589634
v 6.2933870000000001 0.43602800000000003 -5.6900409546589614
v 6.3486209999999996 0.82389100000000004 -5.3959789546589647
v 6.4197389999999999 0.81706599999999996 -5.7102809546589626
v 6.4675149999999997 1.204415 -5.3585379546589635
v 6.5467240000000002 1.1968129999999999 -5.7085959546589606
v 6.5943800000000001 1.582864 -5.3317149546589633
v 6.6763149999999998 1.5750010000000001 -5.6938209546589604
v 6.727652 1.959309 -5.3087229546589612
v 6.8100209999999999 1.9514039999999999 -5.6727509546589658
v 6.7772959999999998 2.0970559999999998 -5.3004729546589644
v 6.8596700000000004 2.0891510000000002 -5.6645159546589596
v 7.1298839999999997 2.9815100000000001 -5.2398979546589644
v 7.212256 2.9736050000000001 -5.6039419546589642
v 7.511666 3.853253 -5.1724409546589598
v 7.5940390000000004 3.845348 -5.5364859546589642
v 7.922199 4.7112699999999998 -5.0981809546589645
v 8.0045719999999996 4.7033649999999998 -5.4622249546589643
v 8.3610039999999994 5.5545600000000004 -5.0172039546589602
v 8.4433769999999999 5.5466550000000003 -5.38124795465896
v 8.5873790000000003 5.9723389999999998 -4.9750539546589607
v 8.669753 5.9644329999999997 -5.3390979546589605
v 9.0712390000000003 6.791353 -4.9001599546589603
v 9.1463800000000006 6.7841420000000001 -5.2322449546589596
v 9.6037250000000007 7.5911359999999997 -4.9146809546589623
v 9.6282449999999997 7.5887830000000003 -5.0230449546589639
v 9.7444389999999999 7.7894030000000001 -4.9441289546589644
v 6.0407000000000002 0.10614999999999999 -5.5849319546589626
v 6.094938 0.10094500000000001 -5.6687849546589604
v 6.1598420000000003 0.49596800000000002 -5.7497859546589609
v 6.0160439999999999 0.509768 -5.5274729546589612
v 6.2085179999999998 0.89251100000000005 -5.8069329546589614
v 6.0064919999999997 0.91189900000000002 -5.4945979546589641
v 6.2448990000000002 1.290195 -5.8463069546589637
v 6.0081090000000001 1.3129200000000001 -5.4802259546589625
v 6.272475 1.6886859999999999 -5.873299954658961
v 6.0174079999999996 1.713165 -5.4789649546589629
v 6.2942429999999998 2.0876939999999999 -5.8925499546589606
v 6.0313879999999997 2.1129199999999999 -5.4861749546589635
v 6.3126569999999997 2.4869819999999998 -5.907847954658962
v 6.0475989999999999 2.512419 -5.4980659546589621
v 6.330006 2.8985880000000002 -5.922407954658965
v 6.0647380000000002 2.9240460000000001 -5.5123009546589614
v 6.4539970000000002 8.5152669999999997 -6.190866954658965
v 6.1887290000000004 8.5407259999999994 -5.7807599546589614
v 6.466558 9.5144179999999992 -6.2316519546589646
v 6.2132180000000004 9.5387310000000003 -5.8399839546589618
v 6.4398200000000001 10.516944000000001 -6.2193909546589623
v 6.2699689999999997 10.533244 -5.9567999546589618
v 6.3647600000000004 11.336073000000001 -6.1320569546589638
v -7.939292 -0.0079819999999999995 11.835752045341039
v -8.0350660000000005 0.0046100000000000004 11.861616045341037
v -8.0168169999999996 0.37441999999999998 12.029435045341039
v -7.7821819999999997 0.34356999999999999 11.966072045341036
v -7.9674459999999998 0.73889199999999999 12.191830045341035
v -7.6550190000000002 0.69781400000000005 12.107460045341035
v -7.8970640000000003 1.099332 12.351521045341038
v -7.5477020000000001 1.0533969999999999 12.257177045341038
v -7.8141590000000001 1.456833 12.510789045341042
v -7.4517540000000002 1.4091830000000001 12.412922045341034
v -7.725339 1.8122400000000001 12.671406045341037
v -7.3605790000000004 1.764281 12.572903045341036
v -7.6824409999999999 1.9808349999999999 12.748258045341039
v -7.3176389999999998 1.9328700000000001 12.649745045341035
v -7.2764199999999999 3.5060060000000002 13.509195045341038
v -6.9116169999999997 3.4580410000000001 13.410680045341039
v -6.860271 5.0013009999999998 14.322175045341041
v -6.4954689999999999 4.9533360000000002 14.223661045341039
v -6.6497590000000004 5.7411399999999997 14.741496045341037
v -6.2849570000000003 5.6931750000000001 14.642981045341038
v -6.3890200000000004 6.5728650000000002 15.231980045341039
v -6.0589409999999999 6.5294660000000002 15.142843045341039
v -6.0211209999999999 7.3800829999999999 15.710679045341038
v -5.9341010000000001 7.3686410000000002 15.68717904534104
v -5.9306489999999998 7.5305239999999998 15.796800045341037
v -8.0525660000000006 0.067428000000000002 11.764464045341036
v -7.9565630000000001 0.054805 11.739479045341042
v -7.850403 0.43642799999999998 11.644000045341038
v -8.0954029999999992 0.46864099999999997 11.707764045341037
v -7.7743460000000004 0.82143900000000003 11.553475045341038
v -8.1096579999999996 0.86552600000000002 11.640744045341037
v -7.7199070000000001 1.208701 11.465700045341038
v -8.1038180000000004 1.259179 11.565617045341035
v -7.679748 1.597232 11.378767045341036
v -8.0852249999999994 1.6505449999999999 11.484297045341037
v -7.6478120000000001 1.9862150000000001 11.291106045341039
v -8.0599369999999997 2.0404019999999998 11.398365045341038
v -7.6195550000000001 2.375032 11.201536045341037
v -8.0325019999999991 2.4293269999999998 11.30901004534104
v -7.6144749999999997 2.4463080000000001 11.185044045341037
v -8.0274230000000006 2.5006029999999999 11.292518045341041
v -7.4962759999999999 4.3545040000000004 10.675196045341039
v -7.909224 4.4088000000000003 10.782670045341035
v -7.3970690000000001 6.2454520000000002 10.101085045341037
v -7.8100180000000003 6.299747 10.208560045341038
v -7.3522369999999997 7.1861790000000001 9.7980930453410409
v -7.7651859999999999 7.2404739999999999 9.9055680453410417
v -7.3254590000000004 8.1336980000000008 9.4791990453410406
v -7.7111140000000002 8.1844040000000007 9.5795700453410362
v -7.385459 9.0865419999999997 9.1655290453410387
v -7.5800660000000004 9.1121280000000002 9.2161770453410412
v -7.4670480000000001 9.5431380000000008 9.0270280453410408
v -7.9213630000000004 0.090521000000000004 11.825325045341039
v -8.0116910000000008 0.102398 11.866552045341038
v -8.0229130000000008 0.50671500000000003 11.919403045341042
v -7.788157 0.47584799999999999 11.812260045341034
v -8.0068389999999994 0.90739099999999995 11.960782045341034
v -7.681527 0.86461900000000003 11.812310045341036
v -7.9707650000000001 1.3053859999999999 11.994018045341036
v -7.5941720000000004 1.255871 11.822142045341039
v -7.921081 1.7015359999999999 12.022028045341038
v -7.5197060000000002 1.648763 11.838842045341039
v -7.8631719999999996 2.096549 12.047270045341037
v -7.452744 2.0425840000000002 11.859951045341035
v -7.8012680000000003 2.4909759999999999 12.071674045341041
v -7.3890539999999998 2.4367779999999999 11.883540045341036
v -7.7659669999999998 2.7120380000000002 12.085396045341042
v -7.3537080000000001 2.6578339999999998 11.897242045341038
v -6.8777239999999997 7.8642310000000002 12.547326045341038
v -6.465465 7.8100259999999997 12.359171045341036
v -6.6948629999999998 8.8435129999999997 12.635243045341042
v -6.3054139999999999 8.7923069999999992 12.457499045341038
v -6.4413559999999999 9.8129069999999992 12.697036045341036
v -6.2115809999999998 9.7826959999999996 12.59216804534104
v -6.217187 10.409176 12.707916045341037
v -5.2298859999999996 -0.007626 11.805475045341041
v -5.3050600000000001 0.00055000000000000003 11.870912045341036
v -5.2150869999999996 0.354159 12.053689045341038
v -5.0183099999999996 0.332756 11.882399045341039
v -5.1010359999999997 0.70361099999999999 12.219569045341039
v -4.8270039999999996 0.67380499999999999 11.981029045341039
v -4.9687679999999999 1.049515 12.373633045341037
v -4.6501320000000002 1.014858 12.096265045341042
v -4.8234399999999997 1.3924049999999999 12.520348045341038
v -4.4825609999999996 1.3553280000000001 12.223619045341039
v -4.6694310000000003 1.732728 12.663507045341035
v -4.3199339999999999 1.6947129999999999 12.359276045341034
v -4.5102399999999996 2.070837 12.806133045341042
v -4.158779 2.0326089999999999 12.500192045341038
v -4.3935979999999999 2.3140689999999999 12.909830045341039
v -4.042046 2.2758319999999999 12.603810045341035
v -3.7463929999999999 3.5787399999999998 13.495307045341036
v -3.3948420000000001 3.5405030000000002 13.189288045341037
v -3.07314 4.8134199999999998 14.114457045341041
v -2.7215889999999998 4.7751830000000002 13.808437045341037
v -2.3746130000000001 6.0166909999999998 14.766567045341034
v -2.0230610000000002 5.9784540000000002 14.460547045341038
v -2.0191789999999998 6.6102150000000002 15.100722045341037
v -1.667627 6.5719770000000004 14.794703045341038
v -1.537255 7.3676849999999998 15.541327045341035
v -1.203784 7.3314139999999997 15.251047045341039
v -0.99106499999999997 8.1048109999999998 15.948032045341037
v -0.78415999999999997 8.0823060000000009 15.767925045341038
v -0.55022700000000002 8.5991769999999992 16.182385045341036
v -5.3633940000000004 0.067249000000000003 11.808051045341038
v -5.301132 0.060477000000000003 11.730092045341038
v -5.2607780000000002 0.45360200000000001 11.634251045341038
v -5.4142140000000003 0.47029100000000001 11.826372045341039
v -5.2431809999999999 0.84858599999999995 11.560765045341036
v -5.4482889999999999 0.87089499999999997 11.81758504534104
v -5.241924 1.244693 11.50160104534104
v -5.4720380000000004 1.2697229999999999 11.78973204534104
v -5.251595 1.6413 11.449991045341037
v -5.490869 1.6673260000000001 11.749590045341037
v -5.2679400000000003 2.037906 11.40061004534104
v -5.5090320000000004 2.06413 11.702487045341037
v -5.2786739999999996 2.2628750000000002 11.37244704534104
v -5.5198140000000002 2.2891029999999999 11.674384045341036
v -5.3903429999999997 3.7274189999999998 11.156042045341039
v -5.6314830000000002 3.7536480000000001 11.457978045341036
v -5.5431730000000003 5.1831250000000004 10.907530045341034
v -5.784313 5.2093530000000001 11.209467045341036
v -5.7369690000000002 6.628139 10.627231045341034
v -5.9781089999999999 6.6543669999999997 10.929167045341039
v -5.8969139999999998 7.5970800000000001 10.437813045341038
v -6.1162200000000002 7.6209340000000001 10.712411045341035
v -6.1407670000000003 8.5670389999999994 10.316239045341035
v -6.2072399999999996 8.574268 10.399471045341038
v -6.2129539999999999 8.7885939999999998 10.307815045341037
v -5.2190469999999998 0.091785000000000005 11.795685045341038
v -5.2845139999999997 0.098905000000000007 11.870939045341039
v -5.2735950000000003 0.49933899999999998 11.944781045341038
v -5.1073909999999998 0.48126099999999999 11.753734045341034
v -5.2401080000000002 0.89710500000000004 11.99763304534104
v -5.0134460000000001 0.87245099999999998 11.737091045341039
v -5.1899879999999996 1.2928200000000001 12.03631004534104
v -4.9312829999999996 1.2646809999999999 11.73893404534104
v -5.1283519999999996 1.6870160000000001 12.066685045341039
v -4.8557969999999999 1.65737 11.753390045341035
v -5.0593959999999996 2.0801210000000001 12.09357804534104
v -4.7828010000000001 2.050036 11.775639045341038
v -4.9799480000000003 2.5047739999999998 12.122941045341037
v -4.7029290000000001 2.4746429999999999 11.804515045341034
v -4.642137 4.0846340000000003 12.267331045341038
v -4.3651179999999998 4.0545030000000004 11.948905045341036
v -4.2652809999999999 5.6520099999999998 12.446868045341034
v -3.9882629999999999 5.6218789999999998 12.128442045341039
v -3.849799 7.2051660000000002 12.66135504534104
v -3.572781 7.1750350000000003 12.342929045341037
v -3.5694880000000002 8.1557340000000007 12.79574904534104
v -3.3117030000000001 8.127694 12.499433045341036
v -3.2170459999999999 9.0936900000000005 12.87696704534104
v -3.0939000000000001 9.0802960000000006 12.735414045341038
v -3.0293199999999998 9.4950729999999997 12.877324045341041
v 9.5561089999999993 -0.0048370000000000002 9.1431440453410389
v 9.4573990000000006 0.003673 9.1567030453410396
v 9.4276859999999996 0.38788 9.2906090453410357
v 9.6846899999999998 0.36572399999999999 9.2553090453410363
v 9.4278150000000007 0.76797700000000002 9.425036045341038
v 9.7844040000000003 0.737236 9.3760570453410352
v 9.4498840000000008 1.14459 9.5610490453410364
v 9.8631430000000009 1.1089629999999999 9.5042860453410398
v 9.4869590000000006 1.5182610000000001 9.6995820453410388
v 9.9278259999999996 1.480254 9.6390260453410406
v 9.5331829999999993 1.8894390000000001 9.8414150453410372
v 9.9842940000000002 1.850549 9.779453045341036
v 9.5839400000000001 2.2584680000000001 9.9871630453410347
v 10.037148 2.219398 9.9249120453410384
v 9.615202 2.4795029999999998 10.076271045341038
v 10.068472999999999 2.4404270000000001 10.01401204534104
v 9.7717679999999998 3.5419580000000002 10.54930904534104
v 10.225039000000001 3.5028820000000001 10.487050045341036
v 9.9319229999999994 4.5864039999999999 11.05977004534104
v 10.385195 4.5473280000000003 10.997510045341038
v 10.095463000000001 5.6115250000000003 11.60700804534104
v 10.548735000000001 5.5724489999999998 11.544749045341035
v 10.262181999999999 6.6160269999999999 12.190335045341037
v 10.715453999999999 6.5769510000000002 12.128076045341039
v 10.346297 7.1128850000000003 12.490882045341039
v 10.799569999999999 7.0738089999999998 12.428624045341039
v 10.504058000000001 7.9423440000000003 13.026853045341042
v 10.932706 7.9053899999999997 12.967977045341037
v 10.737648999999999 8.7483930000000001 13.577619045341038
v 10.993925000000001 8.7262989999999991 13.542419045341035
v 10.960938000000001 9.2510279999999998 13.930344045341037
v 9.4451070000000001 0.064954999999999999 9.0634060453410399
v 9.5419970000000003 0.056602 9.0401150453410395
v 9.628558 0.44311099999999998 8.9482140453410395
v 9.3902269999999994 0.46365699999999999 9.0055030453410367
v 9.6827579999999998 0.83111299999999999 8.857574045341039
v 9.3645589999999999 0.85854399999999997 8.9340620453410367
v 9.7146550000000005 1.2196389999999999 8.7657970453410385
v 9.358034 1.250383 8.8515210453410376
v 9.7327150000000007 1.607858 8.6708700453410401
v 9.3621809999999996 1.639802 8.7599380453410376
v 9.7435729999999996 1.9950969999999999 8.5712210453410407
v 9.3703570000000003 2.027272 8.6609340453410368
v 9.7482659999999992 2.2030799999999999 8.5160140453410378
v 9.3749880000000001 2.2352599999999998 8.6057420453410387
v 9.7596530000000001 3.0510830000000002 8.2592550453410354
v 9.386374 3.0832630000000001 8.3489830453410363
v 9.7632200000000005 3.8897650000000001 7.9733100453410373
v 9.3899399999999993 3.921945 8.0630370453410407
v 9.7589640000000006 4.7180559999999998 7.6585420453410364
v 9.3856839999999995 4.7502360000000001 7.7482700453410374
v 9.7468880000000002 5.534904 7.3153530453410411
v 9.3736090000000001 5.5670830000000002 7.405081045341035
v 9.7270099999999999 6.3392660000000003 6.9441810453410397
v 9.3537309999999998 6.3714459999999997 7.0339090453410407
v 9.6874079999999996 7.1311499999999999 6.5483680453410358
v 9.3380189999999992 7.16127 6.6323530453410342
v 9.5683969999999992 7.9146960000000002 6.1427780453410392
v 9.3862349999999992 7.9303990000000004 6.1865660453410385
v 9.4576879999999992 8.3069009999999999 5.9451780453410379
v 9.5665750000000003 0.094631999999999994 9.1405420453410358
v 9.4685799999999993 0.10308 9.1585870453410365
v 9.4258129999999998 0.50745600000000002 9.198336045341037
v 9.6869580000000006 0.48494300000000001 9.1502490453410417
v 9.4118239999999993 0.90906399999999998 9.2370550453410374
v 9.7800239999999992 0.87732200000000005 9.1692570453410411
v 9.4197120000000005 1.3084530000000001 9.2760110453410363
v 9.8526690000000006 1.271129 9.1962890453410395
v 9.4433290000000003 1.70611 9.3163310453410375
v 9.9110270000000007 1.6657900000000001 9.2302130453410385
v 9.4773680000000002 2.1024470000000002 9.3589890453410405
v 9.9603999999999999 2.0608050000000002 9.2700470453410375
v 9.5174479999999999 2.4977969999999998 9.4047840453410387
v 10.005155999999999 2.4557530000000001 9.3149810453410353
v 9.5602959999999992 2.8923999999999999 9.4543150453410405
v 10.048562 2.8503069999999999 9.3644090453410342
v 9.5673200000000005 2.9564780000000002 9.4624610453410369
v 10.055586 2.9143849999999998 9.3725550453410378
v 9.7120370000000005 4.2054489999999998 9.6636500453410363
v 10.200305 4.1633560000000003 9.5737430453410397
v 9.8636599999999994 5.4462330000000003 9.9061680453410403
v 10.351927 5.4041399999999999 9.8162620453410341
v 10.022016000000001 6.6774339999999999 10.189744045341037
v 10.510282999999999 6.6353419999999996 10.099839045341042
v 10.186928999999999 7.8976699999999997 10.51406004534104
v 10.675195 7.8555770000000003 10.424154045341041
v 10.270987999999999 8.5047870000000003 10.686335045341039
v 10.759256000000001 8.4626950000000001 10.596428045341035
v 10.417287 9.4495500000000003 10.979820045341036
v 10.884790000000001 9.4092470000000006 10.893736045341036
v 10.629663000000001 10.380345999999999 11.286438045341036
v 10.951824 10.352572 11.227117045341039
v 10.914353 11.170109999999999 11.551819045341034
v -10.060827 0.0062170000000000003 7.8359010453410392
v -10.035333 0.0036110000000000001 7.7392410453410392
v -10.090802999999999 0.393181 7.6327120453410373
v -10.156416 0.39988699999999999 7.8814730453410391
v -10.156354 0.783026 7.5547940453410405
v -10.246669000000001 0.79225599999999996 7.897211045341038
v -10.229817000000001 1.172909 7.4972850453410373
v -10.333746 1.1835310000000001 7.8913180453410376
v -10.309305999999999 1.5626230000000001 7.4530490453410394
v -10.419527 1.573888 7.8709330453410402
v -10.39325 1.951991 7.4161390453410405
v -10.505576 1.9634720000000001 7.8420080453410392
v -10.480442 2.3408769999999999 7.3819890453410366
v -10.593097999999999 2.3523909999999999 7.8091080453410342
v -10.511492000000001 2.477741 7.3701050453410346
v -10.624148999999999 2.489255 7.7972330453410379
v -11.02022 4.4368210000000001 7.1831120453410406
v -11.132878 4.4483360000000003 7.6102400453410368
v -11.589031 6.3777689999999998 6.9807610453410405
v -11.701689 6.3892829999999998 7.4078890453410366
v -11.888351 7.3433409999999997 6.8757830453410378
v -12.001009 7.3548549999999997 7.3029120453410385
v -12.200661 8.2887629999999994 6.7818580453410391
v -12.306450999999999 8.2995750000000008 7.1829480453410355
v -12.547866000000001 9.2310789999999994 6.7624210453410356
v -12.605579000000001 9.2369780000000006 6.9812370453410395
v -12.755668999999999 9.7407699999999995 6.8109700453410369
v -9.9247910000000008 0.052625999999999999 7.7871870453410352
v -9.9807690000000004 0.058347000000000003 7.8698530453410385
v -9.9176699999999993 0.44618000000000002 7.9749230453410362
v -9.7791530000000009 0.43202299999999999 7.7703650453410376
v -9.8329850000000008 0.83079800000000004 8.0566010453410399
v -9.6473110000000002 0.81182100000000001 7.7824050453410365
v -9.7324029999999997 1.2127220000000001 8.1232590453410367
v -9.5236079999999994 1.1913819999999999 7.8149200453410401
v -9.6207399999999996 1.5923849999999999 8.1819760453410382
v -9.4032649999999993 1.5701579999999999 7.8608180453410341
v -9.5018069999999994 1.9701150000000001 8.2383490453410388
v -9.2825009999999999 1.9477009999999999 7.9144850453410385
v -9.4243989999999993 2.2086350000000001 8.2743260453410414
v -9.2050289999999997 2.1862140000000001 7.9503700453410389
v -9.0498890000000003 3.2556829999999999 8.455463045341034
v -8.8305190000000007 3.2332619999999999 8.1315070453410385
v -8.6457230000000003 4.287731 8.6577190453410395
v -8.4263539999999999 4.2653100000000004 8.333763045341037
v -8.2123989999999996 5.3035170000000003 8.8808460453410376
v -7.9930300000000001 5.2810959999999998 8.556890045341035
v -7.7504429999999997 6.3018029999999996 9.1245710453410354
v -7.5310750000000004 6.279382 8.8006150453410399
v -7.3087020000000003 7.17218 9.3427460453410376
v -7.1085050000000001 7.1517189999999999 9.0471030453410393
v -6.7877179999999999 8.0211459999999999 9.4917590453410412
v -6.7217359999999999 8.0144009999999994 9.3943190453410352
v -6.6383679999999998 8.2335530000000006 9.506898045341039
v -10.055607 0.10620400000000001 7.8254560453410349
v -10.014773 0.102031 7.7342680453410395
v -9.9654509999999998 0.498249 7.6523790453410356
v -10.070211 0.50895599999999996 7.8863240453410413
v -9.9327930000000002 0.89584200000000003 7.5962560453410362
v -10.076688000000001 0.91054900000000005 7.9175940453410405
v -9.9132809999999996 1.294395 7.5580440453410347
v -10.078555 1.3112870000000001 7.927125045341036
v -9.9038640000000004 1.693541 7.5309220453410362
v -10.078872 1.7114279999999999 7.9217400453410391
v -9.9020030000000006 2.0929669999999998 7.509227045341035
v -10.080174 2.1111770000000001 7.9071090453410378
v -9.9057680000000001 2.4924189999999999 7.4886480453410371
v -10.084394 2.5106760000000001 7.8875470453410372
v -9.907273 2.6076139999999999 7.4826980453410386
v -10.085902000000001 2.6258710000000001 7.8816020453410403
v -9.9659019999999998 3.8611390000000001 7.3990740453410382
v -10.144531000000001 3.8793959999999998 7.7979770453410353
v -10.066656 5.110595 7.2967720453410365
v -10.245284 5.1288520000000002 7.6956750453410407
v -10.209396 6.3542909999999999 7.1759310453410379
v -10.388025000000001 6.3725480000000001 7.574834045341035
v -10.393932 7.5905440000000004 7.0367150453410403
v -10.572561 7.6088009999999997 7.4356190453410349
v -10.572556000000001 8.5684269999999998 6.9270440453410345
v -10.73996 8.5855370000000004 7.3008830453410383
v -10.810987000000001 9.5432609999999993 6.8811620453410356
v -10.899820999999999 9.5523410000000002 7.0795450453410353
v -10.964943999999999 10.046227999999999 6.9084900453410398
v 9.0578800000000008 0.0012999999999999999 3.5436030453410368
v 9.1567550000000004 -0.001751 3.5582450453410388
v 9.2634410000000003 0.35889900000000002 3.4042220453410366
v 9.0223259999999996 0.36634 3.3685150453410415
v 9.3388910000000003 0.71909100000000004 3.2424710453410412
v 9.0188199999999998 0.72896700000000003 3.195071045341038
v 9.3937270000000002 1.07847 3.0745760453410398
v 9.0367339999999992 1.089485 3.0217090453410407
v 9.4368309999999997 1.4367350000000001 2.9018660453410376
v 9.067183 1.4481409999999999 2.8471250453410377
v 9.4750619999999994 1.7936510000000001 2.7253700453410374
v 9.1033010000000001 1.8051219999999999 2.6703150453410345
v 9.4902049999999996 1.938043 2.6532950453410393
v 9.1184189999999994 1.9495150000000001 2.5982370453410368
v 9.6589469999999995 3.4491149999999999 1.8287020453410392
v 9.2871609999999993 3.4605869999999999 1.7736440453410367
v 9.8347580000000008 4.9284059999999998 0.94975204534103597
v 9.4629720000000006 4.9398790000000004 0.89469404534104058
v 9.9243860000000002 5.6597340000000003 0.49690704534103958
v 9.5526009999999992 5.6712059999999997 0.44184904534103708
v 10.011891 6.4944509999999998 -0.047093954658961934
v 9.6768900000000002 6.5047870000000003 -0.096703954658963198
v 9.9912550000000007 7.3207240000000002 -0.62485095465896023
v 9.9137500000000003 7.3231140000000003 -0.63632795465895953
v 9.9700830000000007 7.4548889999999997 -0.72160095465896035
v 9.1519650000000006 0.058424999999999998 3.650246045341035
v 9.0520130000000005 0.061509000000000001 3.6505240453410366
v 8.992146 0.45494299999999999 3.7332230453410347
v 9.2364359999999994 0.447405 3.7325430453410391
v 8.9641870000000008 0.84627600000000003 3.8209590453410414
v 9.2889569999999999 0.83625400000000005 3.8200550453410358
v 8.9574870000000004 1.23577 3.9137460453410355
v 9.3201719999999995 1.2245779999999999 3.9127370453410393
v 8.9631279999999993 1.623632 4.0115940453410417
v 9.3390009999999997 1.612034 4.0105480453410394
v 8.9741920000000004 2.010011 4.114504045341036
v 9.3523519999999998 1.9983420000000001 4.1134520453410346
v 8.9795300000000005 2.1794030000000002 4.1606700453410355
v 9.357723 2.1677330000000001 4.1596180453410412
v 9.0124650000000006 3.2176 4.4838230453410404
v 9.3906580000000002 3.2059299999999999 4.482771045341039
v 9.0451270000000008 4.2436160000000003 4.843808045341035
v 9.4233200000000004 4.2319459999999998 4.8427560453410408
v 9.0774729999999995 5.2561460000000002 5.2401660453410415
v 9.4556660000000008 5.2444769999999998 5.2391150453410376
v 9.1094639999999991 6.2539040000000004 5.672395045341041
v 9.4876570000000005 6.2422339999999998 5.6713430453410396
v 9.1568989999999992 7.1570280000000004 6.0995430453410364
v 9.4983679999999993 7.1464910000000001 6.0985930453410404
v 9.3141400000000001 8.0422670000000007 6.5557920453410361
v 9.3985439999999993 8.0396619999999999 6.5555580453410371
v 9.3613730000000004 8.1966909999999995 6.6367770453410344
v 9.0780169999999991 0.100726 3.5342710453410362
v 9.1691680000000009 0.097913 3.5753070453410345
v 9.2667950000000001 0.49425999999999998 3.5854630453410365
v 9.0261479999999992 0.50168599999999997 3.4771230453410382
v 9.3398769999999995 0.89102300000000001 3.5792810453410411
v 9.0027629999999998 0.90142599999999995 3.4275100453410374
v 9.3951770000000003 1.287936 3.5598100453410382
v 9.0010919999999999 1.3000959999999999 3.3823910453410377
v 9.4386759999999992 1.6847540000000001 3.5297500453410393
v 9.0151439999999994 1.697824 3.3390740453410359
v 9.475498 2.0812629999999999 3.4914160453410403
v 9.0397890000000007 2.0947079999999998 3.2952570453410388
v 9.5097970000000007 2.4772759999999998 3.446684045341037
v 9.0708629999999992 2.4908199999999998 3.2490740453410396
v 9.5418699999999994 2.843547 3.4008800453410402
v 9.1026869999999995 2.8571 3.2031580453410413
v 9.6523090000000007 3.9329529999999999 3.2302380453410393
v 9.2131270000000001 3.9465050000000002 3.0325160453410405
v 9.7775069999999999 5.0150170000000003 3.0263130453410412
v 9.3383249999999993 5.0285690000000001 2.8285910453410352
v 9.9173220000000004 6.0885220000000002 2.789334045341036
v 9.4781390000000005 6.102074 2.5916120453410372
v 10.071596 7.1522649999999999 2.5195690453410364
v 9.6324129999999997 7.1658160000000004 2.3218470453410376
v 10.240156000000001 8.2050479999999997 2.2173180453410382
v 9.8009740000000001 8.2186000000000003 2.0195960453410393
v 10.393418 9.1455160000000006 1.913743045341036
v 9.974888 9.1584310000000002 1.7253180453410408
v 10.496062 10.077197 1.5563590453410399
v 10.222096000000001 10.085651 1.4330180453410364
v 10.500508 10.790782 1.2291630453410392
v -9.4300169999999994 -0.0092289999999999994 -0.39545695465896102
v -9.5041229999999999 0.000544 -0.32902695465896414
v -9.427168 0.37357600000000002 -0.18594495465896443
v -9.24268 0.349246 -0.35132895465896041
v -9.3248289999999994 0.74210699999999996 -0.061183954658964979
v -9.0765259999999994 0.70936100000000002 -0.28377395465896171
v -9.2044370000000004 1.107073 0.051814045341039616
v -8.9242439999999998 1.070122 -0.19936195465896134
v -9.0722240000000003 1.469265 0.15861704534103893
v -8.7796260000000004 1.4306779999999999 -0.10367995465896485
v -8.9331669999999992 1.8293079999999999 0.26366804534103494
v -8.6377170000000003 1.7903450000000001 -0.0011859546589647607
v -8.829034 2.092562 0.34124004534103847
v -8.5334489999999992 2.0535809999999999 0.076265045341038729
v -8.2565790000000003 3.4402750000000002 0.78156104534103576
v -7.9609940000000003 3.401294 0.51658504534103855
v -7.6551239999999998 4.7628649999999997 1.2579270453410345
v -7.35954 4.723884 0.99295104534103729
v -7.0253829999999997 6.0587650000000002 1.7697730453410401
v -6.7297979999999997 6.0197839999999996 1.5047980453410403
v -6.5894389999999996 6.892722 2.1085090453410373
v -6.3183540000000002 6.8569719999999998 1.8654960453410396
v -6.0683740000000004 7.7046010000000003 2.3961420453410369
v -5.968788 7.6914680000000004 2.3068690453410383
v -5.8898099999999998 7.93858 2.4597640453410392
v -9.5505700000000004 0.067188999999999999 -0.43870795465895895
v -9.453398 0.054373999999999999 -0.45853695465896038
v -9.338908 0.43819900000000001 -0.53238995465896011
v -9.5851649999999999 0.47067500000000001 -0.48213995465896176
v -9.2553479999999997 0.82539099999999999 -0.60454195465896277
v -9.5907830000000001 0.86962700000000004 -0.53609495465896373
v -9.1938499999999994 1.2147269999999999 -0.67679595465896369
v -9.5763040000000004 1.265164 -0.5987539546589602
v -9.1467770000000002 1.6051500000000001 -0.75070195465896461
v -9.5493749999999995 1.6582429999999999 -0.66854995465896394
v -9.1078860000000006 1.9957830000000001 -0.82752495465896203
v -9.5162460000000006 2.049636 -0.74419695465896041
v -9.0709119999999999 2.405189 -0.91239795465896378
v -9.4798399999999994 2.4591180000000001 -0.82895395465896371
v -8.9743600000000008 3.5772149999999998 -1.1966879546589624
v -9.3832869999999993 3.6311439999999999 -1.1132439546589623
v -8.8871219999999997 4.7396909999999997 -1.5204599546589606
v -9.2960510000000003 4.7936199999999998 -1.4370159546589605
v -8.8093039999999991 5.8912370000000003 -1.8833279546589594
v -9.2182320000000004 5.9451660000000004 -1.7998849546589639
v -8.7409979999999994 7.0304880000000001 -2.2848639546589595
v -9.1499269999999999 7.084416 -2.201420954658964
v -8.7055220000000002 7.9647769999999998 -2.6399219546589592
v -9.0855870000000003 8.0148980000000005 -2.5623679546589599
v -8.763223 8.9004849999999998 -3.00314095465896
v -8.9412479999999999 8.9239630000000005 -2.96681395465896
v -8.8352179999999993 9.2975329999999996 -3.1506009546589624
v -9.4168289999999999 0.089897000000000005 -0.39861795465895966
v -9.487914 0.099271999999999999 -0.32891095465896569
v -9.4712689999999995 0.49963099999999999 -0.25664295465896458
v -9.2920259999999999 0.475993 -0.43240795465896298
v -9.4285709999999998 0.89611099999999999 -0.20175995465896079
v -9.1852470000000004 0.86402199999999996 -0.440361954658961
v -9.3664780000000007 1.2895019999999999 -0.1577539546589648
v -9.0898669999999999 1.253023 -0.4289989546589652
v -9.2907050000000009 1.6804699999999999 -0.11904595465896506
v -9.0002030000000008 1.6421589999999999 -0.4039119546589589
v -9.2058999999999997 2.0695389999999998 -0.081100954658964497
v -8.9116459999999993 2.0307339999999998 -0.36964795465895861
v -9.1195149999999998 2.4403510000000002 -0.042563954658959346
v -8.8249510000000004 2.4015049999999998 -0.33141395465896295
v -8.8817850000000007 3.3555510000000002 0.076787045341035309
v -8.5872220000000006 3.3167049999999998 -0.21206295465896119
v -8.6221479999999993 4.261368 0.21974204534103592
v -8.3275830000000006 4.2225210000000004 -0.06910795465896058
v -8.3409209999999998 5.1566780000000003 0.38612404534103462
v -8.0463570000000004 5.1178309999999998 0.097275045341035593
v -8.0384569999999993 6.0403729999999998 0.57572804534103739
v -7.7438929999999999 6.0015260000000001 0.28687904534103836
v -7.7151269999999998 6.9113579999999999 0.78831804534103611
v -7.4205639999999997 6.8725120000000004 0.49946904534103709
v -7.3619089999999998 7.7673120000000004 1.0143880453410361
v -7.0861970000000003 7.7309510000000001 0.74402504534103997
v -6.9320959999999996 8.6009550000000008 1.2074300453410345
v -6.7883490000000002 8.5819980000000005 1.0664720453410368
v -6.673381 9.0087399999999995 1.2713720453410389
v -8.3610109999999995 -0.0048910000000000004 -8.1408289546589643
v -8.4583300000000001 0.0073169999999999997 -8.1603189546589618
v -8.5079139999999995 0.401422 -8.0687359546589619
v -8.2577700000000007 0.37004300000000001 -8.0186359546589614
v -8.5290909999999993 0.79060799999999998 -7.9666939546589646
v -8.1850660000000008 0.74745200000000001 -7.8977929546589607
v -8.5301760000000009 1.175861 -7.8558779546589648
v -8.1345930000000006 1.1262380000000001 -7.7766499546589642
v -8.5183970000000002 1.558033 -7.7377499546589661
v -8.0991300000000006 1.5054380000000001 -7.6537789546589607
v -8.4997699999999998 1.937821 -7.6135319546589599
v -8.0726669999999991 1.8842429999999999 -7.5279919546589582
v -8.4788979999999992 2.3157480000000001 -7.4841639546589604
v -8.0506080000000004 2.2620209999999998 -7.3983849546589653
v -8.4720119999999994 2.4389059999999998 -7.4414279546589626
v -8.0437139999999996 2.3851789999999999 -7.3556479546589628
v -8.4212349999999994 3.487568 -7.0381299546589631
v -7.9929379999999997 3.4338410000000001 -6.9523499546589633
v -8.3791039999999999 4.5226280000000001 -6.6001839546589594
v -7.9508080000000003 4.4688999999999997 -6.5144039546589596
v -8.3456679999999999 5.542891 -6.128097954658962
v -7.9173710000000002 5.4891629999999996 -6.0423179546589623
v -8.320964 6.5471779999999997 -5.6224159546589618
v -7.8926670000000003 6.4934510000000003 -5.5366349546589646
v -8.3108009999999997 7.0451100000000002 -5.3612829546589609
v -7.882504 6.9913829999999999 -5.2755029546589611
v -8.2864470000000008 7.9149640000000003 -4.8683879546589637
v -7.8845799999999997 7.8645519999999998 -4.7879009546589657
v -8.1897450000000003 8.7601270000000007 -4.3341749546589625
v -7.9728919999999999 8.7329240000000006 -4.2907429546589597
v -8.0810490000000001 9.1967599999999994 -4.0318059546589637
v -8.4110320000000005 0.061853999999999999 -8.2678229546589606
v -8.3248540000000002 0.051043999999999999 -8.2182599546589614
v -8.1737389999999994 0.42667300000000002 -8.2537199546589619
v -8.3840909999999997 0.45306099999999999 -8.3746979546589628
v -8.0493140000000007 0.80525199999999997 -8.3066499546589654
v -8.3287230000000001 0.84030300000000002 -8.4673449546589623
v -7.9423550000000001 1.1856150000000001 -8.3717399546589633
v -8.2541580000000003 1.224729 -8.5510669546589639
v -7.8451420000000001 1.5667850000000001 -8.4445509546589648
v -8.1681179999999998 1.6073010000000001 -8.630301954658961
v -7.7517060000000004 1.9480029999999999 -8.521642954658958
v -8.0765779999999996 1.9887570000000001 -8.7084859546589612
v -7.7127460000000001 2.1078679999999999 -8.5544879546589598
v -8.037642 2.148625 -8.7413439546589586
v -6.9973150000000004 4.8318820000000002 -9.2042889546589635
v -7.3222120000000004 4.8726380000000002 -9.3911439546589577
v -6.6286329999999998 6.1858110000000002 -9.5500219546589591
v -6.9535299999999998 6.2265680000000003 -9.7368769546589604
v -6.3842629999999998 7.1206310000000004 -9.808355954658964
v -6.6772660000000004 7.1573869999999999 -9.9768689546589613
v -6.2304000000000004 8.0632909999999995 -10.131614954658964
v -6.300154 8.0720410000000005 -10.171730954658962
v -6.2205859999999999 8.2233649999999994 -10.195418954658962
v -8.3484259999999999 0.094313999999999995 -8.140921954658964
v -8.4457900000000006 0.106528 -8.1601809546589621
v -8.4721620000000009 0.51219999999999999 -8.1500329546589612
v -8.2321159999999995 0.48208800000000002 -8.1025499546589614
v -8.4684150000000002 0.91383999999999999 -8.130063954658965
v -8.1474360000000008 0.87357499999999999 -8.066572954658966
v -8.4445709999999998 1.3126679999999999 -8.1022569546589622
v -8.0843720000000001 1.2674829999999999 -8.0310079546589606
v -8.4090810000000005 1.7097089999999999 -8.0682869546589586
v -8.0344770000000008 1.662717 -7.9941889546589664
v -8.3685930000000006 2.1057600000000001 -8.029471954658959
v -7.9911130000000004 2.0584069999999999 -7.9548039546589635
v -8.3448089999999997 2.333021 -8.0058019546589634
v -7.9672479999999997 2.2856580000000002 -7.9311179546589585
v -8.2013820000000006 3.7984049999999998 -7.8015709546589633
v -7.8238219999999998 3.751042 -7.7268879546589631
v -8.0688669999999991 5.2568450000000002 -7.5465729546589628
v -7.6913080000000003 5.2094829999999996 -7.4718899546589626
v -7.9474309999999999 6.706531 -7.2411239546589599
v -7.5698720000000002 6.6591670000000001 -7.1664399546589621
v -7.8537790000000003 7.6749939999999999 -7.0095789546589629
v -7.5102779999999996 7.6319039999999996 -6.9416329546589637
v -7.6630640000000003 8.625451 -6.7352599546589644
v -7.5579770000000002 8.6122669999999992 -6.7144739546589634
v -7.5943639999999997 8.8403460000000003 -6.6660799546589615
v -2.8849930000000001 -0.0022000000000000001 -8.268679954658964
v -2.8316659999999998 -0.010018000000000001 -8.1844469546589664
v -2.6092810000000002 0.33169100000000001 -8.1984319546589646
v -2.7480349999999998 0.35203200000000001 -8.4176009546589654
v -2.3986480000000001 0.67287799999999998 -8.2403659546589623
v -2.5910820000000001 0.70108899999999996 -8.5443229546589663
v -2.1955239999999998 1.0128440000000001 -8.3034649546589634
v -2.4184519999999998 1.0455239999999999 -8.6555909546589618
v -1.9961949999999999 1.3509659999999999 -8.3817879546589609
v -2.2339380000000002 1.385818 -8.7573129546589641
v -1.797536 1.6867099999999999 -8.4703129546589651
v -2.0407449999999998 1.722364 -8.8544719546589619
v -1.597094 2.019641 -8.5650819546589645
v -1.8414079999999999 2.0554570000000001 -8.950985954658961
v -1.478459 2.213905 -8.6221239546589601
v -1.7228049999999999 2.2497250000000002 -9.0080789546589628
v -0.97198700000000005 2.988159 -8.8709089546589581
v -1.2163330000000001 3.0239790000000002 -9.2568639546589608
v -0.44393700000000003 3.7426089999999999 -9.1351929546589616
v -0.68828299999999998 3.778429 -9.5211489546589618
v 0.10506 4.4763510000000002 -9.414660954658963
v -0.13928599999999999 4.5121710000000004 -9.8006169546589632
v 0.674346 5.1885089999999998 -9.708976954658965
v 0.42999999999999999 5.224329 -10.094932954658958
v 1.2632410000000001 5.8782300000000003 -10.017788954658961
v 1.018896 5.9140499999999996 -10.403744954658961
v 1.562459 6.2173249999999998 -10.175750954658966
v 1.318114 6.2531460000000001 -10.561705954658962
v 2.173565 6.8727140000000002 -10.514889954658962
v 1.9409689999999999 6.9068110000000003 -10.882286954658966
v 2.7672279999999998 7.5088220000000003 -10.923243954658965
v 2.616876 7.5308630000000001 -11.160732954658961
v 3.1777839999999999 7.9782780000000004 -11.306954954658963
v -2.9022730000000001 0.060975000000000001 -8.1297799546589644
v -2.960394 0.069495000000000001 -8.2107079546589645
v -3.0150320000000002 0.473773 -8.2311189546589603
v -2.860757 0.451156 -8.0163039546589658
v -3.056673 0.87519499999999995 -8.225545954658962
v -2.8397489999999999 0.84339399999999998 -7.9234979546589628
v -3.0895030000000001 1.274322 -8.1998289546589618
v -2.8350620000000002 1.2370220000000001 -7.8455409546589578
v -3.117235 1.671646 -8.1591439546589584
v -2.842978 1.6314409999999999 -7.777265954658958
v -3.1430669999999998 2.0675829999999999 -8.1079579546589642
v -2.8602959999999999 2.0261300000000002 -7.7142229546589647
v -3.169616 2.4624649999999999 -8.0499239546589649
v -2.8843930000000002 2.420652 -7.6527749546589661
v -3.200806 2.8803269999999999 -7.9837929546589663
v -2.9153359999999999 2.8384779999999998 -7.5862989546589645
v -3.3295110000000001 4.1090590000000002 -7.7619969546589616
v -3.0440399999999999 4.0672100000000002 -7.3645029546589598
v -3.494828 5.3285439999999999 -7.5148789546589612
v -3.2093579999999999 5.2866949999999999 -7.1173849546589594
v -3.6965400000000002 6.5371810000000004 -7.2427649546589663
v -3.41107 6.4953320000000003 -6.845271954658962
v -3.9343840000000001 7.7333869999999996 -6.9460109546589592
v -3.648914 7.6915370000000003 -6.548517954658962
v -4.0622819999999997 8.3280860000000008 -6.7915459546589645
v -3.7768109999999999 8.2862369999999999 -6.3940529546589602
v -4.282381 9.2654499999999995 -6.5213179546589615
v -4.0095830000000001 9.2254590000000007 -6.1414699546589588
v -4.4869199999999996 10.187179 -6.183080954658962
v -4.3028320000000004 10.160192 -5.9267529546589657
v -4.6151470000000003 10.931429 -5.8169469546589596
v -2.8797549999999998 0.098100999999999994 -8.2700869546589644
v -2.8157679999999998 0.088720999999999994 -8.1938139546589639
v -2.69075 0.47371799999999997 -8.1561749546589652
v -2.8476309999999998 0.49671599999999999 -8.343182954658964
v -2.5813069999999998 0.86049600000000004 -8.1470259546589645
v -2.7903069999999999 0.89113500000000001 -8.39616095465896
v -2.4807299999999999 1.247965 -8.1583339546589642
v -2.714537 1.28224 -8.4370419546589659
v -2.3833869999999999 1.6351929999999999 -8.1833549546589595
v -2.6259980000000001 1.6707590000000001 -8.4725559546589579
v -2.2848980000000001 2.021433 -8.2168279546589602
v -2.5291190000000001 2.0572349999999999 -8.5079469546589621
v -2.2361650000000002 2.2093060000000002 -8.2345749546589602
v -2.480416 2.2451120000000002 -8.5257299546589635
v -1.9941249999999999 3.0472990000000002 -8.3345669546589605
v -2.238375 3.0831050000000002 -8.6257209546589593
v -1.7298089999999999 3.8759070000000002 -8.4543989546589629
v -1.974059 3.9117139999999999 -8.7455529546589617
v -1.4435530000000001 4.6940790000000003 -8.5939199546589577
v -1.6878040000000001 4.7298859999999996 -8.8850749546589611
v -1.1357200000000001 5.5007770000000002 -8.7529539546589632
v -1.3799710000000001 5.5365830000000003 -9.0441089546589595
v -0.806701 6.2949770000000003 -8.9312969546589613
v -1.050951 6.3307840000000004 -9.2224529546589622
v -0.464729 7.0768180000000003 -9.1380419546589593
v -0.69334799999999996 7.1103319999999997 -9.4105619546589594
v -0.14932799999999999 7.851038 -9.4195219546589612
v -0.26852199999999998 7.868512 -9.5616049546589608
v -0.018874999999999999 8.2390679999999996 -9.6033509546589642
v -0.16389200000000001 0.002398 -7.6694139546589639
v -0.13017899999999999 0.0011329999999999999 -7.7635519546589649
v -0.25203999999999999 0.36693300000000001 -7.8962959546589602
v -0.33918799999999999 0.370203 -7.6529479546589627
v -0.387208 0.73163100000000003 -8.001872954658964
v -0.50753099999999995 0.73614599999999997 -7.6658839546589661
v -0.53287099999999998 1.0950899999999999 -8.0880889546589643
v -0.67170700000000005 1.100301 -7.7004079546589637
v -0.68657599999999996 1.4571890000000001 -8.1617579546589596
v -0.834144 1.4627270000000001 -7.7496909546589592
v -0.84626100000000004 1.8178190000000001 -8.2285889546589601
v -0.99687499999999996 1.823472 -7.8080189546589622
v -1.010327 2.176892 -8.293007954658961
v -1.161473 2.1825649999999999 -7.8709529546589607
v -1.084103 2.336436 -8.3215849546589595
v -1.2352559999999999 2.3421080000000001 -7.8995079546589579
v -1.7362789999999999 3.63334 -8.5725719546589616
v -1.887432 3.6390129999999998 -8.1504959546589646
v -2.4295450000000001 4.905837 -8.8379469546589604
v -2.5806979999999999 4.9115099999999998 -8.4158699546589588
v -3.1631049999999998 6.1524660000000004 -9.1174039546589611
v -3.3142589999999998 6.1581390000000003 -8.6953269546589596
v -3.5398019999999999 6.7690440000000001 -9.2605939546589582
v -3.6909550000000002 6.7747169999999999 -8.8385159546589591
v -4.073658 7.5934749999999998 -9.4489599546589602
v -4.2159909999999998 7.5988160000000002 -9.051513954658958
v -4.6517400000000002 8.4056630000000006 -9.5696129546589646
v -4.7323240000000002 8.4086890000000007 -9.3445929546589639
v -5.0142230000000003 8.8714829999999996 -9.5787259546589638
v -0.033323999999999999 0.057540000000000001 -7.728656954658959
v -0.068727999999999997 0.058868999999999998 -7.6351439546589646
v -0.0051029999999999999 0.44877099999999998 -7.5398879546589654
v 0.081093999999999999 0.44553599999999999 -7.7675589546589663
v 0.073566999999999994 0.83727600000000002 -7.4731829546589594
v 0.18786600000000001 0.83298700000000003 -7.7750799546589633
v 0.163442 1.2244889999999999 -7.4249189546589633
v 0.29081099999999999 1.2197089999999999 -7.7613399546589648
v 0.26131500000000002 1.6104890000000001 -7.3866539546589607
v 0.39311699999999999 1.605542 -7.7347839546589654
v 0.36471399999999998 1.995328 -7.3518889546589605
v 0.49723600000000001 1.990354 -7.7019179546589598
v 0.40477099999999999 2.1417700000000002 -7.3387939546589607
v 0.53729899999999997 2.1367959999999999 -7.6888409546589642
v 0.82882400000000001 3.5053160000000001 -7.1976219546589633
v 0.96135199999999998 3.5003419999999998 -7.5476689546589597
v 1.2991429999999999 4.8516240000000002 -7.0386879546589611
v 1.4316709999999999 4.8466500000000003 -7.3887349546589647
v 1.815099 6.1788959999999999 -6.8622059546589611
v 1.947627 6.1739220000000001 -7.2122529546589647
v 2.2031969999999998 7.0936450000000004 -6.7483399546589595
v 2.322435 7.0891700000000002 -7.0632829546589591
v 2.652803 7.9963259999999998 -6.7314489546589584
v 2.6790060000000002 7.9953419999999999 -6.8006579546589592
v 2.7278289999999998 8.1334029999999995 -6.7445629546589601
v -0.16019800000000001 0.10233 -7.6695339546589594
v -0.126309 0.101058 -7.7636079546589656
v -0.111165 0.49993900000000002 -7.8400869546589647
v -0.193858 0.50304300000000002 -7.6105359546589639
v -0.111419 0.899057 -7.8881149546589597
v -0.22123499999999999 0.90317800000000004 -7.5832679546589645
v -0.123435 1.2982149999999999 -7.9177749546589595
v -0.24596199999999999 1.3028139999999999 -7.57764395465896
v -0.144173 1.6972419999999999 -7.9374999546589606
v -0.27107399999999998 1.702005 -7.5852269546589639
v -0.17127800000000001 2.0959910000000002 -7.9538139546589619
v -0.29891800000000002 2.100781 -7.5994899546589636
v -0.183447 2.261266 -7.9604459546589652
v -0.31109599999999998 2.266057 -7.6060979546589635
v -0.29620600000000002 3.336894 -8.0156079546589609
v -0.42385499999999998 3.341685 -7.6612589546589618
v -0.44211600000000001 4.407851 -8.0826489546589642
v -0.56976499999999997 4.412642 -7.728299954658965
v -0.62102000000000002 5.4729840000000003 -8.1614979546589623
v -0.74866900000000003 5.4777750000000003 -7.8071479546589586
v -0.83272500000000005 6.5311469999999998 -8.2520669546589644
v -0.96037399999999995 6.5359379999999998 -7.8977179546589582
v -1.0622849999999999 7.5016389999999999 -8.3281779546589618
v -1.17737 7.5059579999999997 -8.0087059546589643
v -1.357116 8.4657769999999992 -8.3094879546589624
v -1.384252 8.4667960000000004 -8.2341569546589639
v -1.4130450000000001 8.6256930000000001 -8.2892369546589606
v 1.4084890000000001 -0.001209 -7.7294259546589643
v 1.3305119999999999 0.0098960000000000003 -7.7910409546589605
v 1.237671 0.399202 -7.7202669546589604
v 1.4279649999999999 0.37209999999999999 -7.5699019546589597
v 1.1665989999999999 0.78348399999999996 -7.6260389546589664
v 1.4193309999999999 0.74748999999999999 -7.4263369546589644
v 1.108946 1.16387 -7.5149779546589599
v 1.390949 1.1237079999999999 -7.2921469546589606
v 1.0577300000000001 1.5412950000000001 -7.3926279546589626
v 1.349815 1.4996959999999999 -7.1618299546589625
v 1.0075529999999999 1.9164650000000001 -7.2632809546589598
v 1.3013429999999999 1.8746240000000001 -7.0311369546589617
v 0.986456 2.0723569999999998 -7.2085079546589625
v 1.280268 2.030513 -6.9763459546589601
v 0.82636900000000002 3.0729760000000002 -6.8255599546589636
v 1.12018 3.0311319999999999 -6.5933989546589657
v 0.64351400000000003 4.0592100000000002 -6.4163919546589625
v 0.93732599999999999 4.017366 -6.1842299546589601
v 0.438112 5.0298740000000004 -5.9814959546589606
v 0.73192400000000002 4.9880300000000002 -5.7493339546589652
v 0.21041000000000001 5.9837990000000003 -5.5213949546589589
v 0.50422199999999995 5.9419550000000001 -5.2892339546589611
v -0.0041190000000000003 6.847118 -5.0642299546589626
v 0.26080300000000001 6.8093890000000004 -4.8548969546589618
v -0.15052099999999999 7.6820019999999998 -4.5180139546589615
v -0.087829000000000004 7.6730739999999997 -4.4684769546589607
v -0.160916 7.8185479999999998 -4.4150049546589614
v 1.39032 0.061983999999999997 -7.8679099546589626
v 1.476073 0.049771000000000003 -7.8179379546589587
v 1.641303 0.42162300000000003 -7.8488709546589632
v 1.4169400000000001 0.45357700000000001 -7.9796179546589627
v 1.782138 0.79652400000000001 -7.8962649546589603
v 1.469792 0.84100799999999998 -8.0782829546589596
v 1.9052640000000001 1.173513 -7.95622095465896
v 1.5421830000000001 1.225222 -8.1678049546589619
v 2.0165579999999999 1.551742 -8.0253099546589652
v 1.628231 1.6070469999999999 -8.2516059546589631
v 2.121013 1.93049 -8.1006209546589645
v 1.722939 1.9871829999999999 -8.3325969546589604
v 2.2226020000000002 2.30918 -8.1798319546589653
v 1.822327 2.366187 -8.4130909546589621
v 2.2946110000000002 2.5784340000000001 -8.2374829546589581
v 1.8942380000000001 2.6354540000000002 -8.4707989546589602
v 3.0137179999999999 5.0894589999999997 -8.8578059546589643
v 2.6133449999999998 5.1464800000000004 -9.0911219546589592
v 3.7723469999999999 7.5688560000000003 -9.5536789546589631
v 3.3719739999999998 7.6258759999999999 -9.7869939546589606
v 4.0499859999999996 8.4892249999999994 -9.8293239546589604
v 3.6703060000000001 8.5433000000000003 -10.050580954658962
v 4.2709029999999997 9.4136310000000005 -10.15151095465896
v 4.0360719999999999 9.4470759999999991 -10.288357954658963
v 4.3568049999999996 10.053844 -10.41645495465896
v 1.4620040000000001 0.092178999999999997 -7.7480529546589594
v 1.3630530000000001 0.106271 -7.7512269546589607
v 1.341677 0.51274399999999998 -7.7317729546589646
v 1.5946279999999999 0.476719 -7.7236589546589585
v 1.350441 0.91486699999999999 -7.710349954658966
v 1.697033 0.865506 -7.6992329546589602
v 1.3806689999999999 1.313874 -7.6872369546589638
v 1.777895 1.2573019999999999 -7.6744959546589655
v 1.424847 1.710833 -7.6626759546589653
v 1.8447279999999999 1.6510339999999999 -7.6492079546589622
v 1.4767589999999999 2.1066250000000002 -7.6368649546589609
v 1.903745 2.0458150000000002 -7.6231689546589649
v 1.5317210000000001 2.5019170000000002 -7.6099559546589646
v 1.9596309999999999 2.4409740000000002 -7.5962309546589637
v 1.543714 2.5874570000000001 -7.604081954658966
v 1.9716260000000001 2.5265140000000001 -7.590354954658963
v 2.2260070000000001 7.4889760000000001 -7.1123289546589632
v 2.6539190000000001 7.4280340000000002 -7.0986029546589577
v 2.376833 8.4719859999999994 -7.0067719546589586
v 2.776913 8.4150069999999992 -6.9939379546589606
v 2.6108639999999999 9.4424600000000005 -6.8923119546589646
v 2.8161179999999999 9.4132280000000002 -6.8857269546589635
v 2.7798959999999999 9.9066449999999993 -6.8333739546589598
v 4.068632 -0.0044060000000000002 -8.1831769546589612
v 3.9835959999999999 0.0010529999999999999 -8.1308419546589619
v 4.0222850000000001 0.36815100000000001 -7.9584169546589578
v 4.2389219999999996 0.354244 -8.0917469546589587
v 4.0902919999999998 0.730514 -7.796389954658963
v 4.3864359999999998 0.711503 -7.9786519546589645
v 4.1800040000000003 1.088514 -7.6401369546589635
v 4.5187179999999998 1.06677 -7.8485989546589607
v 4.2848379999999997 1.4424539999999999 -7.4856779546589607
v 4.6422800000000004 1.4195070000000001 -7.7056649546589639
v 4.3993640000000003 1.7925660000000001 -7.3297409546589591
v 4.7624760000000004 1.7692559999999999 -7.5532179546589617
v 4.5195189999999998 2.138995 -7.1698979546589641
v 4.8832959999999996 2.1156419999999998 -7.3937849546589618
v 4.5376000000000003 2.1907000000000001 -7.1459129546589608
v 4.9013780000000002 2.1673469999999999 -7.3697989546589611
v 4.7774219999999996 2.8318940000000001 -6.8231219546589585
v 5.1412009999999997 2.808541 -7.0470089546589634
v 5.027933 3.459095 -6.4815069546589612
v 5.3917109999999999 3.4357419999999999 -6.7053929546589615
v 5.2888390000000003 4.0715779999999997 -6.1214639546589638
v 5.6526170000000002 4.0482250000000004 -6.3453509546589615
v 5.5598400000000003 4.6686310000000004 -5.7434109546589625
v 5.9236180000000003 4.6452780000000002 -5.9672979546589602
v 5.8406209999999996 5.2495609999999999 -5.3477849546589624
v 6.2043990000000004 5.2262079999999997 -5.5716709546589627
v 6.1308559999999996 5.8136960000000002 -4.9350459546589605
v 6.4946339999999996 5.790343 -5.1589329546589653
v 6.2782739999999997 6.0914419999999998 -4.7244869546589641
v 6.6420519999999996 6.0680889999999996 -4.9483739546589618
v 6.5873540000000004 6.6288220000000004 -4.2902429546589644
v 6.9405349999999997 6.6061500000000004 -4.5076069546589608
v 6.9368179999999997 7.1457680000000003 -3.8596839546589621
v 7.2158189999999998 7.1278579999999998 -4.0313939546589594
v 7.3580969999999999 7.6396369999999996 -3.4529009546589648
v 7.4357530000000001 7.6346530000000001 -3.500694954658961
v 7.4775749999999999 7.761018 -3.3586739546589612
v 3.9357440000000001 0.064248 -8.218143954658963
v 4.022335 0.058689999999999999 -8.2678549546589579
v 4.0751809999999997 0.45014399999999999 -8.3630129546589629
v 3.8651059999999999 0.46362999999999999 -8.2424099546589602
v 4.098255 0.84281799999999996 -8.4455319546589607
v 3.820338 0.86065899999999995 -8.2859829546589623
v 4.101051 1.2360640000000001 -8.5208589546589621
v 3.7919499999999999 1.2559070000000001 -8.3434049546589648
v 4.0914720000000004 1.629337 -8.5935199546589587
v 3.7720400000000001 1.6498440000000001 -8.4101369546589595
v 4.0755670000000004 2.0222129999999998 -8.666981954658965
v 3.7545639999999998 2.0428199999999999 -8.4826969546589623
v 4.0698670000000003 2.1514790000000001 -8.6913769546589634
v 3.748853 2.1720869999999999 -8.5070859546589617
v 3.9837769999999999 3.536835 -8.9962469546589645
v 3.6627640000000001 3.5574430000000001 -8.8119549546589582
v 3.8732769999999999 4.9107219999999998 -9.3423539546589609
v 3.5522629999999999 4.93133 -9.1580629546589591
v 3.738499 6.27149 -9.7292839546589605
v 3.4174850000000001 6.2920970000000001 -9.5449929546589658
v 3.6151339999999998 7.2229000000000001 -10.012061954658961
v 3.3272620000000002 7.2413809999999996 -9.8467969546589629
v 3.3804569999999998 8.1729420000000008 -10.257607954658965
v 3.32457 8.1765290000000004 -10.225522954658963
v 3.336681 8.2987090000000006 -10.283006954658958
v 4.0697710000000002 0.095727000000000007 -8.1684969546589627
v 3.9753509999999999 0.101788 -8.1361189546589614
v 3.9401809999999999 0.504027 -8.0878909546589597
v 4.1728370000000004 0.489091 -8.1676679546589597
v 3.9365540000000001 0.90388400000000002 -8.0452169546589616
v 4.2475350000000001 0.88392099999999996 -8.1518489546589592
v 3.9547289999999999 1.3019240000000001 -8.0047609546589626
v 4.303598 1.279528 -8.1243859546589619
v 3.986491 1.6986110000000001 -7.9637159546589658
v 4.3492280000000001 1.675325 -8.0880959546589608
v 4.0253839999999999 2.0942970000000001 -7.9198759546589628
v 4.3908680000000002 2.0708340000000001 -8.0451969546589623
v 4.0486170000000001 2.3177660000000002 -7.893837954658963
v 4.414174 2.2942990000000001 -8.0191859546589654
v 4.175173 3.4113570000000002 -7.7294949546589606
v 4.5407299999999999 3.3878900000000001 -7.8548419546589656
v 4.313618 4.4974660000000002 -7.5290809546589657
v 4.6791729999999996 4.4739990000000001 -7.6544279546589635
v 4.4637820000000001 5.5747799999999996 -7.2928399546589588
v 4.8293379999999999 5.5513130000000004 -7.4181869546589638
v 4.6254850000000003 6.6419969999999999 -7.0210559546589622
v 4.9910420000000002 6.6185299999999998 -7.14640295465896
v 4.7964909999999996 7.5905839999999998 -6.7541299546589642
v 5.1289129999999998 7.5692440000000003 -6.8681149546589637
v 5.0759119999999998 8.5227219999999999 -6.4931179546589632
v 5.1763950000000003 8.5162720000000007 -6.5275729546589645
v 5.1635790000000004 8.731465 -6.4408849546589622
v 5.9589559999999997 0.002849 -8.2571229546589606
v 6.0573709999999998 -0.0039830000000000004 -8.2407579546589602
v 6.183808 0.36723099999999997 -8.3535099546589606
v 5.9267149999999997 0.385079 -8.3962649546589603
v 6.2817020000000001 0.73900699999999997 -8.4751799546589623
v 5.9241700000000002 0.76382700000000003 -8.5346369546589642
v 6.3587850000000001 1.1107629999999999 -8.6044639546589607
v 5.9435750000000001 1.139588 -8.673511954658963
v 6.4218489999999999 1.4819830000000001 -8.7402149546589598
v 5.978129 1.5127870000000001 -8.8140049546589623
v 6.4766539999999999 1.852223 -8.8814579546589627
v 6.0220609999999999 1.8837820000000001 -8.9570569546589596
v 6.5277659999999997 2.22112 -9.0274169546589604
v 6.0707909999999998 2.2528440000000001 -9.1034109546589619
v 6.5618210000000001 2.4698579999999999 -9.1280669546589621
v 6.1047510000000003 2.5015890000000001 -9.2040769546589587
v 6.7356720000000001 3.6781450000000002 -9.6690719546589605
v 6.2786030000000004 3.7098770000000001 -9.7450809546589596
v 6.9152639999999996 4.865202 -10.253460954658962
v 6.4581949999999999 4.8969339999999999 -10.329471954658963
v 7.1003579999999999 6.0294530000000002 -10.880460954658965
v 6.6432900000000004 6.0611839999999999 -10.956470954658961
v 7.2907099999999998 7.1693530000000001 -11.549238954658961
v 6.8336410000000001 7.201085 -11.62524795465896
v 7.4240950000000003 8.0094879999999993 -12.075100954658964
v 6.9910259999999997 8.0395529999999997 -12.147119954658962
v 7.4881970000000004 8.8395960000000002 -12.635544954658961
v 7.223128 8.8579969999999992 -12.67962595465896
v 7.4561419999999998 9.3944720000000004 -13.034000954658964
v 6.0600699999999996 0.055974000000000003 -8.1565039546589588
v 5.9611479999999997 0.062841999999999995 -8.1435669546589651
v 5.9206890000000003 0.45949600000000002 -8.0590519546589618
v 6.1743170000000003 0.44188899999999998 -8.0922229546589648
v 5.9108099999999997 0.85312900000000003 -7.9739539546589597
v 6.2590349999999999 0.828955 -8.0194949546589598
v 5.9229570000000002 1.244281 -7.8871629546589617
v 6.3227679999999999 1.2165250000000001 -7.9394529546589609
v 5.9497039999999997 1.6334150000000001 -7.7977219546589609
v 6.3729319999999996 1.604033 -7.8530749546589647
v 5.9848879999999998 2.020905 -7.7048369546589583
v 6.41568 1.990999 -7.7611779546589617
v 6.0238230000000001 2.4070260000000001 -7.6079079546589625
v 6.455686 2.3770449999999999 -7.6643889546589605
v 6.0347439999999999 2.5134099999999999 -7.5808569546589624
v 6.4666110000000003 2.4834290000000001 -7.6373379546589604
v 6.1638809999999999 3.7114090000000002 -7.2293759546589627
v 6.5957480000000004 3.6814269999999998 -7.2858589546589627
v 6.297695 4.8953509999999998 -6.8346749546589649
v 6.7295619999999996 4.8653700000000004 -6.891157954658965
v 6.436007 6.0636700000000001 -6.3972759546589657
v 6.8678749999999997 6.0336879999999997 -6.4537589546589658
v 6.5786369999999996 7.2148139999999996 -5.9177579546589598
v 7.0105050000000002 7.1848340000000004 -5.9742409546589599
v 6.7085540000000004 8.1192290000000007 -5.511129954658962
v 7.1131219999999997 8.0911430000000006 -5.5640419546589612
v 6.9229070000000004 9.0054250000000007 -5.0891819546589616
v 7.1363719999999997 8.9906050000000004 -5.1171009546589659
v 7.0909060000000004 9.4502240000000004 -4.8747319546589623
v 5.9751519999999996 0.101966 -8.2627459546589606
v 6.0699050000000003 0.095388000000000001 -8.2314649546589607
v 6.1794390000000003 0.48816599999999999 -8.2270909546589621
v 5.9343719999999998 0.50517900000000004 -8.307994954658966
v 6.2607010000000001 0.88287499999999997 -8.2326649546589579
v 5.9222239999999999 0.90637299999999998 -8.3444069546589645
v 6.3215370000000002 1.278969 -8.2455939546589647
v 5.9308610000000002 1.30609 -8.3745679546589642
v 6.3687950000000004 1.675972 -8.2636189546589662
v 5.9534370000000001 1.704807 -8.4007429546589663
v 6.4082140000000001 2.0734840000000001 -8.2848459546589623
v 5.98421 2.1029200000000001 -8.4248239546589616
v 6.4442539999999999 2.4711959999999999 -8.307801954658963
v 6.0187200000000001 2.5007380000000001 -8.4482839546589616
v 6.4603919999999997 2.652609 -8.3184969546589613
v 6.0348350000000002 2.682153 -8.4589879546589657
v 6.9467689999999997 7.7793349999999997 -8.7136919546589624
v 6.5212120000000002 7.8088769999999998 -8.8541819546589622
v 7.0296989999999999 8.7724250000000001 -8.7977419546589601
v 6.628851 8.8002529999999997 -8.9300749546589628
v 7.0396140000000003 9.7702690000000008 -8.9097199546589607
v 6.8117340000000004 9.7860890000000005 -8.984950954658963
v 6.9821980000000003 10.355733000000001 -8.9970979546589618
v 8.0600170000000002 -0.0012130000000000001 -8.2369859546589623
v 8.0373629999999991 -0.00075500000000000003 -8.1395869546589594
v 8.1790190000000003 0.36537900000000001 -8.0343369546589614
v 8.2343379999999993 0.364261 -8.272184954658961
v 8.3334729999999997 0.72878900000000002 -7.9589189546589623
v 8.4069749999999992 0.72730300000000003 -8.2749439546589656
v 8.498265 1.0894330000000001 -7.9029299546589584
v 8.5803089999999997 1.087774 -8.2556819546589608
v 8.6713280000000008 1.4472640000000001 -7.8576659546589624
v 8.7563259999999996 1.445546 -8.2231209546589596
v 8.8510469999999994 1.802227 -7.8163909546589636
v 8.9365500000000004 1.8004990000000001 -8.1840179546589624
v 8.9287229999999997 1.952971 -7.7990189546589619
v 9.0142330000000008 1.9512419999999999 -8.1666749546589585
v 9.3495109999999997 2.7064889999999999 -7.7046939546589641
v 9.4350210000000008 2.7047599999999998 -8.0723499546589608
v 9.7949830000000002 3.4449169999999998 -7.6045579546589579
v 9.8804920000000003 3.4431889999999998 -7.9722129546589642
v 10.264621999999999 4.1674040000000003 -7.4987259546589655
v 10.350132 4.1656750000000002 -7.8663819546589622
v 10.757887 4.8731140000000002 -7.3873209546589607
v 10.843397 4.8713850000000001 -7.7549769546589644
v 11.274208 5.5612329999999996 -7.2704689546589663
v 11.359717 5.5595039999999996 -7.6381249546589629
v 11.815723999999999 6.2309089999999996 -7.1600739546589622
v 11.895761 6.2292909999999999 -7.5041999546589579
v 12.395496 6.881094 -7.1150979546589639
v 12.437225 6.8802500000000002 -7.2945149546589647
v 12.702007 7.2010259999999997 -7.1398769546589591
v 7.9471730000000003 0.061080000000000002 -8.1540249546589649
v 7.9556319999999996 0.060908999999999998 -8.2536659546589632
v 7.8950509999999996 0.454982 -8.3414869546589614
v 7.8727689999999999 0.45543299999999998 -8.0790159546589635
v 7.8303649999999996 0.84881899999999999 -8.4003509546589612
v 7.7991989999999998 0.84945000000000004 -8.033241954658962
v 7.7622080000000002 1.2424010000000001 -8.4377479546589598
v 7.7258269999999998 1.243136 -8.0092099546589637
v 7.6911459999999998 1.6357079999999999 -8.4602969546589577
v 7.6520950000000001 1.636498 -8.000304954658958
v 7.6176589999999997 2.0287259999999998 -8.4736519546589619
v 7.5775220000000001 2.0295369999999999 -8.0008679546589647
v 7.5421360000000002 2.4214380000000002 -8.4823809546589644
v 7.5017209999999999 2.4222549999999998 -8.0063339546589631
v 7.4750069999999997 2.763255 -8.4887789546589616
v 7.4345730000000003 2.7640720000000001 -8.0125099546589595
v 6.6326080000000003 6.3288120000000001 -8.5664139546589624
v 6.5921750000000001 6.3296289999999997 -8.0901449546589603
v 6.1775760000000002 8.1031910000000007 -8.6080899546589649
v 6.137143 8.1040100000000006 -8.1318199546589653
v 5.9182199999999998 9.0689659999999996 -8.6202119546589628
v 5.879734 9.069744 -8.1668839546589638
v 5.643008 10.032102999999999 -8.5643569546589617
v 5.6181559999999999 10.032603999999999 -8.2716159546589623
v 5.4241200000000003 10.751473000000001 -8.4367479546589621
v 8.0527859999999993 0.098952999999999999 -8.2488269546589663
v 8.0512239999999995 0.098985000000000004 -8.1488399546589605
v 8.0825530000000008 0.49768200000000001 -8.0692269546589586
v 8.086589 0.49759999999999999 -8.3276759546589645
v 8.1179120000000005 0.89606200000000003 -8.0196049546589592
v 8.1234850000000005 0.89595000000000002 -8.3764209546589612
v 8.1571709999999999 1.2940970000000001 -7.9916729546589664
v 8.1636000000000006 1.2939670000000001 -8.4033649546589615
v 8.2002120000000005 1.691756 -7.9781839546589595
v 8.2070450000000008 1.6916180000000001 -8.4157539546589604
v 8.2469380000000001 2.08901 -7.9730719546589626
v 8.2539110000000004 2.08887 -8.4196569546589615
v 8.2972699999999993 2.4858289999999998 -7.9716249546589637
v 8.3042669999999994 2.4856880000000001 -8.4197819546589585
v 8.3202890000000007 2.66168 -7.9713089546589657
v 8.3272860000000009 2.6615380000000002 -8.4194889546589593
v 8.5593859999999999 4.1149100000000001 -7.9680339546589636
v 8.5663839999999993 4.1147689999999999 -8.4162139546589643
v 8.8461719999999993 5.5594840000000003 -7.9640119546589645
v 8.8531700000000004 5.559342 -8.4121929546589627
v 9.1803329999999992 6.9938380000000002 -7.9592469546589655
v 9.1873319999999996 6.9936959999999999 -8.4074269546589591
v 9.3591920000000002 7.7081670000000004 -7.9566799546589664
v 9.3661899999999996 7.7080260000000003 -8.40485995465896
v 9.6238980000000005 8.672542 -7.965943954658961
v 9.6304870000000005 8.6724080000000008 -8.3879459546589601
v 9.9113100000000003 9.6307379999999991 -8.0534019546589661
v 9.9150379999999991 9.6306630000000002 -8.2921609546589607
v 10.085409 10.181756 -8.1702659546589587
v 3.5563320708321626 0.099880999999999998 10.26733672767152
v 3.4850785306812924 0.099824999999999997 10.337500426447804
v 3.4510932374309675 0.498834 10.409615021674355
v 3.6286454848019929 0.498973 10.234781561537289
v 3.4432881773117217 0.89744900000000005 10.463573776677919
v 3.6824007043469535 0.89763599999999999 10.228121662088085
v 3.4546463829644551 1.29559 10.506276471315971
v 3.7246055342515305 1.295801 10.240448940000334
v 3.4791980275046157 1.6931780000000001 10.543590989701897
v 3.7612214702068556 1.6933990000000001 10.265886645991941
v 3.5121741735450698 2.0901369999999999 10.58020364309273
v 3.7970038414047025 2.09036 10.299733508290529
v 3.539983631010557 2.3870930000000001 10.608820135269013
v 3.824953474461509 2.3873160000000002 10.328214207228399
v 3.6597512645448944 3.3946960000000002 10.731253527730331
v 3.9447213836744055 3.3949189999999998 10.45064621260596
v 3.8040425417213584 4.3957309999999996 10.878584222063807
v 4.0890126608508695 4.3959539999999997 10.597976906939437
v 3.9726819648116489 5.3889870000000002 11.050636034991697
v 4.2576526396437586 5.3892100000000003 10.770029551248484
v 4.1654670953753623 6.3732600000000001 11.247201475121784
v 4.4504363831237228 6.3734830000000002 10.966594715699998
v 4.2678524909447972 6.862927 11.351568971858498
v 4.5528226100743154 6.8631510000000002 11.070961656734127
v 4.5026926975798176 7.8108440000000003 11.567378154806363
v 4.7642287321194488 7.8110489999999997 11.309844951266911
v 4.8303427744887415 8.7474260000000008 11.736817889410062
v 4.9278490951042428 8.7475009999999997 11.640805952417693
v 4.9546997150728416 9.0269820000000003 11.76581364595414
v 3.414884826241888 0.060123000000000003 10.264362881875442
v 3.4878878692137079 0.060171000000000002 10.196021207489636
v 3.5076669309357484 0.45598499999999997 10.098073021828057
v 3.3155675875608566 0.45585799999999999 10.277908831298632
v 3.5029877058219228 0.85109299999999999 10.016798937223342
v 3.2344982562951827 0.85091399999999995 10.268147288944263
v 3.4793765542568593 1.2454449999999999 9.9470352417451693
v 3.166163520207526 1.2452369999999999 10.240252490328217
v 3.4417107408696097 1.6389940000000001 9.8842288990728235
v 3.1056955616128832 1.638771 10.198791605250875
v 3.3941574810671611 2.0316890000000001 9.8244903185141794
v 3.0489424360619566 2.03146 10.147668073514495
v 3.3400775399293536 2.4234819999999999 9.7646902664445463
v 2.9925564309676247 2.4232520000000002 10.090025257877997
v 3.2912263367706203 2.7542520000000001 9.7125923094889828
v 2.9435578454657261 2.7540209999999998 10.038066708400436
v 3.0869549163744168 3.934196 9.4952289010474544
v 2.7392861450454973 3.9339650000000002 9.8207010814940077
v 2.8546266629150878 5.1029929999999997 9.2478855671479181
v 2.5069584472887598 5.1027630000000004 9.573358578975629
v 2.594525948374546 6.2592160000000003 8.9708653862882812
v 2.2468569013670674 6.2589860000000002 9.2963389538185908
v 2.3069693624487613 7.4014499999999996 8.6645088404275725
v 1.9593003154412685 7.4012200000000004 8.9899824079578821
v 2.156392223004886 7.9688080000000001 8.5040651112983312
v 1.8087231759974003 7.9685769999999998 8.8295386788286265
v 1.882288097870422 8.890371 8.2288909328053705
v 1.5515507655599166 8.8901529999999998 8.5385137709070307
v 1.5394169486880784 9.8003730000000004 7.982056359330798
v 1.3271946925285931 9.8002319999999994 8.1807299241364433
v 1.2141983882458049 10.465626 7.8478144395409828
v 3.5533194664057035 -0.00016200000000000001 10.286415957414093
v 3.4655867813623615 -0.000135 10.334405114106872
v 3.4756654114379444 0.36706499999999997 10.509758233374242
v 3.6957079192144988 0.36699799999999999 10.389395639860282
v 3.5144130146775865 0.73306400000000005 10.672541398834269
v 3.8120496952495699 0.73297500000000004 10.509735838256347
v 3.5734291844755788 1.0978460000000001 10.827339905336672
v 3.9107329800050294 1.0977440000000001 10.642836572915755
v 3.6455388725368039 1.4613910000000001 10.978069156687269
v 3.9989250375942405 1.4612849999999999 10.784767195147822
v 3.7249495372971779 1.8236810000000001 11.127884060052438
v 4.0824106210540165 1.823574 10.932353947352681
v 3.7959372338429773 2.1348310000000001 11.257811172377473
v 4.1536688312635235 2.1347230000000001 11.062131519189037
v 4.2112233066064491 3.799353 12.016105304124977
v 4.5689554597295867 3.7992460000000001 11.8204264823177
v 4.6541436222264068 5.4326699999999999 12.824936520144803
v 5.0118763310521359 5.4325619999999999 12.629258529718683
v 4.8824130365496643 6.2411519999999996 13.241803190357857
v 5.2401438025890457 6.2410439999999996 13.046124092872006
v 5.1473503676241705 7.0936380000000003 13.692718676014664
v 5.4773258520107078 7.0935389999999998 13.512223567114518
v 5.5031285890209958 7.9362180000000002 14.111934479615513
v 5.6388082149415197 7.9361769999999998 14.03771759426543
v 5.6609789403257622 8.225346 14.23922164454963
v -6.0298291909218094 0.090765999999999999 -4.213239635296091
v -6.1242438364912815 0.094228000000000006 -4.1804695115399824
v -6.1580326409780781 0.489707 -4.0905317908252954
v -5.921875013295967 0.481049 -4.1724982939076867
v -6.1621089481884184 0.88399499999999998 -4.0102927645380362
v -5.8432595290078666 0.872305 -4.1209609561209177
v -6.1456156727333564 1.277426 -3.9365821162247698
v -5.784842877637999 1.2641979999999999 -4.0618007082112655
v -6.1163478102460118 1.6702840000000001 -3.8666926648646154
v -5.7388289521480473 1.656442 -3.9977230684372742
v -6.080568636963946 2.0627979999999999 -3.7984490919126443
v -5.6989517021329661 2.0488059999999999 -3.9309028039867684
v -6.0497773129651051 2.3821539999999999 -3.7430771592806806
v -5.6679180749386973 2.3681540000000001 -3.8756146458227789
v -5.5830907710735005 6.9284039999999996 -2.8787202123083944
v -5.2012309773445011 6.9144040000000002 -3.0112568674693279
v -5.4664171349785562 7.9045189999999996 -2.6947418329444446
v -5.114918936195707 7.8916310000000003 -2.816740581419225
v -5.2575091501660367 8.8765059999999991 -2.5389693692303155
v -5.1185337978491532 8.8714099999999991 -2.5872047223792265
v -5.1544798001770289 9.1916019999999996 -2.5000012945300654
v -6.1645396273945323 0.066520999999999997 -4.2645651443664363
v -6.079158224832014 0.065948999999999994 -4.3166190867479486
v -6.0251422987014251 0.46458100000000002 -4.3812726933391986
v -6.2428540235390173 0.46604000000000001 -4.248540589410851
v -5.9994236662122447 0.86308300000000004 -4.4335614785984205
v -6.2972183034690516 0.86507900000000004 -4.2520054606478084
v -5.9944240249617238 1.26136 -4.4781021965469066
v -6.3352090981341149 1.263644 -4.2703369043639086
v -6.003592177827187 1.6593260000000001 -4.5188852157465078
v -6.3633731590361649 1.661737 -4.2995379009480317
v -6.0215240362220328 2.056899 -4.5592003221398585
v -6.387110684843627 2.0593499999999998 -4.336312844789461
v -6.0441751910297086 2.4540099999999998 -4.6015066629161367
v -6.4104616347068273 2.4564650000000001 -4.3781923321011007
v -6.0480736133154309 2.52027 -4.6086293124710593
v -6.4143614440763059 2.5227249999999999 -4.3853152573345824
v -6.1572188428594785 3.912112 -4.8029549976101507
v -6.5235066736203464 3.9145669999999999 -4.5796409424736737
v -6.2930359234174702 5.2947990000000003 -5.0409253852168945
v -6.6593229227971875 5.2972539999999997 -4.817611885783009
v -6.4553372553912851 6.6664510000000003 -5.3222184203413434
v -6.821625086152153 6.6689069999999999 -5.0989043652048665
v -6.5430706244577124 7.34917 -5.4736247136757186
v -6.9093576238374226 7.3516240000000002 -5.2503112142418331
v -6.6929290341667098 8.3111160000000002 -5.7025501488407357
v -7.0348129914226476 8.3134069999999998 -5.4941128992402355
v -6.9290780348962002 9.2660719999999994 -5.9082156086546433
v -7.1001412660246928 9.2672190000000008 -5.8039237559149512
v -7.0878015298615864 9.7103750000000009 -5.9810004459490216
v -6.0311357015086813 -0.0065880000000000001 -4.2437743286478593
v -6.112553461896546 -0.0070029999999999997 -4.1857130408699845
v -6.0707081766082638 0.34755900000000001 -3.9889074419883883
v -5.861099178183153 0.34862900000000002 -4.138386730775224
v -6.002768439436565 0.70090300000000005 -3.8075625670841333
v -5.7141722330832465 0.70237499999999997 -4.01337148988992
v -5.9156371318213701 1.0529740000000001 -3.6367709809996143
v -5.5834639345475381 1.0546690000000001 -3.8736557186187355
v -5.8153228882112487 1.403724 -3.4722578529704862
v -5.4629773135364701 1.4055219999999999 -3.7235281011816568
v -5.7068350793954252 1.7531099999999999 -3.3104631788821735
v -5.3477135576100636 1.754942 -3.5665644379352273
v -5.5940255787510011 2.101092 -3.1486523573949938
v -5.2338338502294448 2.1029300000000002 -3.4055170649019999
v -5.5530680108167942 2.2260840000000002 -3.0903147671215265
v -5.1928663057213669 2.227922 -3.3471861430596448
v -4.9362147178585261 3.9556499999999999 -2.2129494100971314
v -4.5760143998468479 3.9574880000000001 -2.4698210617138159
v -4.2826987269076113 5.6445860000000003 -1.2844637657016875
v -3.922498408895926 5.6464239999999997 -1.5413354173183649
v -3.9469401532283541 6.4784660000000001 -0.807673924286334
v -3.5867390038355111 6.4803050000000004 -1.0645461316056171
v -3.59744848774438 7.2875199999999998 -0.33495022594316737
v -3.2591275570721336 7.2892469999999996 -0.57621840593810703
v -3.173842473128822 8.0861479999999997 0.10276962875675366
v -2.9886830778461899 8.0870929999999994 -0.029273965516395606
v -2.8900394181485325 8.5175289999999997 0.30797743863701754
v -4.8399269482133533 0.103218 -4.9495390295307971
v -4.7447980025689063 0.107972 -4.9190797911034494
v -4.700571784995617 0.50994799999999996 -4.8731491185178797
v -4.9387210082392627 0.49804799999999999 -4.9494032775745893
v -4.6855847214304092 0.91055799999999998 -4.8382650136749561
v -5.0073079808629899 0.89448099999999997 -4.9412796626579265
v -4.6906604384190871 1.3102529999999999 -4.811489472110857
v -5.0548636315950688 1.2920529999999999 -4.9281069832248221
v -4.7079659274822632 1.709417 -4.7903160997700169
v -5.089219566991126 1.690366 -4.9123918193674996
v -4.7312037913550782 2.1083599999999998 -4.7727266318807153
v -5.1166747722764327 2.0890979999999999 -4.8961536517448252
v -4.7517470560634649 2.4389759999999998 -4.7597189351929359
v -5.137477226731562 2.4197009999999999 -4.8832285424361217
v -4.9161828491989823 5.5431660000000003 -4.7306195787758156
v -5.3019138138472997 5.5238899999999997 -4.8541297939625707
v -4.9910156169103601 7.0956789999999996 -4.7392030439069259
v -5.3767449935982299 7.0764040000000001 -4.8627120432065212
v -5.0513139982937219 8.093788 -4.7591708140264402
v -5.4066087913783889 8.0760330000000007 -4.8729345956835246
v -5.1998487734619729 9.0872770000000003 -4.8179465409697428
v -5.3420986774766206 9.0801689999999997 -4.8634941712025608
v -5.2845636143745338 9.4148239999999994 -4.8499496613982132
v -4.751932865628028 0.058470000000000001 -4.8433771423444583
v -4.8514850920507655 0.049563000000000003 -4.8401983956930863
v -4.9562108958638831 0.42397400000000002 -4.7200586033855458
v -4.7078725121878549 0.44619300000000001 -4.7279898730305092
v -5.0294747687102728 0.799902 -4.5968052835213484
v -4.6947842208042445 0.829847 -4.6074932404524276
v -5.0810227814856006 1.176431 -4.4701387577778888
v -4.7029134459067663 1.2102599999999999 -4.4822144398346424
v -5.1191512232479255 1.5527740000000001 -4.3398105007736163
v -4.7239578057033142 1.5881320000000001 -4.3524313372913781
v -5.1504989935888688 1.928294 -4.2056228708830332
v -4.7512702980007049 1.964013 -4.2183718951975706
v -5.1729713476838057 2.2158959999999999 -4.100248613156424
v -4.7735317688785486 2.251633 -4.1130049360151162
v -5.2661012153428501 3.4338359999999999 -3.6042547787917201
v -4.8666608425573799 3.469573 -3.6170104937068288
v -5.3562264247275948 4.633572 -3.0652086594045613
v -4.9567868459223092 4.6693090000000002 -3.0779649822632535
v -5.4432339877823424 5.8135899999999996 -2.4837907626725411
v -5.0437936149968507 5.8493269999999997 -2.4965464775876498
v -5.4859381576717681 6.3983889999999999 -2.1826242253645987
v -5.0864977848862978 6.434126 -2.1953799402797074
v -5.5325786127764687 7.2744859999999996 -1.7024734299871227
v -5.1656648076913356 7.3073129999999997 -1.7141904771810417
v -5.4797120991543409 8.1461550000000003 -1.2019976649220823
v -5.3404864638756351 8.1586119999999998 -1.2064444599746267
v -5.4286420953135348 8.4156840000000006 -1.0472095752326709
v -4.8443039090535791 0.0021359999999999999 -4.9520931804275037
v -4.7449924503313952 0.0096579999999999999 -4.9431159229691914
v -4.6851223979432604 0.40745900000000002 -5.0142403463696112
v -4.949284718649551 0.38744899999999999 -5.0381197698145783
v -4.6533133041462307 0.80222300000000002 -5.0923113911033226
v -5.0252848339207787 0.77404799999999996 -5.1259378051134945
v -4.6424918594177598 1.1944380000000001 -5.1766827272251845
v -5.0793679502579465 1.161346 -5.2161749195191405
v -4.6463729509386553 1.58453 -5.266772483743928
v -5.1178160178575354 1.5488200000000001 -5.3093891513180438
v -4.6595345093668925 1.972861 -5.3620789953826389
v -5.1460443456110312 1.9360090000000001 -5.4060580972119539
v -4.6775192280339866 2.3597199999999998 -5.4621894168155052
v -5.1685038518096391 2.3225289999999998 -5.5065733377992174
v -4.6970208560126281 2.7453080000000001 -5.5667913799815096
v -5.1884984685719502 2.7080799999999998 -5.6112190166279632
v -4.6992639683480064 2.789237 -5.5787711315252935
v -5.1907431688677619 2.7520090000000001 -5.6231999840589282
v -4.7567347459536435 3.9956520000000002 -5.9539265615358445
v -5.248213152493193 3.9584239999999999 -5.9983548061258958
v -4.8093337261863809 5.1883030000000003 -6.3714183384171221
v -5.3008129267061292 5.1510740000000004 -6.4158471909507426
v -4.8569979190590189 6.3656930000000003 -6.8307234083845572
v -5.3484763255985683 6.3284649999999996 -6.8751516529745942
v -4.8996664707155801 7.5263470000000003 -7.3312649362726319
v -5.3911448772551154 7.4891199999999998 -7.375693180862676
v -4.919741686464647 8.1022169999999996 -7.5917293578020022
v -5.4112200930041965 8.0649890000000006 -7.6361576023920392
v -4.9589835432575171 9.0003580000000003 -8.0298156306084536
v -5.4291329070424155 8.9647450000000006 -8.0723157983923457
v -5.0590257549191406 9.8812149999999992 -8.4985704080708828
v -5.3798652317094167 9.8569139999999997 -8.5275727724907995
v -5.2386181130700251 10.609341000000001 -8.9212925548183719
v 12.096309028808729 0.101106 3.2520420100942431
v 12.002731764358266 0.088816999999999993 3.2850935914023651
v 11.898875106966965 0.47148800000000002 3.3830091424068272
v 12.146896938236125 0.50405800000000001 3.295406560556188
v 11.823797211837615 0.85696000000000006 3.4760150800180654
v 12.172181941733307 0.90271100000000004 3.3529632284248763
v 11.770706328822705 1.2442800000000001 3.5665006312939198
v 12.178964400325455 1.2978940000000001 3.4223016714160934
v 11.73357766648498 1.6325959999999999 3.656582053812734
v 12.173274168333375 1.6903379999999999 3.5012792811031233
v 11.707232049332045 2.0211649999999999 3.7480772183671007
v 12.160299081960851 2.0806619999999998 3.5880520717153175
v 11.687440703327038 2.4093689999999999 3.8424674514386936
v 12.14427358607189 2.4693619999999998 3.6811115719423739
v 11.670776531315141 2.805701 3.9432169681033358
v 12.127963868272953 2.8657400000000002 3.781737015197649
v 11.639395358716495 3.8846810000000001 4.2555371127807646
v 12.096581901694076 3.9447199999999998 4.0940565519314873
v 11.621939428391954 4.9530700000000003 4.6033402091478166
v 12.079124383409109 5.0131079999999999 4.4418584324113581
v 11.618426251297951 6.0095429999999999 4.9861938102523382
v 12.075612794275546 6.0695819999999996 4.8247132494030609
v 11.628863737557236 7.0527920000000002 5.4036253714615867
v 12.086051682458635 7.1128299999999998 5.2421446245756727
v 11.653238050885246 8.0815230000000007 5.8551167291361139
v 12.110423799882614 8.1415620000000004 5.693635560343246
v 11.696253716413796 8.9859019999999994 6.2798163496117354
v 12.132819247015913 9.0432319999999997 6.1256188262201761
v 11.812115094169329 9.8850660000000001 6.7088008172426612
v 12.104333910216379 9.9234410000000004 6.6055873599027635
v 12.000748300210802 10.615003 7.0418448175361874
v 11.973073851405339 0.057473999999999997 3.1849244233501324
v 12.067617986822341 0.069523000000000001 3.1546598170210984
v 12.088625362021201 0.47495199999999999 3.1112422355677865
v 11.83930815015783 0.44318000000000002 3.1910505195593473
v 12.08059622072561 0.87640099999999999 3.0718454543914717
v 11.731624920512019 0.83192900000000003 3.1835536963623952
v 12.050607827081812 1.2747059999999999 3.0342106985577288
v 11.642967219567808 1.2227570000000001 3.1647007316277254
v 12.004914559074471 1.670601 2.9963446048219282
v 11.567096176871694 1.6148070000000001 3.1364943436242214
v 11.948869487162394 2.0647039999999999 2.9565410411074851
v 11.498680023227877 2.007333 3.1006506772299218
v 11.886805755566371 2.4575040000000001 2.9134225263211846
v 11.433404297867604 2.399724 3.0585590003366292
v 11.828647533850145 2.8091249999999999 2.8713157869935273
v 11.375013702275591 2.751315 3.0165287487978745
v 11.638721122586311 3.8835229999999998 2.7057228148164469
v 11.185086310994905 3.8257129999999999 2.8509337667533856
v 11.438291345858595 4.9498239999999996 2.5040943684655446
v 10.984657514284041 4.8920149999999998 2.6493073302698846
v 11.227602337607006 6.0067389999999996 2.2666790935105325
v 10.773968319995827 5.9489289999999997 2.4118906533910618
v 11.006907882438931 7.0529859999999998 1.9937607334501308
v 10.553274050864371 6.9951759999999998 2.1389736952544638
v 10.776475471899431 8.0873000000000008 1.6856725708570863
v 10.322840846344647 8.0294899999999991 1.8308849247178358
v 10.549085768971217 9.0124049999999993 1.3813613217383178
v 10.117054548691641 8.9573490000000007 1.5196574476158489
v 10.249325999457419 9.9175520000000006 1.0695122045261201
v 9.9685139385920785 9.8817660000000007 1.1594024882867018
v 9.934574217681817 10.586665999999999 0.84331472006158492
v 12.111621172064858 0.0056769999999999998 3.215562410344468
v 12.036628551509601 -0.0086420000000000004 3.2801467861892135
v 12.020934418072272 0.35630200000000001 3.4597996900445409
v 12.209223961211023 0.39225599999999999 3.2976412688336723
v 12.032689988334532 0.72370800000000002 3.6236459928798723
v 12.287561147853889 0.77237500000000003 3.4041459252665263
v 12.064745558119697 1.09212 3.7778009391863279
v 12.353763506908603 1.1473070000000001 3.5288937431416016
v 12.110979920748267 1.4602790000000001 3.9274921801369373
v 12.41392532615729 1.5181260000000001 3.6665885995912362
v 12.166446469475513 1.8271539999999999 4.0769298232971778
v 12.472967931241385 1.885683 3.8129481314908773
v 12.219863074144868 2.1485940000000001 4.2104788460214095
v 12.526632882478239 2.2071710000000002 3.9462830187850528
v 12.368287166412667 2.9179819999999999 4.5534073834581221
v 12.675056974746042 2.9765579999999998 4.2892115562217512
v 12.534927657767916 3.675106 4.9147677945187098
v 12.841698260081507 3.7336830000000001 4.6505725752259437
v 12.719596584310359 4.4191159999999998 5.2941541856553229
v 13.026365598663517 4.4776930000000004 5.0299577504753685
v 12.922086976448185 5.1491749999999996 5.6911410729222283
v 13.228855990801343 5.2077520000000002 5.426944637742281
v 13.142168888996885 5.8644639999999999 6.1052803422579274
v 13.448939491310476 5.9230400000000003 5.8410851229651541
v 13.256564077248889 6.2182649999999997 6.3165523831573083
v 13.563333885582256 6.2768420000000003 6.0523565559209445
v 13.509943839136668 6.9113040000000003 6.749193642504693
v 13.801962703186838 6.9670649999999998 6.4977012273987143
v 13.824514661699794 7.5960479999999997 7.1596790768296614
v 14.013277895784476 7.6320920000000001 6.9971125565037084
v 14.125487623317838 8.1104389999999995 7.4283313400601472
v 9.4260418158058705 0.010244 10.482777477553761
v 9.515061502453662 0.0057229999999999998 10.528109457811958
v 9.6157014581518183 0.39942299999999997 10.527717609531869
v 9.3991813981552426 0.41041899999999998 10.417457317445013
v 9.6901408201999466 0.79393400000000003 10.508117341603437
v 9.4032140714613419 0.80850500000000003 10.362004107023921
v 9.7480364918680102 1.1886950000000001 10.474238085559307
v 9.4284687928752682 1.2049240000000001 10.311502908629166
v 9.7974443864017751 1.5832280000000001 10.430191111613979
v 9.4668770821380228 1.600017 10.26185420237303
v 9.8445526839252331 1.977152 10.379140326806684
v 9.5122321060210098 1.9940290000000001 10.209910726386397
v 9.8618185145263588 2.1214499999999998 10.359643160175253
v 9.5294820608439572 2.138328 10.190406282415694
v 10.004756037403972 3.1705320000000001 10.183575183102164
v 9.67242056404152 3.1874099999999999 10.014338502757866
v 10.16412038749322 4.2111349999999996 9.9744066928493709
v 9.8317847167155037 4.2280139999999999 9.8051709928250403
v 10.339710983482831 5.2419630000000002 9.7323992389104177
v 10.007374529800423 5.2588410000000003 9.5631623611508658
v 10.531308169100988 6.2617269999999996 9.4578533726490548
v 10.198972695738547 6.2786049999999998 9.2886166923047639
v 10.706715755499804 7.2020169999999997 9.1655479229996502
v 10.40797586957396 7.2171890000000003 9.0134202300242379
v 10.794816401289513 8.1357389999999992 8.7942654799250661
v 10.731261121880387 8.1389680000000002 8.7618997384809489
v 10.793486698990691 8.2731250000000003 8.731831268295565
v 9.4751816775973765 0.049644000000000001 10.62266135735095
v 9.3815608021353398 0.052313999999999999 10.58762056320009
v 9.2677701528107796 0.43267299999999997 10.683860559720735
v 9.5167408663196227 0.42557200000000001 10.777045053623411
v 9.1789439427349677 0.81037300000000001 10.795189876073472
v 9.5294664633201727 0.80037499999999995 10.926384283479393
v 9.10841638595479 1.1855279999999999 10.919083899886644
v 9.5200457052522225 1.1737869999999999 11.073147794565855
v 9.0502665707738466 1.5582309999999999 11.05329552976432
v 9.4944082035964428 1.545563 11.219529356170625
v 8.9993902002554016 1.9285509999999999 11.195883903325665
v 9.4576818640448224 1.9154789999999999 11.367413380460405
v 8.9515942749146689 2.296535 11.345245705155392
v 9.4140731035636449 2.2833429999999999 11.518341620108572
v 8.903771937206912 2.6621939999999999 11.500184039185946
v 9.3667096449082798 2.64899 11.673452948402812
v 8.8986045443887036 2.7016969999999998 11.516999852947478
v 9.3615422520900715 2.6884929999999998 11.690268762164337
v 8.7748394684345818 3.5539809999999998 11.91262465182524
v 9.2377771761359604 3.5407769999999998 12.085893561042091
v 8.6406994792538114 4.3918020000000002 12.334867121441441
v 9.1036373843704617 4.3785970000000001 12.508135050338339
v 8.4963379917364428 5.2142030000000004 12.783244038378257
v 8.959276679757771 5.2009980000000002 12.956513145010376
v 8.3419200277348011 6.0202450000000001 13.257244934430773
v 8.8048579328514336 6.0070410000000001 13.430512863327671
v 8.1776210450847842 6.8090080000000004 13.756327780496605
v 8.6405589502014131 6.7958040000000004 13.92959570939351
v 8.0036290889045532 7.579593 14.279923500101511
v 8.4665660137012182 7.5663879999999999 14.453191231583141
v 7.8287153354254002 8.3308730000000004 14.830643040874158
v 8.2745066657912041 8.3181569999999994 14.997493681690045
v 7.6959537567026857 9.0607699999999998 15.423904286987586
v 8.021724162827816 9.0514770000000002 15.545833917992802
v 7.6570030217143099 9.7669809999999995 16.07830750218816
v 9.410501786470526 0.107597 10.504215540625253
v 9.5064826046155559 0.10616200000000001 10.532243204766402
v 9.5732652321637133 0.50295599999999996 10.594166773363227
v 9.331854551044124 0.50656599999999996 10.523669225360628
v 9.6115284796947336 0.90064699999999998 10.64288020496457
v 9.2843655869173247 0.90553899999999998 10.547342061505972
v 9.6303423573927205 1.299045 10.681030144099061
v 9.2589654829082164 1.3045990000000001 10.572579364557726
v 9.637471646244947 1.6979789999999999 10.710875941164346
v 9.2478906492774371 1.7038040000000001 10.597110803183512
v 9.6392076778402398 2.0973000000000002 10.734253736361929
v 9.2448519192477008 2.1031960000000001 10.619094552677318
v 9.6398892380685695 2.4615309999999999 10.75123242817417
v 9.2451770783811256 2.4674330000000002 10.635968830603723
v 9.6530581955143404 3.6436709999999999 10.766667953198976
v 9.2583474109773825 3.6495730000000002 10.651402592403883
v 9.6777477445171236 4.8254830000000002 10.742634058882011
v 9.2830365651496436 4.831385 10.627370658726839
v 9.7139292110884625 6.0055370000000003 10.679161693605877
v 9.3192172488162868 6.0114390000000002 10.563897115715498
v 9.7615568001628858 7.1824070000000004 10.576326301468939
v 9.3668456207954094 7.1883090000000003 10.461062901313767
v 9.7950655874592556 8.1748080000000005 10.456911356010146
v 9.4302080372570884 8.1802639999999993 10.35036507112666
v 9.7471238862872838 9.164472 10.28336452296864
v 9.5912376147908986 9.1668020000000006 10.237843334660823
v 9.6908724760778675 9.5253069999999997 10.204740307936291
v 13.489199185232913 0.097332000000000002 3.1009851850165688
v 13.411433705319162 0.101947 3.0382863431230831
v 13.347983927275379 0.50419199999999997 3.0221472560611033
v 13.54710126293654 0.49237599999999998 3.1826882349082553
v 13.305494111634189 0.90471599999999996 3.0284298905227232
v 13.578625588542295 0.88850799999999996 3.2486451064615878
v 13.27719760428764 1.3038749999999999 3.0516745068453588
v 13.59053600920992 1.28528 3.3043070469282938
v 13.257229605765094 1.7019690000000001 3.0871448985122498
v 13.588702300978976 1.6822980000000001 3.3543996687814612
v 13.240732295427328 2.0992410000000001 3.1309212894281302
v 13.577983720167531 2.0792269999999999 3.4028342664404505
v 13.224025625133962 2.4958640000000001 3.1800294599164403
v 13.562065284328309 2.475803 3.4525772939562032
v 13.219800143487085 2.594471 3.1925254060531643
v 13.557841209733855 2.5744099999999999 3.4650760720893032
v 13.140368313646029 3.8272439999999999 3.3817801497879003
v 13.478410088786472 3.8071830000000002 3.6543301105086812
v 13.034667624335267 5.0526869999999997 3.6030775412777913
v 13.37270939947571 5.0326259999999996 3.8756275019985651
v 12.902815375792976 6.2694099999999997 3.8561696820474012
v 13.240857150933422 6.2493499999999997 4.1287196427681749
v 12.744961502414363 7.4760350000000004 4.140766329651278
v 13.083003982870167 7.4559740000000003 4.4133169992657244
v 12.612930370042953 8.4336369999999992 4.3972061791262078
v 12.929324325586933 8.4148599999999991 4.6523015331278756
v 12.52940250468291 9.3794330000000006 4.7258146804745351
v 12.694260294529371 9.36965 4.8587334407002487
v 12.528183795700407 9.8470859999999991 4.9308025088898262
v 13.480360341780894 0.062265000000000001 2.9587313717129149
v 13.551070909470802 0.057622 3.0292888505438071
v 13.659025325292763 0.449021 3.0496587486667437
v 13.485730405327505 0.46039799999999997 2.8767394020908483
v 13.745738320542593 0.84160500000000005 3.0462209864872207
v 13.514936579835599 0.85675900000000005 2.8159184843848308
v 13.818660982706454 1.2348779999999999 3.0264105768010126
v 13.560522833454854 1.2518260000000001 2.7688314719614269
v 13.884048864679546 1.6284190000000001 2.9964708570950265
v 13.61623643097322 1.6460030000000001 2.7292392771174789
v 13.946770837145714 2.0219010000000002 2.9612642077805376
v 13.677202139555348 2.0396000000000001 2.6922787962347883
v 13.976818100118525 2.211033 2.9436271533824012
v 13.707216954443087 2.2287340000000002 2.6746105469368331
v 14.502000725297815 5.066567 2.6051950519812763
v 14.232398168991651 5.0842679999999998 2.33617702774837
v 14.781655267196577 6.4889080000000003 2.418520166044793
v 14.512053416205774 6.5066079999999999 2.1495028507055522
v 14.968160854015341 7.4602209999999998 2.2698783312021504
v 14.724146906154111 7.4762420000000001 2.0263915848622815
v 15.085835867091188 8.4337350000000004 2.0365090664786294
v 15.020928036254169 8.4379969999999993 1.9717412296069767
v 15.093527132452323 8.621848 1.9761293940536717
v 13.460006187124666 -0.0016440000000000001 3.0956758839842351
v 13.410205830452959 0.0028410000000000002 3.0090746829800281
v 13.253651250520676 0.37961499999999998 3.024138085358878
v 13.384945850563778 0.36778899999999998 3.2524556849707409
v 13.107871062421395 0.753413 3.0665210374709986
v 13.29161732378423 0.73686200000000002 3.3860512406571388
v 12.969155224725061 1.1245229999999999 3.1297327904699728
v 13.183764642907526 1.105192 3.5029321726336917
v 12.834224547464054 1.4931909999999999 3.2080332212598961
v 13.064694641176136 1.472432 3.6088125109061338
v 12.700282108588691 1.8596239999999999 3.2965128659140106
v 12.937243186851969 1.8382799999999999 3.7085798975645758
v 12.565064613169774 2.2239789999999999 3.3911955804380227
v 12.803706169659854 2.2024840000000001 3.8061836889326983
v 12.442242477683973 2.5473569999999999 3.4784362228629178
v 12.681003010615662 2.5258509999999998 3.893631815348165
v 11.986594871749425 3.639173 3.7970118662054659
v 12.225356109996479 3.617667 4.2122081675843859
v 11.497478283708485 4.7108590000000001 4.1337907857850382
v 11.736239521955536 4.6893529999999997 4.5489870871639582
v 10.975499050628663 5.7610910000000004 4.4883573214513319
v 11.214259579982041 5.7395849999999999 4.9035543281456242
v 10.421300339843608 6.7885689999999999 4.860271864536422
v 10.660062283406024 6.7670640000000004 5.2754688748090075
v 10.136274848205694 7.2963810000000002 5.0504807266894787
v 10.375035377559072 7.2748749999999998 5.4656777333837638
v 9.655896585993645 8.1084540000000001 5.3820003589876819
v 9.8832612875496011 8.0879750000000001 5.7773786705228147
v 9.1892966306572887 8.9004340000000006 5.7838308862925558
v 9.3368848700602385 8.8871400000000005 6.0404825600274847
v 8.8683269512784939 9.4857619999999994 6.1698293196889509
v -3.7364535035665227 0.106805 -7.8285784624764929
v -3.6611461050562468 0.10582800000000001 -7.8943647251352971
v -3.5780203915953308 0.50367300000000004 -7.9229075711499135
v -3.7700445140868766 0.50616300000000003 -7.7551608852471787
v -3.5215464740653246 0.90223600000000004 -7.9354622349771518
v -3.7842049886805711 0.90564100000000003 -7.7060116238968703
v -3.4850464834619146 1.301355 -7.9378702183555134
v -3.7856219726082898 1.3052509999999999 -7.6752955638866922
v -3.4627440023137268 1.700879 -7.9351790991394466
v -3.7800754134964905 1.7049920000000001 -7.6579672576215287
v -3.4498795499412722 2.10067 -7.9315530206575815
v -3.7723325540720296 2.1048499999999999 -7.6498689453940898
v -3.4428905985095568 2.5006059999999999 -7.9301105121185458
v -3.7659601576403574 2.504794 -7.6478849371487456
v -3.4418756186623156 2.5673650000000001 -7.9299410662283947
v -3.7649473008958196 2.5715530000000002 -7.6477147895215367
v -3.4489401256554899 3.5537839999999998 -7.9526642126421976
v -3.7720110989953213 3.5579719999999999 -7.670438641250712
v -3.4780493008497757 4.5388960000000003 -8.0006034916679454
v -3.8011202706112996 4.5430840000000003 -7.7183793344854905
v -3.5291693392039676 5.5215620000000003 -8.0737050774829342
v -3.8522396072284337 5.5257500000000004 -7.7914787971977688
v -3.6022410657935708 6.500648 -8.1718811388381027
v -3.925312748027082 6.5048370000000002 -7.8896548621312448
v -3.697182030287081 7.475028 -8.2950204509932419
v -4.0202537089422847 7.4792149999999999 -8.0127955884954218
v -3.8242197330730647 8.4437060000000006 -8.4339501105474994
v -4.1266143904784798 8.4476250000000004 -8.1697869423565805
v -4.0349089293690454 9.4062380000000001 -8.5433412306905581
v -4.1925679610244515 9.4082810000000006 -8.4056148813252989
v -4.1882764013874549 9.8861100000000004 -8.5669097378703327
v -3.6002956166040647 0.051579 -7.8257039124388825
v -3.6740242756147694 0.052198000000000001 -7.7581480038854238
v -3.6461401538426941 0.43305900000000003 -7.6158954988459726
v -3.4575433149084347 0.431475 -7.788701736548802
v -3.5932845804131404 0.812504 -7.491487346277772
v -3.3347551619467453 0.81033200000000005 -7.728370221548289
v -3.5219114063848309 1.19055 -7.3790284444419214
v -3.2254970554904929 1.188059 -7.6506243181990286
v -3.4376126506063045 1.5672079999999999 -7.2734092304219615
v -3.1241925007857247 1.564575 -7.5605863566601954
v -3.3450185421300844 1.942482 -7.1704065437992739
v -3.0262310104535715 1.9398029999999999 -7.4625021747912328
v -3.2476288536152111 2.3163629999999999 -7.0668316927833175
v -2.9281290269317211 2.313679 -7.359579597355193
v -3.2250793254684211 2.402047 -7.0430065804570887
v -2.9055787898912584 2.3993630000000001 -7.3357551903443223
v -2.8441650265884135 3.7132679999999998 -6.6393081074679756
v -2.5246637821175781 3.7105830000000002 -6.9320574226705673
v -2.4327458915568343 5.0043839999999999 -6.2021342751325079
v -2.1132453524013783 5.0016990000000003 -6.4948842992287723
v -1.9913240369254126 6.2738339999999999 -5.7320166857160473
v -1.6718227924545772 6.2711490000000003 -6.0247660009186461
v -1.7632093935753872 6.9028530000000003 -5.4888261421102271
v -1.4437088544199241 6.9001669999999997 -5.7815761662064915
v -1.4180272149230575 7.7745990000000003 -5.1408279641296133
v -1.1191783009189322 7.7720880000000001 -5.4146542637349526
v -0.99664970926519203 8.6335949999999997 -4.8339441817729139
v -0.84236427295329008 8.6322980000000005 -4.9753121934589046
v -0.74443382299657657 9.0526060000000008 -4.717404475411783
v -3.7409765948453853 0.0036619999999999999 -7.8052164175685022
v -3.7056472949803236 0.0098759999999999994 -7.8985608791291355
v -3.7875725869988059 0.39901399999999998 -7.9898084603337267
v -3.8797224699380735 0.38280500000000001 -7.7463421474518839
v -3.8849072151668551 0.78476999999999997 -8.0553392912103874
v -4.0129216974050337 0.76225299999999996 -7.717124138429952
v -3.9948301864795539 1.167562 -8.1025517869587418
v -4.1433521601346257 1.141438 -7.7101546738060094
v -4.1148600958487123 1.547752 -8.137936586899265
v -4.2734500264174216 1.5198560000000001 -7.7189359287086035
v -4.2428907139187615 1.925632 -8.1669847203436277
v -4.4052706319752559 1.89707 -7.7379696739618424
v -4.3772514577271053 2.3014190000000001 -8.1940428022466136
v -4.5404379159207053 2.2727149999999998 -7.7628992770636032
v -4.4655654204551283 2.5413899999999998 -8.2115359830972849
v -4.6287796471643077 2.5126810000000002 -7.7803168675078638
v -4.8262992964238407 3.4341080000000002 -8.2886376092383074
v -4.9895135195547056 3.4053990000000001 -7.8574199078579241
v -5.2144794766440938 4.3141819999999997 -8.3769703977382193
v -5.3776936997749658 4.2854729999999996 -7.9457526963578289
v -5.6296741689478793 5.1806340000000004 -8.4764349678964592
v -5.7928898062877892 5.1519250000000003 -8.0452172700943692
v -6.0714226167192535 6.0324960000000001 -8.5869212590894222
v -6.23463684342844 6.003787 -8.155702143500001
v -6.5392301581085093 6.8688209999999996 -8.7083049827238028
v -6.7024443848176816 6.8401120000000004 -8.2770858671343746
v -6.7795525977189754 7.2829240000000004 -8.7716965642206475
v -6.9427675297435201 7.2542150000000003 -8.340478157524899
v -7.2893896553814699 8.0935109999999995 -8.8988032002985733
v -7.4447562466632391 8.0661819999999995 -8.4883192928874749
v -7.8474740935277509 8.8821250000000003 -8.9742425409038802
v -7.9479051208714964 8.8644590000000001 -8.7089029640600231
v -8.3092591402973 9.4579109999999993 -8.9584290429973095
v 7.7293672156634514 0.095549999999999996 8.5715658156095031
v 7.6314149190381784 0.09894 8.5914140105862487
v 7.5762016078492493 0.49879600000000002 8.6490288523941885
v 7.8290640516271957 0.49004399999999998 8.5977887748021118
v 7.5512695847057572 0.89714300000000002 8.704667575959455
v 7.9000659056871037 0.88507100000000005 8.6339892692884561
v 7.548431992257683 1.294224 8.7599867291172799
v 7.9505568318232491 1.280305 8.6785008446134668
v 7.5605483371633113 1.690242 8.8164255963554439
v 7.987670986274015 1.675459 8.729873593619196
v 7.5816440390598352 2.0853640000000002 8.875187409359242
v 8.0173780336644676 2.0702829999999999 8.7868908371104553
v 7.6071014382408073 2.4797069999999999 8.9372044748569053
v 8.0442907036501197 2.464575 8.8486124776852364
v 7.6181283600447252 2.6437369999999998 8.9636492625575102
v 8.0553360173281021 2.6286040000000002 8.8750544834857621
v 7.7111675686757835 3.9000330000000001 9.2082092350536371
v 8.1483759348528437 3.8849010000000002 9.1196137506665238
v 7.8120981594916472 5.1471499999999999 9.4932732888776172
v 8.2493058203533387 5.1320170000000003 9.4046770955968242
v 7.9208084918905648 6.3837330000000003 9.8185293064617909
v 8.3580154438585872 6.3685999999999998 9.7299338184963702
v 8.037180656155229 7.6084399999999999 10.183627677596689
v 8.4743876081232514 7.5933070000000003 10.095032189631269
v 8.1453814238307416 8.5544370000000001 10.489497718502022
v 8.5567281567691253 8.5401989999999994 10.406143651025253
v 8.3356903985322717 9.4891939999999995 10.803425131433826
v 8.5660050077977488 9.481223 10.756754616599622
v 8.5088167334231883 10.013636 10.975901401184885
v 7.6018349532594343 0.063771999999999995 8.5084850777007404
v 7.6912545796806846 0.061839999999999999 8.4637589957721318
v 7.7414029292081423 0.45702199999999998 8.3812481710479148
v 7.5194482896394135 0.46181899999999998 8.4922662556238748
v 7.7608890629087171 0.85206000000000004 8.3078988499440101
v 7.4627559051183106 0.85850300000000002 8.4570212094710868
v 7.7586649606918527 1.2466820000000001 8.2392477834531732
v 7.4228156619970278 1.253941 8.4072358406423575
v 7.7423168677412448 1.640649 8.1715120413602591
v 7.3920462129380269 1.6482190000000001 8.3467135979079288
v 7.7178790701778084 2.0337529999999999 8.1016896576409323
v 7.3644259317139316 2.0413920000000001 8.2784833494685302
v 7.6989803709573543 2.3022360000000002 8.052144206025531
v 7.3453983748691627 2.309879 8.2290026258428668
v 7.6132732881559377 3.2861400000000001 7.83828071156546
v 7.2596905867523809 3.2937829999999999 8.0151384224891302
v 7.5119865519845419 4.2613560000000001 7.593644716234131
v 7.1584045558963503 4.2689979999999998 7.7705031360514809
v 7.3952459630268166 5.2266750000000002 7.3185413023371026
v 7.0416639669386178 5.2343169999999999 7.4953997221544455
v 7.2631956207044936 6.1809010000000004 7.01330953971474
v 6.9096136246162985 6.1885430000000001 7.1901679595320758
v 7.1933734167936976 6.6550190000000002 6.8532314751742121
v 6.8397921260208676 6.6626609999999999 7.0300906038852204
v 7.0253956424127963 7.5811190000000002 6.5149950023625962
v 6.7018960747958261 7.5881109999999996 6.6768065971901294
v 6.7526126500812396 8.4954599999999996 6.1933826453866274
v 6.6396858391356801 8.4979010000000006 6.2498664545505491
v 6.6492290876019027 8.7452050000000003 6.11708067349808
v 7.7213944072519496 -0.0043210000000000002 8.5721855760740837
v 7.6221019905850298 -0.00049600000000000002 8.5834291057886603
v 7.5761482067004309 0.36830499999999999 8.7508983817997859
v 7.8314530706993466 0.35847099999999998 8.7219893309074408
v 7.5605925597666257 0.73433899999999996 8.9185577102293934
v 7.9118018114452688 0.72081099999999998 8.8787911238995605
v 7.5669699860892869 1.0978950000000001 9.0873487548452161
v 7.9709008346991865 1.0823370000000001 9.0416132164282885
v 7.5879174057036352 1.4592229999999999 9.2580915165204942
v 8.0161076315775723 1.4427300000000001 9.2096087233354567
v 7.6173031779648852 1.8185210000000001 9.4314627404090317
v 8.0535461486657276 1.8017179999999999 9.3820676458742511
v 7.6504322155329731 2.1759379999999999 9.6079752216640699
v 8.0879059095035331 2.159087 9.5584404051432657
v 7.6617233035795564 2.2949760000000001 9.6672326587730524
v 8.0992054828043294 2.2781259999999999 9.6176978637220856
v 7.7884828968334254 3.5621710000000002 10.355669488344304
v 8.2259650796365094 3.5453209999999999 10.3061332790843
v 7.9193147010471634 4.8036019999999997 11.088832076298146
v 8.356797589165609 4.7867509999999998 11.039296575931814
v 8.0540506782382622 6.0176819999999998 11.865781663753708
v 8.4915335663567113 6.0008309999999998 11.816246163387369
v 8.1223633555546968 6.617591 12.265019279670412
v 8.5598462436731424 6.6007400000000001 12.215483779304087
v 8.2319414728083942 7.431813 12.835299262265053
v 8.6425203451678456 7.4159990000000002 12.788810503279201
v 8.423927838726982 8.2283860000000004 13.416341361054265
v 8.6461743688812618 8.2198250000000002 13.391175538369801
v 8.5877017657385011 8.6467279999999995 13.724988118620622
v -7.7653502126159566 0.099450999999999998 7.2850319293541617
v -7.8117889935553393 0.10100199999999999 7.1964826632597294
v -7.8610373808540999 0.50154699999999997 7.1471616477139008
v -7.7470237823320431 0.49773800000000001 7.3645658417880995
v -7.8970060114328504 0.90150600000000003 7.1268063069825445
v -7.7449756844230109 0.89642699999999997 7.4167026383137298
v -7.9245511989203195 1.3010360000000001 7.1261504172965289
v -7.7543432359519997 1.2953490000000001 7.4507064374890035
v -7.9477572936737459 1.7002649999999999 7.1374040305071702
v -7.7710435007707801 1.694361 7.4743671838842829
v -7.9698163493811478 2.0992929999999999 7.1544835889996463
v -7.7918851305067491 2.0933480000000002 7.4937677262207529
v -7.9811264460779725 2.3022070000000001 7.1639408394303175
v -7.8031705948404166 2.296262 7.5032710010654355
v -8.2248992288112959 5.2245290000000004 7.3429841774115303
v -8.0469440864674056 5.2185829999999997 7.6823150443620065
v -8.3669022349230389 6.6831889999999996 7.4430131449820749
v -8.1889463836854759 6.677244 7.782343306617193
v -8.4645630439926904 7.6745999999999999 7.5318257155160921
v -8.3032422877531999 7.6692099999999996 7.8394374222801915
v -8.5216180132254919 8.6629369999999994 7.7206449304700939
v -8.4767372651363928 8.6614380000000004 7.8062274674502703
v -8.5230148941422925 8.8635990000000007 7.7794665045454607
v -7.7608101692117017 0.060969000000000002 7.1482156953360985
v -7.6758919488922785 0.059388000000000003 7.2010019960473741
v -7.5710027869003156 0.45217499999999999 7.1850166120787478
v -7.7823194714839659 0.45610800000000001 7.053659683085364
v -7.4891323750887295 0.844171 7.1464855030134657
v -7.7734584911203584 0.84946299999999997 6.9697433102371846
v -7.4218857429557161 1.2350939999999999 7.0906504963262051
v -7.7426463332121997 1.2410639999999999 6.8912614579205851
v -7.3621415720591941 1.624687 7.02197379109883
v -7.6970390770396193 1.6309210000000001 6.8137963869698126
v -7.3042194738422737 2.0127229999999998 6.9440166191186279
v -7.6423483346857708 2.0190160000000001 6.7338306273549335
v -7.2613353196365225 2.293682 6.8836086134980405
v -7.5996145593632107 2.2999779999999999 6.6733296099529014
v -7.1357665507889152 3.0249519999999999 6.7034989761653989
v -7.4740457905156035 3.0312480000000002 6.4932199726202597
v -6.9972617118661304 3.7483590000000002 6.5023438568470553
v -7.3355402462774606 3.7546550000000001 6.2920655621955888
v -6.8459819113817204 4.4630679999999998 6.2803783152096315
v -7.1842604422147289 4.4693639999999997 6.0700986063491342
v -6.6821003233548097 5.1682550000000003 6.0378550581170813
v -7.020379563081498 5.1745510000000001 5.8275760545719422
v -6.5058078691944985 5.8631080000000004 5.7750543247807187
v -6.8440864036058215 5.8694040000000003 5.5647760301292521
v -6.3173054306042999 6.5468250000000001 5.4922803709172996
v -6.6555846703309953 6.553121 5.2820013673721675
v -6.1230766525599876 7.2187359999999998 5.1859642754253912
v -6.448826533632662 7.2247979999999998 4.983473253436415
v -5.9546724398524233 7.878647 4.836983759965932
v -6.1927210565524362 7.8830780000000003 4.6890100123442338
v -5.8499271765950311 8.5265009999999997 4.4223469031150913
v -7.7500857138688772 -0.00075900000000000002 7.2869344918367815
v -7.8159896457204354 0.00086200000000000003 7.2117413472589433
v -7.9681208637921728 0.37511800000000001 7.2568305994817237
v -7.8067591386128825 0.37114999999999998 7.4409373299430541
v -8.1026602327593906 0.74707400000000002 7.3288733982259444
v -7.8878842452841553 0.74179300000000004 7.5739217083548596
v -8.2265625107677636 1.116846 7.4198999978786659
v -7.9864750879938171 1.1109420000000001 7.6938277530181622
v -8.3456592786226977 1.4845219999999999 7.5232240692294781
v -8.0966674839841986 1.478399 7.8073121770546692
v -8.464481955729191 1.85016 7.633640430708418
v -8.2138966922695005 1.8439970000000001 7.919545598003161
v -8.52026789618224 2.0202290000000001 7.6861739522424628
v -8.2696558378953213 2.0140660000000001 7.9721088859147855
v -8.8720872279296259 3.0014940000000001 8.0156811686335843
v -8.621476583851738 2.9953310000000002 8.3016160987275924
v -9.2484621433306557 3.9661729999999999 8.3663515453848376
v -8.9978514992527607 3.9600110000000002 8.6522864754788529
v -9.6489730488982843 4.9131970000000003 8.73779581998118
v -9.3983624048203964 4.9070340000000003 9.0237307500751882
v -10.073174834551637 5.8415150000000002 9.1296007527634231
v -9.8225634851583834 5.8353520000000003 9.4155363917511039
v -10.468647522957028 6.6738660000000003 9.5183458843566271
v -10.242009378323878 6.6682930000000002 9.7769285772775731
v -10.811268125542924 7.4872019999999999 10.005490274811528
v -10.752444540911597 7.4857550000000002 10.072604461211412
v -10.862072737601046 7.6379630000000001 10.112619561743834
v -3.9752500312417141 0.103383 8.4509685755116166
v -3.8753561909081284 0.099782999999999997 8.4538270290112223
v -3.7875119753750894 0.49673200000000001 8.4451404302300475
v -4.0336798209540703 0.50560300000000002 8.4380955990038515
v -3.7312506094182751 0.89469399999999999 8.4316334598194302
v -4.0603103801084686 0.90655200000000002 8.4222158444993198
v -3.6962745098769361 1.2932600000000001 8.4136037031412485
v -4.065444257699653 1.3065629999999999 8.4030380780527594
v -3.6739045431146664 1.692078 8.3913001026010932
v -4.0577620051513819 1.705911 8.3803147678893097
v -3.6573197316617154 2.090865 8.3649216440208392
v -4.0440902710827586 2.104803 8.3538525707099964
v -3.648673151362857 2.3168449999999998 8.3486927419897299
v -4.0355207598088683 2.3307850000000001 8.3376213523476324
v -3.5909522714616386 3.7915570000000001 8.1887316249630331
v -3.9778005888013155 3.8054969999999999 8.1776609406363008
v -3.5319484311700222 5.2594310000000002 7.9752887331187736
v -3.9187953343006612 5.273371 7.9642180523703487
v -3.4717372956498451 6.7185300000000003 7.7086453044047474
v -3.8585849040958493 6.7324700000000002 7.6975739147626498
v -3.448178930491359 7.6973459999999996 7.5045116199696196
v -3.7999882879385467 7.7100239999999998 7.4944431779552616
v -3.529241420297744 8.6746499999999997 7.2734820774812405
v -3.6357851366993117 8.6784909999999993 7.2704321421799989
v -3.5730634981082261 8.8968589999999992 7.2191486607805402
v -3.8918263418063788 0.056521000000000002 8.5614858410722405
v -3.9887849582312498 0.060766000000000001 8.5373826520928517
v -4.0632551309138947 0.45615699999999998 8.5978556944556885
v -3.8219941947286742 0.44559500000000002 8.657829364136937
v -4.1079374500389179 0.84966200000000003 8.6685984987159657
v -3.7833381528948919 0.83545100000000005 8.7492906120332137
v -4.1324340724426918 1.241679 8.7472236105620382
v -3.7662560451554583 1.2256480000000001 8.8382513822365922
v -4.1448977728048888 1.632547 8.8316986761807286
v -3.7625943664671553 1.61581 8.9267348379906721
v -4.1518326761502635 2.0225309999999999 8.9204006867418855
v -3.7658468436544084 2.005633 9.0163533869252888
v -4.1559758407069793 2.3049179999999998 8.9864377238078745
v -3.7698211157914514 2.2880120000000002 9.0824325707654481
v -4.1961362012276382 4.0743320000000001 9.4596070199935554
v -3.8099807674184376 4.0574260000000004 9.5556011616357566
v -4.2507769431818687 5.8275980000000001 9.9881897542203646
v -3.8646222146880262 5.8106920000000004 10.0841831869689
v -4.2817086657305268 6.6998470000000001 10.266232325711087
v -3.8955539372366843 6.6829409999999996 10.362225758459623
v -4.3036903863066769 7.6458529999999998 10.590058104796867
v -3.9496888963216179 7.6303549999999998 10.678059045731352
v -4.2334903761742027 8.5818270000000005 10.954060302682265
v -4.1045686160608597 8.5761819999999993 10.986109540399831
v -4.1816691363324168 8.8513940000000009 11.068900774077413
v -3.9634350009335648 0.0033570000000000002 8.436458187239154
v -3.8678793408574776 -0.0010169999999999999 8.4656122418357782
v -3.7534877233897888 0.38239400000000001 8.3944447770353108
v -3.9862453153135107 0.39304699999999998 8.3234306090695327
v -3.6683463611398963 0.76590599999999998 8.3092972952214978
v -3.9770906287867192 0.78003699999999998 8.2150999182769624
v -3.6021479429307632 1.1489879999999999 8.2133297837834647
v -3.9462931679237911 1.164739 8.1083322527672408
v -3.5462865770736229 1.5311840000000001 8.1091888065767321
v -3.9024765896949205 1.5474859999999999 8.0005156520773895
v -3.4941276762821332 1.9121300000000001 7.9989163110883936
v -3.852288295147126 1.928523 7.8896420775324003
v -3.4740457038703525 2.0598459999999998 7.9552904120827392
v -3.8322261073486104 2.0762399999999999 7.8460104715943118
v -3.3252349987363985 3.073 7.6195327568646718
v -3.6834161075300145 3.089394 7.5102521074825717
v -3.1670424119661291 4.0732939999999997 7.2510943397527541
v -3.5252242296534249 4.0896869999999996 7.1418143956860192
v -2.9996479055486915 5.0595889999999999 6.8503954352792604
v -3.3578290179206149 5.0759829999999999 6.7411162001061911
v -2.8232428481814438 6.0307630000000003 6.4178930587849052
v -3.1814232516597016 6.0471570000000003 6.3086131182964778
v -2.6698432070523523 6.9188299999999998 5.9841240234141679
v -2.9922510024726137 6.9335870000000002 5.8857583148148436
v -2.6163395471078204 7.7970040000000003 5.4910529638522192
v -2.6883320186552382 7.8002979999999997 5.4690883105771704
v -2.6244003130384925 7.9337949999999999 5.4087816439976635
v 0.549118184488254 -0.0061460000000000004 -9.1771802058870833
v 0.45930791018403028 0.0069329999999999999 -9.21916956634184
v 0.37773101309778312 0.38685900000000001 -9.0996106327493322
v 0.59822202189694451 0.35474899999999998 -8.996523095424358
v 0.32193768144529855 0.76031099999999996 -8.9614210632438329
v 0.61594230852330867 0.71749399999999997 -8.8239640822871763
v 0.28253479835649742 1.1285620000000001 -8.8090360435558992
v 0.61168671072881864 1.0806279999999999 -8.6551482572191105
v 0.25162900308527014 1.4926710000000001 -8.6461910190582145
v 0.59335755943052249 1.4429050000000001 -8.4864226583975721
v 0.22305347135082698 1.853443 -8.4758126274614654
v 0.56713324454562652 1.803334 -8.314944255743427
v 0.20839105859444018 2.035984 -8.3876551264297277
v 0.55251771451520426 1.985868 -8.2267639071734138
v 0.13148582008311394 2.813971 -7.9808295371823021
v 0.47561414158260007 2.763855 -7.8199398098534587
v 0.041248506552079789 3.5774680000000001 -7.5500011861006939
v 0.38537646020556693 3.5273530000000002 -7.3891105288851122
v -0.062208898282371194 4.3255290000000004 -7.095703264189396
v 0.28191905537111595 4.2754139999999996 -6.9348126069738214
v -0.17875874643416623 5.0572249999999999 -6.6185004049504883
v 0.16536920721932802 5.0071099999999999 -6.4576097477349066
v -0.30825567167926593 5.7716479999999999 -6.118985721072157
v 0.035872281974228315 5.7215319999999998 -5.9580950638565824
v -0.43952721559200469 6.4663069999999996 -5.5926277531066617
v -0.11742354809917543 6.4193990000000003 -5.4420346353599669
v -0.51733650950438914 7.13232 -5.0143345626722038
v -0.34940245674669868 7.107863 -4.9358197659688088
v -0.51393307631726159 7.4537969999999998 -4.6988134029450919
v 0.49577165608729601 0.066925999999999999 -9.3004675943603843
v 0.59236535036020399 0.053966 -9.278067443653029
v 0.72984246055149882 0.43640899999999999 -9.305788665820387
v 0.48446136320003319 0.46933399999999997 -9.3626939322954073
v 0.8383395116619603 0.82232400000000005 -9.3437446812768954
v 0.50354694769144714 0.86724400000000001 -9.4213854294446691
v 0.92657395922032748 1.2105079999999999 -9.3899108552148363
v 0.54430243194451933 1.2618 -9.4785614885979328
v 1.0020631672520643 1.599925 -9.4425372624619754
v 0.59920045846154935 1.6539790000000001 -9.5359630833626667
v 1.0709749523412739 1.989716 -9.500189527689102
v 0.66206265514547979 2.0445820000000001 -9.5950169352359538
v 1.1442764253864119 2.4162110000000001 -9.5680142909206296
v 0.73471565177520759 2.4711639999999999 -9.6629939099606403
v 1.4262177296426266 3.9872480000000001 -9.8748097461840771
v 1.0166578859181463 4.0422010000000004 -9.9697889973781031
v 1.7189638087876808 5.54467 -10.236071520100438
v 1.3094039650632006 5.5996230000000002 -10.331050771294464
v 2.0221522128161382 7.0865499999999999 -10.651353672097933
v 1.6125923690916544 7.141502 -10.746332923291973
v 2.1983961712556308 8.030621 -10.930426766543782
v 1.8170981811205458 8.0817809999999994 -11.018852521213667
v 2.2936050274647997 8.979158 -11.24932776266067
v 2.1101387352662364 9.0037760000000002 -11.291873094495216
v 2.2876115984916616 9.399756 -11.404090331333279
v 0.56359597434006048 0.092753000000000002 -9.1732511285135914
v 0.47236319076480626 0.105852 -9.2120468358291134
v 0.44200473664239937 0.51144500000000004 -9.1973506755041399
v 0.67031035388243865 0.47866599999999998 -9.1002675551296832
v 0.43784718686427837 0.91253700000000004 -9.1652202438568295
v 0.74619146161554895 0.86826700000000001 -9.0341008284901037
v 0.45106638112090991 1.3103089999999999 -9.119413990012994
v 0.80004815018472542 1.260205 -8.9710136104949925
v 0.47413735466820484 1.705759 -9.0631387863742745
v 0.83939286633001942 1.6533180000000001 -8.9078190362306913
v 0.50100413975302871 2.0996709999999998 -8.9989816829156055
v 0.87026568755610256 2.0466549999999999 -8.8419578496065299
v 0.52303294632615405 2.4227829999999999 -8.9420347382568792
v 0.89253740930384851 2.3697319999999999 -8.7849072843999423
v 0.57302913964523228 3.3333870000000001 -8.7521558061775124
v 0.94253267273619556 3.2803360000000001 -8.5950287201665603
v 0.6102139712276653 4.23827 -8.5340826960740728
v 0.97971843420536331 4.185219 -8.3769552422171358
v 0.63454804395668774 5.1364000000000001 -8.2880665052726954
v 1.004051577047651 5.0833490000000001 -8.1309394192617503
v 0.64600057428095781 6.0267489999999997 -8.0143882611260793
v 1.015504475217913 5.9736979999999997 -7.8572621050018654
v 0.64456053031180716 6.9082999999999997 -7.713359891987281
v 1.0140644312487659 6.8552479999999996 -7.5562337358630671
v 0.64205237224247824 7.7783480000000003 -7.3802984831508738
v 0.98790824857453785 7.7286919999999997 -7.2332282087525996
v 0.69761525760070953 8.6274090000000001 -6.9904374677996799
v 0.8779321720383102 8.601521 -6.9137594690209951
v 0.77095707302157734 9.0420510000000007 -6.7681829866642573
v 8.2827615213147645 0.10852100000000001 -3.769375233315472
v 8.3044461220552179 0.10051599999999999 -3.8666659165062356
v 8.3452832019405143 0.49280000000000002 -3.9672470075146435
v 8.2909391531627925 0.51286299999999996 -3.7234186538261511
v 8.3747088017715647 0.887768 -4.0385144724940005
v 8.3012376828022134 0.91489200000000004 -3.7088770468906631
v 8.3947998149085059 1.2845949999999999 -4.0898049593422527
v 8.3115756820599032 1.31532 -3.7164041502743075
v 8.4073332105285452 1.6825669999999999 -4.1290915377658308
v 8.320170047972109 1.7147460000000001 -3.738020946442262
v 8.4137399489951186 2.0811000000000002 -4.1627966853581526
v 8.325589751357537 2.1136430000000002 -3.7672951091837348
v 8.4154409314353344 2.4191020000000001 -4.1903814652147773
v 8.3272259798675599 2.4516689999999999 -3.7945930930701408
v 8.3814239400043817 3.5835910000000002 -4.2937800376129758
v 8.2932099050636943 3.616158 -3.8979920652117315
v 8.3076782771220437 4.7454400000000003 -4.4058175933835528
v 8.2194642421813597 4.7780060000000004 -4.0100296209823085
v 8.1942912171513846 5.903238 -4.5263565491497673
v 8.1060771822107007 5.9358040000000001 -4.1305685767485301
v 8.0414002424918642 7.05558 -4.6552517615692395
v 7.9531852909240861 7.0881470000000002 -4.2594633894246243
v 7.878475568940555 8.0371900000000007 -4.7559993171137904
v 7.7971542949436454 8.0672119999999996 -4.3911359550992941
v 7.6662600802812833 9.020626 -4.7698743828471493
v 7.6331848661258341 9.0328370000000007 -4.6214807779392189
v 7.5826558431087854 9.3564900000000009 -4.7377585513180733
v 8.3909575890959935 0.050279999999999998 -3.8494805059364339
v 8.3820122266622832 0.056808999999999998 -3.7500956519398159
v 8.4893761365208285 0.445044 -3.6843142809151317
v 8.5128338263047105 0.427923 -3.9449415949614632
v 8.6044995916279774 0.82980699999999996 -3.6471997769417186
v 8.6372075299119722 0.80593400000000004 -4.0106079565403761
v 8.7266714273311976 1.211533 -3.6310944093611468
v 8.7647470861955519 1.183743 -4.0541328480047838
v 8.8552641173257491 1.590595 -3.6292518692761888
v 8.8960359267149443 1.5608359999999999 -4.0822586218087835
v 8.9897347444362588 1.967301 -3.6359326060998285
v 9.0315673741377474 1.936769 -4.1007184736359008
v 9.1296482940422798 2.3418860000000001 -3.6465405367954205
v 9.1717305150849846 2.3111709999999999 -4.1141037305929089
v 9.2396909876646056 2.627237 -3.6553083765146965
v 9.2817866051930586 2.5965120000000002 -4.1230159639899284
v 9.6653837928996964 3.6220279999999998 -3.6823443275444276
v 9.7074788935444509 3.5913040000000001 -4.150050598649166
v 10.126886371014482 4.6008290000000001 -3.7051045157995404
v 10.168981988542935 4.5701039999999997 -4.1728121032747651
v 10.623587384394764 5.5623389999999997 -3.7235623457640941
v 10.665683918550304 5.5316150000000004 -4.191270332982711
v 11.154827168966587 6.5052810000000001 -3.7376919657547418
v 11.196920953240859 6.4745569999999999 -4.2053987537431894
v 11.719897168990077 7.4284030000000003 -3.7474745671700944
v 11.761993186261918 7.397678 -4.2151812380182392
v 12.27128391177985 8.2625620000000009 -3.7645929853413378
v 12.311255428737201 8.2333879999999997 -4.2086954498606559
v 12.856682734264918 9.0731959999999994 -3.8488009590320473
v 12.881781363832506 9.0548769999999994 -4.1276646475159211
v 13.290746674469109 9.6303429999999999 -3.9874955190999017
v 8.2863980725827915 0.0084119999999999993 -3.7460818865427257
v 8.2743955533415168 0.004509 -3.8452826119678107
v 8.1559633602065773 0.38628400000000002 -3.9279885612535068
v 8.1874934881948356 0.396538 -3.6673754478477534
v 8.0374145781390709 0.76816099999999998 -3.9811202093298803
v 8.0814319581360401 0.78247699999999998 -3.617280489832126
v 7.9178425599698379 1.149807 -4.0122450543244597
v 7.9691407434373893 1.1664909999999999 -3.588229776475977
v 7.7964505807969893 1.5309250000000001 -4.028038127505404
v 7.8514354667487325 1.548808 -3.5735499721296264
v 7.6725624319355639 1.9112549999999999 -4.0341851544037723
v 7.7290167825879941 1.929616 -3.56755182972109
v 7.5456364749220128 2.2905850000000001 -4.0352577690572602
v 7.6024492934184273 2.3090619999999999 -3.565666093177569
v 7.4409717027537496 2.5960589999999999 -4.034701325920409
v 7.4978037309279379 2.6145429999999998 -3.564938019657987
v 6.8828900363379937 4.0484400000000003 -4.0243291065041973
v 6.9397238977663669 4.0669240000000002 -3.5545665997285525
v 6.2717819559963921 5.479247 -4.0066933460669532
v 6.3286149007976746 5.4977309999999999 -3.5369304395479233
v 5.6084861170294253 6.8865109999999996 -3.9818172240599665
v 5.6653199784577986 6.9049940000000003 -3.5120547172843146
v 5.263960281525538 7.5838939999999999 -3.9675748722757618
v 5.3207941429539041 7.6023769999999997 -3.4978123655001241
v 4.8014652138904523 8.4699819999999999 -3.9346625281140319
v 4.8554838879085764 8.4875500000000006 -3.4881686413414172
v 4.3266267290578533 9.3475359999999998 -3.828984279292996
v 4.3609388086011585 9.3586939999999998 -3.54537388216621
v 3.9826541314138453 9.9790690000000009 -3.6681175823478753
v -11.276138757939364 -0.0012260000000000001 -1.9112813214882181
v -11.319196169800826 -0.000299 -2.0015326430784981
v -11.490922265948868 0.37026799999999999 -2.0074640098480856
v -11.376622529173019 0.36780499999999999 -1.7678809171245504
v -11.651914733000886 0.73979700000000004 -1.9865945588609506
v -11.49118952981987 0.73633499999999996 -1.6497013438989612
v -11.80526940992646 1.1083480000000001 -1.9454237914883095
v -11.616736710077809 1.104287 -1.5502431628413902
v -11.953737150986939 1.47597 -1.8897200213340426
v -11.750510188949065 1.471592 -1.463740860145549
v -12.099680804748353 1.842705 -1.8244527932117407
v -11.890136911499241 1.83819 -1.3852313586129625
v -12.245038255101832 2.2085849999999998 -1.7536886380784011
v -12.033672909163819 2.2040310000000001 -1.3106501214655708
v -12.400517569780583 2.596498 -1.6757622564350498
v -12.188968872706113 2.5919400000000001 -1.2323372991918973
v -13.515072530921678 5.131831 -1.1179712534995616
v -13.303523833847215 5.1272729999999997 -0.67454629625640905
v -14.710149986714775 7.621442 -0.52223585301952369
v -14.498599905341777 7.6168849999999999 -0.078811185116293814
v -15.138441025937716 8.4965899999999994 -0.29683887625557759
v -14.936274216203152 8.4922330000000006 0.12691948100330563
v -15.548479246368089 9.3649979999999999 -0.0077889163398268124
v -15.411988643548675 9.3620570000000001 0.27830964624305921
v -15.852353199344165 10.076388 0.32011858528782966
v -11.199288583610539 0.061200999999999998 -2.0228539497696687
v -11.207294411605197 0.059634 -1.9231872930076364
v -11.151878532393738 0.45332099999999997 -1.8289482464068669
v -11.130531329514326 0.45750099999999999 -2.0946948264774861
v -11.092627715872112 0.84720799999999996 -1.7630886279861713
v -11.062519630733824 0.85310299999999994 -2.1379156344175314
v -11.030106843570387 1.241177 -1.7186096274282505
v -10.994691374336057 1.248111 -2.1595146052272298
v -10.964816522976825 1.6351249999999999 -1.6892901547046435
v -10.926547657671755 1.6426179999999999 -2.1657175293099158
v -10.897191913108763 2.0289609999999998 -1.6697434317774267
v -10.857659117057047 2.036702 -2.1619078062259831
v -10.82758759642698 2.4226100000000002 -1.655527790347584
v -10.787665890976434 2.4304260000000002 -2.1525260405164701
v -10.75627431368747 2.8160120000000002 -1.6433142258427367
v -10.71630531752627 2.8238379999999998 -2.1409053272481557
v -10.743613120368053 2.8855569999999999 -1.641202967988221
v -10.703644961026079 2.893383 -2.1387946168729357
v -9.918032164915374 6.6209959999999999 -1.5161407390346042
v -9.8780631687541742 6.6288220000000004 -2.0137318404400304
v -9.470366122056042 8.4805729999999997 -1.4509356303722782
v -9.4303974152347791 8.4883980000000001 -1.9485281160762327
v -9.2261184598742076 9.4500390000000003 -1.4266573432887597
v -9.1878393540618717 9.4575340000000008 -1.9032154433009225
v -8.9673368726844629 10.418044999999999 -1.4647545073768669
v -8.9408842307171312 10.423223999999999 -1.7940821763160955
v -8.7267726179982077 11.260564 -1.5979482102319409
v -11.281949207857643 0.098738999999999993 -1.9117008876297561
v -11.318260100672212 0.099776000000000004 -2.0048685147166836
v -11.372521658801389 0.499394 -2.0607169917092847
v -11.281102680998153 0.49678299999999997 -1.8261549855053545
v -11.418802772635189 0.89840600000000004 -2.0863473199027283
v -11.294831400377227 0.89486500000000002 -1.7682633779856971
v -11.460518476399066 1.2968770000000001 -2.0905292075725939
v -11.319714247095988 1.292856 -1.7292583509741632
v -11.500593363751015 1.694861 -2.0807746169748924
v -11.35282360076009 1.6906399999999999 -1.7016307420123695
v -11.541398344199393 2.0923929999999999 -2.0631768878427437
v -11.391780824749873 2.0881189999999998 -1.6792917160038456
v -11.581340148062068 2.4611860000000001 -2.0437166640979996
v -11.431578545578738 2.4569079999999999 -1.6594635723230269
v -11.802227098004543 4.0232289999999997 -1.940237960873084
v -11.65246549552122 4.0189510000000004 -1.5559848690981113
v -12.074039385293489 5.5757779999999997 -1.8170173209106721
v -11.924279167108693 5.5715009999999996 -1.4327639397957554
v -12.396444369737523 7.1169269999999996 -1.6742051785920253
v -12.246684440892665 7.1126490000000002 -1.2899531817756298
v -12.614872501062358 8.0863940000000003 -1.5616861091684626
v -12.476341489163701 8.0824379999999998 -1.2062451131714838
v -12.81961591158619 9.0492419999999996 -1.3549984326319446
v -12.75968931248989 9.0475300000000001 -1.2012405270441207
v -12.883054758942784 9.4056370000000005 -1.2377394820905536
v -9.8014418468326099 -0.0093970000000000008 -6.5729682891122536
v -9.7377020661742151 0.00037199999999999999 -6.649400076973194
v -9.8580440348491152 0.35754000000000002 -6.8033633674662397
v -10.018497359000783 0.33294699999999999 -6.6109628822987787
v -10.000313449903004 0.71008700000000002 -6.9355667497725335
v -10.217884204550927 0.67673899999999998 -6.6746755770664947
v -10.158497376789413 1.0589090000000001 -7.0531971374952533
v -10.405591238538975 1.0210360000000001 -6.756904354245826
v -10.327445891247265 1.404771 -7.1624123634597865
v -10.58674976697111 1.3650260000000001 -6.8514796183337765
v -10.502975994852562 1.7482869999999999 -7.2682061146992325
v -10.765512881075928 1.7080470000000001 -6.9533943196753896
v -10.668770459353233 2.0649139999999999 -7.3662552526349288
v -10.93155880403318 2.024635 -7.051143634922461
v -11.408345877130081 3.387912 -7.8139127954846046
v -11.671134221810021 3.3476330000000001 -7.4988011777721439
v -12.179169182641942 4.6823800000000002 -8.291276657966641
v -12.441955543042226 4.6421010000000003 -7.9761652905224096
v -12.980412869086294 5.9469339999999997 -8.7978353691710467
v -13.243201088632119 5.9066549999999998 -8.4827227593187331
v -13.509163155755168 6.7331459999999996 -9.1180455722198914
v -13.752225164075789 6.6958890000000002 -8.8265863036262431
v -14.108767793057766 7.4975290000000001 -9.3786671016111072
v -14.213753884518269 7.4814369999999997 -9.2527772443356042
v -14.359478545252898 7.7749110000000003 -9.4445414151464604
v -9.6728133777230667 0.068710999999999994 -6.5994724263466011
v -9.7180508770182001 0.061196 -6.5106071761217663
v -9.737058912918485 0.453071 -6.4019767693324354
v -9.6233439771729294 0.47196199999999999 -6.6253521552132142
v -9.7389735174210514 0.84699599999999997 -6.3194777309162333
v -9.5849297401087341 0.872587 -6.6220733147510771
v -9.7280814367411921 1.2422310000000001 -6.2546955028404412
v -9.5532829371084915 1.2712699999999999 -6.5980586503798335
v -9.7080538070231199 1.6381380000000001 -6.2004240601668243
v -9.5247378932636408 1.6685909999999999 -6.5605175299264502
v -9.6818610089767319 2.034195 -6.1508379176419083
v -9.4963275886192875 2.0650170000000001 -6.5152861019143344
v -9.6549103914537895 2.3906930000000002 -6.1067669544106309
v -9.4692155828290154 2.4215420000000001 -6.4715338388982602
v -9.4902923027439172 3.940715 -5.8918762174615722
v -9.3045984862589748 3.9715630000000002 -6.2566429768150797
v -9.2793126012294707 5.4817580000000001 -5.6541443652122965
v -9.0936186596104065 5.5126059999999999 -6.0189101324259795
v -9.0222060037723182 7.0121099999999998 -5.3938340913908362
v -8.8365110700134153 7.0429589999999997 -5.7585999837386268
v -8.8332051615399294 7.9809929999999998 -5.2332442831231702
v -8.6616347132547347 8.0094949999999994 -5.5702676596495024
v -8.5833785885365828 8.9515989999999999 -5.1469377278078099
v -8.5106708506439048 8.9636779999999998 -5.2897585418179887
v -8.4724499692713451 9.3035859999999992 -5.1511276162201725
v -9.8138864839773348 0.089716000000000004 -6.5654469211957007
v -9.7567028936877094 0.098698999999999995 -6.6469904853475583
v -9.7826631854374355 0.49932399999999999 -6.7202497973649997
v -9.9323459430084995 0.47581099999999998 -6.5068006314661275
v -9.8280336328954121 0.89678599999999997 -6.7712976508895437
v -10.036483884136089 0.86404199999999998 -6.4740469726368346
v -9.888363823842262 1.291758 -6.8064757915072036
v -10.130742532192549 1.253684 -6.4608432159150908
v -9.9597325056155483 1.68483 -6.8313667815828225
v -10.219031109028215 1.6440980000000001 -6.4616073084056751
v -10.038814219415606 2.0764999999999998 -6.8507069780256273
v -10.304667502793272 2.0347379999999999 -6.4715988084390119
v -10.122950001505544 2.467158 -6.8682758148998673
v -10.390297404004393 2.4251619999999998 -6.4870369322749184
v -10.185551053451469 2.748964 -6.8812059200913893
v -10.452966940468635 2.7069570000000001 -6.4998707105711802
v -10.62443928554088 4.4831269999999996 -6.9979486443118901
v -10.891854055284099 4.4411189999999996 -6.6166125677859711
v -11.113084661952755 6.2010490000000003 -7.1513723707798107
v -11.380499556830088 6.1590410000000002 -6.7700372863937304
v -11.650866174826454 7.9005470000000004 -7.3412842932788465
v -11.918280944569666 7.8585399999999996 -6.9599482167529274
v -11.972863232843878 8.8412489999999995 -7.4487138890200626
v -12.22652418027328 8.8014030000000005 -7.086991048223112
v -12.351124575286974 9.7688400000000009 -7.5085548484804647
v -12.508506907374176 9.7441180000000003 -7.2841259001944039
v -12.66432845816513 10.39747 -7.4901829499381591
v 13.241984595013633 0.10642600000000001 0.97484939829437423
v 13.230367206560977 0.100115 1.0739716780025219
v 13.211164038902378 0.49473600000000001 1.1687901520878796
v 13.239350459637347 0.51004899999999997 0.92830059400447595
v 13.196817124869286 0.891405 1.2318966833641767
v 13.234106255094243 0.91166499999999995 0.91373113554816854
v 13.186048905675186 1.2894289999999999 1.2741532158814977
v 13.227524290129184 1.311963 0.9202765417386729
v 13.177802356925547 1.6882280000000001 1.3046019987754036
v 13.220665222673301 1.7115149999999999 0.93889098609341204
v 13.171264376840275 2.087358 1.3301692722593899
v 13.214337656527999 2.11076 0.96265595938766779
v 13.169263179184043 2.219071 1.3383274338133617
v 13.212339312250602 2.2424740000000001 0.97080388091092118
v 13.232111768316047 6.4734790000000002 1.6166022662310979
v 13.275187641330019 6.4968810000000001 1.2490764924340922
v 13.256082903266812 7.472264 1.6637095203027528
v 13.294713391016337 7.493252 1.3341117217463392
v 13.300399071238809 8.4780630000000006 1.5978479811598021
v 13.30791281086363 8.4821449999999992 1.5337310393203012
v 13.308073943743482 8.6117310000000007 1.5746299178892258
v 13.125357389454589 0.052879000000000002 1.0441364365373786
v 13.16181682957788 0.060893999999999997 0.9513650932793638
v 13.101258529798244 0.45709899999999998 0.87296710871471817
v 13.004708553897396 0.43587100000000001 1.1186469714213416
v 13.027775959979884 0.85041800000000001 0.82043527324431409
v 12.89223481780331 0.82061799999999996 1.1653286499369742
v 12.944028496963361 1.2414190000000001 0.78699863155743799
v 12.785279053321094 1.2065159999999999 1.1909485619006261
v 12.852382742656864 1.6306039999999999 0.76665444890996781
v 12.681487407615219 1.5930299999999999 1.2015106508353952
v 12.754866679807382 2.0184000000000002 0.75424967465420423
v 12.578837696180289 1.979698 1.2021713408729937
v 12.653138397212674 2.4051559999999998 0.74557916080954101
v 12.475681290091522 2.3661400000000001 1.1971319706891705
v 12.548198210479253 2.7918639999999999 0.73756120562412519
v 12.370613452669968 2.7528190000000001 1.1894428000864536
v 11.887742345102019 4.931629 0.66289230996598292
v 11.710156750945423 4.8925840000000003 1.1147744526282537
v 11.154776728300936 7.0463500000000003 0.55756610494366043
v 10.977191970491647 7.0073049999999997 1.0094476994059818
v 10.770352044695031 8.0969080000000009 0.49726411256778391
v 10.592766738685796 8.0578629999999993 0.94914487068280806
v 10.408970508571855 9.0280710000000006 0.4476499620736476
v 10.239467664731414 8.9908040000000007 0.87896294268865915
v 10.009238487847796 9.9479629999999997 0.45368462303023449
v 9.8963173209780209 9.9231350000000003 0.74102264103998294
v 9.6463537574955716 10.6732 0.54066809172513075
v 13.253739351832026 0.0069340000000000001 0.9744190064490752
v 13.233647137349486 0 1.0721350511970442
v 13.353033613445019 0.36716399999999999 1.2026577888387706
v 13.404506942913457 0.38492799999999999 0.95232317947875345
v 13.480685415992099 0.73559200000000002 1.3038457617183568
v 13.5513186418623 0.75996900000000001 0.96033042049882766
v 13.614856274005239 1.10467 1.3841730877040916
v 13.695914949517217 1.1326449999999999 0.9899596327152409
v 13.754028037724662 1.4738629999999999 1.4509934696936071
v 13.839799882018077 1.5034650000000001 1.033855616303974
v 13.896943646994123 1.842727 1.5104026053306256
v 13.984226373974138 1.872849 1.0859182037374353
v 14.042644583218198 2.2109190000000001 1.5670235259910044
v 14.130136329413787 2.2411140000000001 1.1415209058714026
v 14.080649890213435 2.306476 1.5816197261882365
v 14.168141924556386 2.3366709999999999 1.1561157215213882
v 15.079730968736536 4.5729800000000003 1.9478907757323114
v 15.167222194826957 4.6031750000000002 1.5223837138235865
v 16.160378957920813 6.7994130000000004 2.3280878866431962
v 16.247871280411118 6.8296070000000002 1.902582497429087
v 16.607608175295866 7.6828440000000002 2.4685438501623693
v 16.689527652153622 7.7111150000000004 2.0701456608876754
v 17.084313328120025 8.5651279999999996 2.5298117710336712
v 17.127216827255733 8.5799339999999997 2.3211583869563626
v 17.339351317711362 9.0119009999999999 2.5046956355385817
v -2.779241979313813 0.108149 10.848437178414272
v -2.75408915995623 0.103464 10.945109009675328
v -2.75809465372879 0.49851099999999998 11.042620905460595
v -2.8208480599437493 0.51020200000000004 10.801428539212374
v -2.7644267069300952 0.89539599999999997 11.108392900832918
v -2.8490101350483705 0.91115299999999999 10.783301438429241
v -2.7706203805896337 1.2935749999999999 11.15188604208069
v -2.8661844919777444 1.311377 10.784587963229747
v -2.7745785821231941 1.6925760000000001 11.181146476896664
v -2.8744661781897989 1.711184 10.797228668648557
v -2.7746208486321891 2.0920040000000002 11.202623404413004
v -2.8755317348991589 2.1108030000000002 10.814769393659198
v -2.7717155370242494 2.3998339999999998 11.216898943087983
v -2.8726808362634912 2.4186429999999999 10.828837876234417
v -2.7334502083578265 3.3216559999999999 11.251623690344815
v -2.8344146712497604 3.340465 10.863562075291313
v -2.6655811917515706 4.2420330000000002 11.278575661755092
v -2.7665478755380697 4.2608420000000002 10.890514306754156
v -2.568184813072719 5.1599519999999997 11.297725971993955
v -2.6691514968592145 5.1787609999999997 10.909664616993027
v -2.441368806954479 6.0743999999999998 11.309054366461844
v -2.5423346543936738 6.09321 10.920992463260959
v -2.2852717405013649 6.9843729999999997 11.312546452189949
v -2.3862384242878676 7.0031809999999997 10.92448509718902
v -2.1032984841754967 7.8894669999999998 11.29578220928552
v -2.1978012613046616 7.9070720000000003 10.932556812424473
v -1.9118022860994159 8.7916969999999992 11.196674811143879
v -1.9610743592890998 8.8008769999999998 11.007301268935393
v -1.8221993174713838 9.2434899999999995 11.093940765287385
v -2.8257731101319479 0.051906000000000001 10.974235829896656
v -2.8781756180599203 0.052325000000000003 10.889066729303437
v -3.0286361125797896 0.43214900000000001 10.885883165602664
v -2.889085407953182 0.431031 11.112688835333863
v -3.1666490531463118 0.81083300000000003 10.908685518752733
v -2.96998710998135 0.80925800000000003 11.228311027083308
v -3.295912647700689 1.1883840000000001 10.9514468157967
v -3.0647657903710339 1.1865330000000001 11.327120058702846
v -3.4197173205084894 1.5648040000000001 11.008807812370605
v -3.1701220850888561 1.562805 11.414466923462442
v -3.5409001553745725 1.9400919999999999 11.076139198646402
v -3.2831988660893714 1.9380280000000001 11.49497137983326
v -3.6617961901321188 2.3142429999999998 11.149626850567671
v -3.401648522235007 2.31216 11.572435723430694
v -3.7841472677780175 2.6872470000000002 11.226427306164553
v -3.5237150207194219 2.685162 11.649697702267332
v -3.8018071510093776 2.7409620000000001 11.237556829705788
v -3.5413735194035247 2.7388759999999999 11.660827513955937
v -4.3440871485532284 4.242985 11.578615936648902
v -4.0836549014946328 4.2408989999999998 12.001886332751695
v -4.9276922700797954 5.723401 11.944993987740887
v -4.6672586384739496 5.7213149999999997 12.368264671991028
v -5.5520073925921238 7.1806469999999996 12.336306919577311
v -5.291574309186224 7.1785610000000002 12.759576767480148
v -5.8742208516457382 7.9031890000000002 12.538119491447119
v -5.6137866718399394 7.901103 12.961391012044572
v -6.2782240942988139 8.7786659999999994 12.803513490005486
v -6.0289520439947353 8.7766699999999993 13.208646707209653
v -6.663526145317455 9.6440859999999997 13.132369171621036
v -6.4923765125053521 9.6427150000000008 13.410533252956654
v -6.9526514425345951 10.378444 13.505621371728552
v -2.7734927685549415 0.0086960000000000006 10.837102512841348
v -2.73865011108985 0.0054400000000000004 10.930779214313858
v -2.6525705257163992 0.39841599999999999 10.993853699551039
v -2.7405708353017175 0.40664099999999997 10.757261516800028
v -2.5713340463541279 0.79140699999999997 11.025695933169672
v -2.6909267875101293 0.80258499999999999 10.70416531625925
v -2.4917255880947593 1.1840090000000001 11.034997867138813
v -2.6278101480015401 1.196728 10.669127792785943
v -2.4109886730426773 1.57586 11.029222787236947
v -2.5540146016791603 1.5892280000000001 10.644690917842908
v -2.3268819374034422 1.9666490000000001 11.014453434979259
v -2.471819323734529 1.9801949999999999 10.624783581692512
v -2.2390654624041204 2.3508810000000002 10.995403948275069
v -2.3841699171483626 2.3644430000000001 10.605284027054196
v -2.0178571680372386 3.1914060000000002 10.942346594248555
v -2.1629630073287309 3.204968 10.552226384880328
v -1.7693149475498942 4.0235240000000001 10.878828924555627
v -1.9144196904414947 4.0370860000000004 10.488710387882008
v -1.4937406315397759 4.8462189999999996 10.804930407997063
v -1.638845086284018 4.8597809999999999 10.414810486776197
v -1.1914727375069987 5.6584839999999996 10.720740212404053
v -1.3365771922512373 5.6720470000000001 10.330620291183187
v -0.86287928706524042 6.4593259999999999 10.626360866269529
v -1.0079831936095331 6.4728880000000002 10.236241781395961
v -0.69207504378115203 6.8567080000000002 10.576644825224903
v -0.83717978667275617 6.8702699999999997 10.186526288551285
v -0.32824661825615919 7.6389100000000001 10.45782490125589
v -0.46637412026409208 7.6518189999999997 10.086463018405695
v 0.039911264140538805 8.4092249999999993 10.272850154354643
v -0.049375115860925689 8.4175699999999996 10.032800106382908
v 0.30367625260442921 8.9811730000000001 10.05785220908389
v 9.9309372818148844 0.0093559999999999997 -11.062899797650196
v 9.8580833354900435 -0.0015770000000000001 -10.99527877072147
v 9.8581792586585664 0.367089 -10.822175150944915
v 10.042763714487076 0.39478800000000003 -10.993498595025088
v 9.8848074764001481 0.73716599999999999 -10.665855551684587
v 10.136194367739002 0.77488900000000005 -10.899181610563552
v 9.9312925557300922 1.1075680000000001 -10.520166279458763
v 10.217875089163499 1.1505719999999999 -10.786161297466407
v 9.9918852668909217 1.4773480000000001 -10.379817329144984
v 10.293526390131937 1.5226120000000001 -10.659787537849219
v 10.061883651281907 1.8457170000000001 -10.240485342983682
v 10.367819401445132 1.891626 -10.524444308336193
v 10.141416993833769 2.2283490000000001 -10.09250654001675
v 10.447774403637787 2.274321 -10.376854325568488
v 10.328414545949983 3.0216699999999999 -9.7627745664510286
v 10.634771830619876 3.0676420000000002 -10.047123344142605
v 10.534419392674103 3.8023090000000002 -9.4146152117179298
v 10.840776677344007 3.8482810000000001 -9.6989639894094921
v 10.75920226058399 4.569394 -9.0484158305616944
v 11.065559670388009 4.6153659999999999 -9.3327636161134251
v 11.002512147515834 5.3220710000000002 -8.6645842193944915
v 11.308869432185732 5.3680430000000001 -8.9489329970860609
v 11.264078306843892 6.059501 -8.2635488665646335
v 11.570435591513792 6.1054740000000001 -8.5478976442562029
v 11.399371128303915 6.4242499999999998 -8.0588133598800695
v 11.705728412973807 6.4702219999999997 -8.3431621375716389
v 11.695133178451844 7.1383789999999996 -7.6396526111639034
v 11.986759735471123 7.1821409999999997 -7.910327593921977
v 12.052577985170879 7.8418710000000003 -7.245457715663477
v 12.241088322428771 7.8701590000000001 -7.4204250631455722
v 12.385919015191408 8.3677360000000007 -6.992617687871487
v 9.7833039595841242 0.049971000000000002 -11.056985343143872
v 9.8449156015625974 0.059572 -11.135162547504962
v 9.7824177020419008 0.448716 -11.24238874342975
v 9.6189211272011583 0.423238 -11.034927060260685
v 9.7007740481046696 0.83454799999999996 -11.32822401602661
v 9.4709263043833758 0.79873000000000005 -11.036569770257358
v 9.6044307433191136 1.217751 -11.39830906135726
v 9.3348748802388677 1.175745 -11.056268933646976
v 9.4973328781514965 1.5989310000000001 -11.457645861250228
v 9.2068278422745067 1.553661 -11.089022327265873
v 9.3828821718201922 1.97861 -11.510541944737248
v 9.0833903000497642 1.9319390000000001 -11.130516227908203
v 9.2638561977639249 2.3572120000000001 -11.560523598220868
v 8.9617874062771961 2.3101389999999999 -11.177226708853446
v 9.135680488932131 2.755341 -11.612909203146891
v 8.8333544380833118 2.7082290000000002 -11.229286561387894
v 8.2093981437497945 5.3892990000000003 -12.019421933847312
v 7.9070720929009646 5.3421859999999999 -11.635799292088308
v 7.2166795639297767 7.9895129999999996 -12.482434321397733
v 6.9143543800866709 7.9424010000000003 -12.098812796912682
v 6.8498575680954943 8.9055459999999993 -12.64504955621031
v 6.560991083617246 8.8605319999999992 -12.27850641313001
v 6.4344539733261215 9.8106790000000004 -12.763462135198708
v 6.2398042121068116 9.7803459999999998 -12.516469404896242
v 6.0290604932102276 10.541942000000001 -12.791080664857738
v 9.9088841288846616 0.107907 -11.098396203367336
v 9.8816010743363449 0.102614 -11.002336114170461
v 9.8323509156662077 0.497303 -10.914598607595643
v 9.9015518336235502 0.51072799999999996 -11.158265263750849
v 9.7964428645596939 0.89388900000000004 -10.855020995334549
v 9.8907642893874979 0.91218699999999997 -11.187136305044078
v 9.7714014374528588 1.2918259999999999 -10.814868855933852
v 9.879004166054429 1.3127 -11.193750702612334
v 9.7550907761789567 1.690631 -10.786622817153031
v 9.8684106646798071 1.7126140000000001 -11.185633289931822
v 9.7457641030970663 2.0899000000000001 -10.764121870967948
v 9.8607358900729558 2.1122040000000002 -11.16895078653053
v 9.7422497867366218 2.5160459999999998 -10.741319882688011
v 9.8573897283664422 2.5383819999999999 -11.146741498859974
v 9.7695935095491748 3.5921759999999998 -10.674265456527245
v 9.8847333260448842 3.6145119999999999 -11.079688064839026
v 9.8329186401372652 4.666112 -10.597113161260026
v 9.9480583314988529 4.6884480000000002 -11.002536761711639
v 9.9321468084573894 5.7365589999999997 -10.509956928437383
v 10.047287742227052 5.758896 -10.915378669743454
v 10.067162175554294 6.8022289999999996 -10.412900074739724
v 10.182302984189835 6.8245659999999999 -10.818322808185641
v 10.143586400782841 7.333628 -10.361918630368123
v 10.258727209418382 7.3559650000000003 -10.767341363814026
v 10.319875028314108 8.3140730000000005 -10.273206057233629
v 10.426958339320983 8.3348460000000006 -10.650260543695211
v 10.550698721636607 9.2924699999999998 -10.261343737268199
v 10.601386985825002 9.3023039999999995 -10.439825464471767
v 10.668022732232572 9.7112449999999999 -10.301661881405508
v -3.8038769162370381 0.00024800000000000001 -11.289525514172595
v -3.8304268926387595 0.0040619999999999996 -11.385861653627465
v -3.993434564774657 0.376023 -11.40067483052627
v -3.9287918312241823 0.36673699999999998 -11.166124578735477
v -4.1542852726241977 0.74397599999999997 -11.382980966694376
v -4.068564082796688 0.73166299999999995 -11.071953036630916
v -4.3158004280234268 1.1082179999999999 -11.343212560070974
v -4.220275033111311 1.0944959999999999 -10.996608772538465
v -4.4803282221746494 1.4689779999999999 -11.290088057769957
v -4.3814771284848968 1.4547779999999999 -10.931414921761224
v -4.649663697489598 1.826406 -11.230324550511263
v -4.550272350635745 1.8121290000000001 -10.869691983075128
v -4.715072786693729 1.9623060000000001 -11.206927771342173
v -4.6156776871426191 1.9480280000000001 -10.846275559129047
v -5.0738806253381954 2.6464989999999999 -11.080952241562436
v -4.9744850865516641 2.6322209999999999 -10.720300927721311
v -5.4556099652979997 3.3170649999999999 -10.949198409743985
v -5.3562130889040604 3.3027869999999999 -10.588547555039433
v -5.8597948998576372 3.9731879999999999 -10.811829189767217
v -5.7603989019345301 3.9589099999999999 -10.45117653831867
v -6.2859449265280078 4.6140720000000002 -10.669007714425291
v -6.1865493877414837 4.5997940000000002 -10.308356400584152
v -6.7335428304739908 5.238937 -10.520910771201741
v -6.6341463933154659 5.2246589999999999 -10.160259018125181
v -6.9626025179117166 5.5472229999999998 -10.445575751642885
v -6.8632065398897675 5.5329449999999998 -10.084925336173754
v -7.4389550082655562 6.1463010000000002 -10.281231677826113
v -7.3443368489013894 6.1327090000000002 -9.9379221714990464
v -7.9210091676749856 6.725441 -10.06004742517446
v -7.8598478569866801 6.7166560000000004 -9.8381290945303022
v -8.2754906711868053 7.1468020000000001 -9.8261085128554555
v -3.7445694208844609 0.060502 -11.416938264896388
v -3.698600751059268 0.055876000000000002 -11.328249984078106
v -3.5849402186842072 0.44439000000000001 -11.273549112053814
v -3.7070220469515833 0.456675 -11.509085909384709
v -3.4794571642121968 0.83309 -11.24707133470649
v -3.6511780220178354 0.85036999999999996 -11.578373828455767
v -3.3788671740599421 1.2215590000000001 -11.242441085126913
v -3.580353902046828 1.241835 -11.63117104169978
v -3.280257605833552 1.6094200000000001 -11.253999977124202
v -3.497498903969313 1.631281 -11.673124876227426
v -3.1811234819961678 1.9963360000000001 -11.276869992602869
v -3.4051586125823876 2.0188809999999999 -11.709103149623722
v -3.0794148818511937 2.3820160000000001 -11.307052345104786
v -3.3054221784331874 2.4047589999999999 -11.743090435014025
v -2.9654226510876187 2.7944969999999998 -11.344372714335854
v -3.1916333508132846 2.8172609999999998 -11.780803004654501
v -2.6879816192504622 3.6907179999999999 -11.441430583595036
v -2.9141932173481253 3.7134819999999999 -11.877861313149111
v -2.3834969115158708 4.5764009999999997 -11.553055313461606
v -2.6097076112415403 4.5991650000000002 -11.989485603780253
v -2.052329163046509 5.4504970000000004 -11.679114891513933
v -2.2785407611441686 5.4732599999999998 -12.115545621068009
v -1.6948714911149887 6.3119680000000002 -11.819458679742333
v -1.921082190840651 6.3347309999999997 -12.25588897006098
v -1.311546859691366 7.1597929999999996 -11.973922804780948
v -1.5377571201816105 7.1825570000000001 -12.410353993471588
v -0.9028097965825177 7.9929690000000004 -12.142322092461008
v -1.1290204963081836 8.0157330000000009 -12.578752382779662
v -0.47333381473454228 8.8109269999999995 -12.332539438109919
v -0.69116667681206412 8.8328480000000003 -12.752806220351999
v -0.044579266793530969 9.614808 -12.584768822736095
v -0.20376455031688767 9.630827 -12.891887494756517
v 0.35777674543461213 10.40619 -12.947272316745284
v -3.7995716958923795 0.10013900000000001 -11.287496282105053
v -3.8247582139202381 0.103892 -11.384201000266231
v -3.8449442693316245 0.50633899999999998 -11.439605031851741
v -3.7826012359516179 0.49705100000000002 -11.200235072587887
v -3.8592016032370084 0.90756700000000001 -11.463930507384816
v -3.7756172498104386 0.89511300000000005 -11.142999746655555
v -3.870078876214337 1.3079430000000001 -11.466963419776675
v -3.7760692801468858 1.293936 -11.106003432926016
v -3.8797334350390047 1.7077770000000001 -11.456983839129123
v -3.7818017769295666 1.6931860000000001 -11.080966939768295
v -3.8898685516907863 2.1073140000000001 -11.440548222455121
v -3.7911065768856078 2.0925989999999999 -11.061336984323155
v -3.8969181031273132 2.3624010000000002 -11.428873117550083
v -3.7981260655318545 2.3476819999999998 -11.049550339162423
v -4.0942412483135202 5.3585019999999997 -11.261219087944987
v -3.9954487714826437 5.343782 -10.881897207929327
v -4.2214774997299047 6.8539659999999998 -11.170050471927716
v -4.1226850228990317 6.8392470000000003 -10.790728591912043
v -4.3144112763611355 7.8465350000000003 -11.089653716688105
v -4.2242302007006929 7.8330979999999997 -10.743391006472692
v -4.3941195452140969 8.8337269999999997 -10.906852710516191
v -4.3642107510411039 8.8292699999999993 -10.792012753288247
v -4.4080458887241933 9.0847180000000005 -10.832084065848541
v 9.9735680220969911 0.102024 -2.7604954927532575
v 9.8737264848771744 0.097302 -2.7574409002133464
v 9.7829525419800412 0.49238900000000002 -2.7260381519274404
v 10.02843032150421 0.50399799999999995 -2.7335478252149983
v 9.7241171657520873 0.88851100000000005 -2.6897324702217489
v 10.051758276772041 0.90400700000000001 -2.6997553338149558
v 9.686835512973758 1.285093 -2.6482139207394297
v 10.053942666092784 1.3024549999999999 -2.6594448282203231
v 9.6623702376831915 1.6816329999999999 -2.6012241325407572
v 10.043729997088811 1.6996690000000001 -2.6128899458038077
v 9.6438805450741079 2.0777230000000002 -2.548563520008976
v 10.02796935028805 2.095888 -2.560312483594025
v 9.6348171063512424 2.2878210000000001 -2.5189808499043878
v 10.018967182899843 2.3059889999999998 -2.5307314938317589
v 9.5943392960378659 3.255064 -2.3468507234963809
v 9.9784882553125023 3.2732320000000001 -2.3586022344294832
v 9.5552501912767234 4.2154920000000002 -2.1397837622447895
v 9.9394011348310372 4.2336590000000003 -2.151535523446114
v 9.5176053073735858 5.1678430000000004 -1.8980510437230294
v 9.9017552587880573 5.1860109999999997 -1.9098026797902534
v 9.4814511767769289 6.1108690000000001 -1.621970892814268
v 9.8656011281914004 6.1290370000000003 -1.6337225288814849
v 9.4637557804995467 6.5798189999999996 -1.4754106069159931
v 9.8479068491879822 6.5979869999999998 -1.487161375977486
v 9.4467902625890865 7.5073369999999997 -1.1490181430890374
v 9.797215425575839 7.5239099999999999 -1.1597365359589347
v 9.5326077229389803 8.4272469999999995 -0.79236145503720934
v 9.6469558810424942 8.4326550000000005 -0.79585880093571149
v 9.5818288813954311 8.6577120000000001 -0.70197625883670867
v 9.8710692032981449 0.057717999999999998 -2.8560262809937171
v 9.970769912229283 0.062451 -2.8621473541536773
v 10.030632491022175 0.459339 -2.9383531957950026
v 9.7651613558759607 0.44673600000000002 -2.9220545890698659
v 10.061627952624661 0.85380699999999998 -3.0183646891697009
v 9.6875403470742754 0.83604599999999996 -2.9953990520006784
v 10.070812296926235 1.2461089999999999 -3.1026010759259606
v 9.6311571577149735 1.225236 -3.0756090550655912
v 10.064462023709769 1.636466 -3.191428639390665
v 9.5897466126882378 1.613928 -3.1622844659823386
v 10.048000329968264 2.0250569999999999 -3.2851624833167534
v 9.5578932465171285 2.0017879999999999 -3.255072855086631
v 10.025891067143498 2.4120140000000001 -3.3840602126453163
v 9.5311451491704169 2.388525 -3.3536858700356333
v 10.001462882107038 2.7974190000000001 -3.4883017690459397
v 9.5061806723541338 2.7739039999999999 -3.4578960715817857
v 9.9979736163405164 2.8517649999999999 -3.5031165897809586
v 9.5026905395819057 2.8282509999999998 -3.4727097750428371
v 9.9376394055952062 3.7595879999999999 -3.7838311844616399
v 9.4423562037024666 3.7360730000000002 -3.7534253618633642
v 9.8759131346627846 4.6573289999999998 -4.0950100390288782
v 9.3806320421838372 4.6338140000000001 -4.064603474558993
v 9.8128666396021345 5.5439679999999996 -4.4362993617633606
v 9.3175836879776348 5.5204529999999998 -4.4058915548854216
v 9.7485693163216283 6.4184960000000002 -4.8073087679729127
v 9.2532872317028421 6.3949809999999996 -4.77690207836892
v 9.6830962990329112 7.2799180000000003 -5.207618359038527
v 9.1878130971401752 7.2564029999999997 -5.1772125364402442
v 9.6165212739369679 8.1272529999999996 -5.6367717685024061
v 9.1212380720442283 8.1037379999999999 -5.6063659459041162
v 9.5397472036904318 8.9591019999999997 -6.0937183886483339
v 9.0628083716367911 8.936458 -6.0644379180867602
v 9.4069929412342042 9.7723399999999998 -6.5751201985127068
v 9.0584609708299837 9.7557930000000006 -6.5537227696448568
v 9.1633041311486885 10.563426 -7.0770486541646065
v 9.9971419061354609 0.003274 -2.8029652089795434
v 9.920269125815544 -0.000727 -2.7391340780018965
v 9.952111255671408 0.36316799999999999 -2.559432127908849
v 10.145325836795223 0.373224 -2.7198689242778471
v 10.01264724717533 0.72506099999999996 -2.3940402383929609
v 10.274366977993109 0.73868199999999995 -2.6113624955266204
v 10.094551547756964 1.084427 -2.2369646207076102
v 10.391518196960499 1.0998829999999999 -2.4835525026134846
v 10.191550076893705 1.440798 -2.0830808948321646
v 10.502972826628197 1.4570069999999999 -2.3416761077670003
v 10.298552922650671 1.793768 -1.9282647211231136
v 10.613734811438761 1.8101719999999999 -2.1899798537004358
v 10.400022836386162 2.10806 -1.7860865254266116
v 10.715478466507715 2.124479 -2.0480286969485135
v 10.603468987808405 2.6859989999999998 -1.5048520310620788
v 10.918924492795842 2.7024170000000001 -1.7667951947238123
v 10.819626102864484 3.251932 -1.2090647244435573
v 11.135081732986034 3.2683499999999999 -1.4710068959654592
v 11.048247603750434 3.8052160000000002 -0.89905736582499429
v 11.363703233871991 3.8216350000000001 -1.1609995373469175
v 11.289072870771138 4.3452219999999997 -0.57518614248090216
v 11.604528375758576 4.3616400000000004 -0.83712930614264991
v 11.541827751809896 4.8713340000000001 -0.2378186378941578
v 11.857283381931449 4.8877519999999999 -0.49976080941606682
v 11.806225053931742 5.3829520000000004 0.11266207455045674
v 12.121679566779342 5.3993700000000002 -0.14928096397716928
v 12.081963050707206 5.8794950000000004 0.47585358814109213
v 12.397418805962882 5.8959130000000002 0.21391240875902184
v 12.372406563952161 6.3605879999999999 0.84829061109387283
v 12.68050501809244 6.3766230000000004 0.59245910414961855
v 12.695623836040596 6.8266419999999997 1.2142717744393465
v 12.952218822691076 6.8399960000000002 1.0012052484085388
v 13.073347914647316 7.2782749999999998 1.5550269964311809
v 13.190149585875343 7.2843549999999997 1.4580397865561636
v 13.288186976451197 7.5010380000000003 1.7087052357470611
v 2.3311869312290421 0.103505 10.187776495173416
v 2.3204199312290421 0.10445400000000001 10.088362495173413
v 2.3229199312290421 0.50505500000000003 10.010802495173415
v 2.3510539312290422 0.50257399999999997 10.270550495173417
v 2.3254349312290419 0.90544800000000003 9.9629944951734188
v 2.3645639312290418 0.90199799999999997 10.324261495173417
v 2.3271179312290422 1.3056840000000001 9.9371274951734136
v 2.3725639312290419 1.301677 10.356718495173418
v 2.3272259312290422 1.705802 9.9263394951734156
v 2.3757969312290421 1.701519 10.374783495173418
v 2.325127931229042 2.1058319999999999 9.9248124951734127
v 2.3748929312290419 2.1014439999999999 10.384274495173415
v 2.320323931229042 2.5057930000000002 9.9279274951734209
v 2.3703509312290421 2.501382 10.389811495173419
v 2.3156729312290421 2.7777859999999999 9.9309804951734151
v 2.3657109312290419 2.773374 10.392960495173419
v 2.2223979312290418 4.5565030000000002 9.9580694951734188
v 2.2724349312290419 4.5520909999999999 10.420051495173418
v 2.0663799312290418 6.3307019999999996 9.9919114951734187
v 2.116416931229042 6.3262900000000002 10.453893495173418
v 1.8478159312290421 8.0981450000000006 10.032463495173417
v 1.8978529312290422 8.0937330000000003 10.494445495173416
v 1.706786931229042 9.0875339999999998 10.069437495173418
v 1.754201931229042 9.0833539999999999 10.507204495173418
v 1.5540389312290419 10.073159 10.181150495173419
v 1.583093931229042 10.070598 10.449409495173413
v 1.450918931229042 10.733276 10.334339495173417
v 2.432027931229042 0.054457999999999999 10.095990495173417
v 2.4083379312290418 0.056547 10.193121495173415
v 2.4783299312290419 0.44796000000000002 10.284631495173414
v 2.540150931229042 0.44250899999999999 10.031158495173415
v 2.5570229312290422 0.83835099999999996 10.347773495173413
v 2.6429339312290421 0.83077599999999996 9.9955334951734187
v 2.642542931229042 1.227878 10.390229495173415
v 2.7422479312290422 1.219087 9.981430495173413
v 2.7332419312290419 1.616679 10.418739495173419
v 2.839735931229042 1.607289 9.9821094951734182
v 2.8277269312290421 2.0048680000000001 10.439012495173415
v 2.936786931229042 1.995252 9.9918604951734125
v 2.9248929312290421 2.3925360000000002 10.455571495173416
v 3.0345039312290418 2.3828710000000002 10.006161495173416
v 2.9891569312290418 2.645216 10.465855495173415
v 3.0987879312290421 2.6355490000000001 10.016361495173413
v 3.9938459312290417 6.0435449999999999 10.637814495173416
v 4.103476931229042 6.0338779999999996 10.188323495173421
v 4.5285879312290422 7.732361 10.731919495173415
v 4.6382179312290424 7.7226939999999997 10.282427495173415
v 4.8431819312290418 8.6806599999999996 10.775612495173419
v 4.9469939312290423 8.6715070000000001 10.349976495173415
v 5.1854379312290417 9.6238519999999994 10.750296495173416
v 5.2485189312290421 9.61829 10.491663495173412
v 5.4341679312290418 10.244038 10.660555495173419
v 2.3173399312290419 0.0043379999999999998 10.183271495173415
v 2.316123931229042 0.0044450000000000002 10.083279495173414
v 2.1854359312290419 0.38286799999999999 10.013075495173418
v 2.1884079312290421 0.382606 10.257443495173419
v 2.050663931229042 0.75969200000000003 9.9748684951734177
v 2.0546149312290418 0.75934400000000002 10.299724495173415
v 1.9116989312290422 1.1348769999999999 9.9580044951734124
v 1.9161109312290421 1.1344879999999999 10.320767495173413
v 1.768450931229042 1.5083789999999999 9.9535564951734159
v 1.773022931229042 1.507976 10.329497495173413
v 1.620855931229042 1.880153 9.9546084951734173
v 1.625455931229042 1.8797470000000001 10.33283249517342
v 1.555394931229042 2.0425930000000001 9.9555624951734174
v 1.5599959312290421 2.0421870000000002 10.333819495173415
v 1.0487249312290421 3.177546 9.9629414951734176
v 1.053324931229042 3.1771410000000002 10.341198495173415
v 0.50063893122904202 4.2930859999999997 9.9708034951734135
v 0.50523993122904198 4.2926799999999998 10.349059495173421
v -0.088119068770957987 5.3877009999999999 9.9791374951734184
v -0.083519068770957994 5.3872949999999999 10.357393495173419
v -0.39251806877095796 5.9294979999999997 9.9834194951734148
v -0.38791806877095797 5.9290929999999999 10.361676495173413
v -0.90769706877095802 6.786397 10.008984495173415
v -0.90354306877095802 6.7860310000000004 10.350485495173416
v -1.4466760687709579 7.627542 10.145106495173415
v -1.445652068770958 7.6274509999999998 10.229316495173414
v -1.541596068770958 7.774343 10.188529495173412
v -14.002882879103982 -0.0070479999999999996 -1.9958123390378901
v -14.015114291501696 -0.001792 -1.8967028677460078
v -13.835611644869283 0.354765 -1.8131618025327896
v -13.803913360072755 0.341144 -2.0700178156314877
v -13.648755249516398 0.70773200000000003 -1.7587302985968591
v -13.604912445770886 0.68889299999999998 -2.1139869504765016
v -13.45556756155421 1.057501 -1.7252886743865403
v -13.404899590157335 1.03573 -2.1358429671609827
v -13.256947529883353 1.404409 -1.7057398792556739
v -13.203023771047835 1.3812390000000001 -2.142682743536632
v -13.053653691330915 1.748734 -1.6941183246430143
v -12.998567961942046 1.7250639999999999 -2.1404744935739544
v -12.846285233411354 2.0906820000000002 -1.6857716046846818
v -12.79098261815575 2.0669200000000001 -2.1338718838531818
v -12.741694910491624 2.261015 -1.681878298692709
v -12.686389104620586 2.2372510000000001 -2.1300137889386406
v -12.02419332661508 3.3445819999999999 -1.6507898825277891
v -11.968887121000648 3.3208190000000002 -2.0989244561466123
v -11.270147800881929 4.402857 -1.6138497946716726
v -11.214841995010886 4.3790930000000001 -2.061985284917597
v -10.480454799085162 5.4345800000000004 -1.5711023756476195
v -10.425150309584602 5.4108159999999996 -2.019238382777246
v -9.6560542960614697 6.4385240000000001 -1.5225991745235845
v -9.6007490070741284 6.4147610000000004 -1.9707333483990297
v -9.0002791667473119 7.1930740000000002 -1.4946606301270293
v -8.9481212017698581 7.170661 -1.9172957518519169
v -8.3154969164434114 7.9259700000000004 -1.5398722311020876
v -8.285367187050829 7.9130240000000001 -1.784012037378595
v -7.8893197033709068 8.3555320000000002 -1.6343288808084537
v -14.108688972468531 0.066747000000000001 -1.912393152222549
v -14.095469409573774 0.061404 -2.011370625047789
v -14.117189834762295 0.45530399999999999 -2.1114586593257698
v -14.150278157630563 0.46867900000000001 -1.8637288673047792
v -14.145169817533587 0.85068100000000002 -2.1808862242846416
v -14.189862124473027 0.86874700000000005 -1.8462720091391489
v -14.178128688541831 1.247009 -2.229212211650264
v -14.228717076346607 1.2674570000000001 -1.8504634517192002
v -14.214980110382639 1.643834 -2.2645874346362831
v -14.26793273456096 1.665238 -1.8681476332330575
v -14.254846548836998 2.0407920000000002 -2.2935726730511163
v -14.308380216945478 2.0624310000000001 -1.8927665720760274
v -14.289398781000585 2.3681739999999998 -2.3159983397193287
v -14.342968718781622 2.3898280000000001 -1.9149276834365025
v -14.605393470923813 4.6705969999999999 -2.4825133959074108
v -14.658962492077764 4.6922509999999997 -2.0814431393679769
v -14.992959163528768 6.961392 -2.6579589810346675
v -15.046527268055625 6.9830459999999999 -2.2568891242386186
v -15.17455239993901 7.9429980000000002 -2.7190288584870927
v -15.223886202695592 7.9629409999999998 -2.3496661533372887
v -15.381954303331465 8.9271250000000002 -2.6865810503147998
v -15.401641225885571 8.9350819999999995 -2.5391779038851894
v -15.456765695248473 9.2535539999999994 -2.6389658751766163
v -13.993891836444281 0.092439999999999994 -2.0004817514089908
v -14.005132796529535 0.097606999999999999 -1.9012500131275161
v -13.950322595123991 0.49617699999999998 -1.8415954547192683
v -13.922529757258442 0.483402 -2.0869536878466235
v -13.887245015566931 0.89234999999999998 -1.812750404429444
v -13.850008967117361 0.87523499999999999 -2.1414673576397405
v -13.817052227950127 1.2865949999999999 -1.8046261659062068
v -13.775200542532035 1.2673570000000001 -2.1741122287998849
v -13.740722968388502 1.6792990000000001 -1.808690105346507
v -13.697144596813059 1.659268 -2.1934116238918477
v -13.659030307772239 2.0707559999999998 -1.8182044446003047
v -13.615090788789328 2.0505589999999998 -2.2061054090958194
v -13.606412628879971 2.3133249999999999 -1.8248217150337922
v -13.562461821936878 2.293123 -2.2128268792507768
v -13.331446911345253 3.4030269999999998 -1.8504130687615259
v -13.287496104402164 3.382825 -2.2384182329785105
v -13.020074331943986 4.48299 -1.8713726614818214
v -12.976123525000895 4.4627869999999996 -2.2593778256988131
v -12.672648496447332 5.5519800000000004 -1.8876782905236809
v -12.628698606131326 5.5317780000000001 -2.2756830549972733
v -12.289567670577846 6.6087800000000003 -1.8993100960222407
v -12.245616863634755 6.5885769999999999 -2.2873152602392253
v -11.918969295126789 7.5374299999999996 -1.9230190298032994
v -11.878885574744857 7.5190049999999999 -2.2768839829850762
v -11.509213350729581 8.4493589999999994 -2.0454365664071403
v -11.4961999874401 8.4433769999999999 -2.1603142599768432
v -11.402640621358904 8.67361 -2.1033726068265892
v -11.583427970939455 0.096009999999999998 -5.0744580369643728
v -11.586658970939455 0.096243999999999996 -4.9745110369643726
v -11.539092970939455 0.49327399999999999 -4.8935200369643752
v -11.530671970939455 0.49266300000000002 -5.1540650369643757
v -11.490147970939455 0.890181 -4.842184036964376
v -11.478453970939455 0.88933300000000004 -5.2039900369643775
v -11.440078970939455 1.286983 -4.8125550369643761
v -11.426515970939455 1.286 -5.2321800369643796
v -11.389111970939455 1.6836960000000001 -4.7976620369643754
v -11.374632970939455 1.6826460000000001 -5.2456070369643726
v -11.337435970939456 2.080333 -4.7916080369643765
v -11.322614970939455 2.079259 -5.2501670369643776
v -11.285202970939455 2.4769049999999999 -4.7897320369643737
v -11.270310970939455 2.4758260000000001 -5.2505220369643766
v -11.252192970939456 2.7260870000000001 -4.7892120369643791
v -11.237297970939455 2.7250079999999999 -5.2500760369643729
v -10.481786970939455 7.9725279999999996 -4.7765990369643774
v -10.466891970939455 7.9714489999999998 -5.2374640369643757
v -10.333473970939455 8.9614960000000004 -4.7864980369643746
v -10.319376970939455 8.9604750000000006 -5.2226360369643743
v -10.180136970939456 9.9498940000000005 -4.8704920369643787
v -10.171634970939456 9.9492790000000007 -5.1335420369643785
v -10.076715970939455 10.593349999999999 -5.0003190369643775
v -11.683773970939455 0.063175999999999996 -4.9725020369643786
v -11.691239970939455 0.063716999999999996 -5.072221036964379
v -11.730982970939456 0.46263100000000001 -5.1419770369643771
v -11.712365970939455 0.46128200000000003 -4.893307036964373
v -11.770265970939455 0.86120799999999997 -5.1803110369643761
v -11.745180970939455 0.85938999999999999 -4.8452530369643796
v -11.809819970939456 1.2594920000000001 -5.1970060369643747
v -11.781487970939455 1.257439 -4.8185580369643759
v -11.850266970939455 1.657519 -5.2003870369643792
v -11.820658970939455 1.6553739999999999 -4.8048990369643789
v -11.892104970939455 2.0553170000000001 -5.1971110369643796
v -11.862197970939455 2.0531489999999999 -4.7976170369643754
v -11.924963970939455 2.3582550000000002 -5.1931110369643747
v -11.895040970939455 2.3560859999999999 -4.793411036964379
v -12.366809970939455 5.3989070000000003 -5.1435380369643795
v -12.336886970939455 5.3967390000000002 -4.7438370369643792
v -12.615272970939456 6.9149409999999998 -5.1167120369643726
v -12.585349970939456 6.9127729999999996 -4.7170120369643769
v -12.787396970939454 7.8995439999999997 -5.0820680369643796
v -12.759917970939455 7.8975530000000003 -4.715017036964376
v -12.963799970939455 8.8814829999999994 -4.9486200369643782
v -12.953429970939455 8.8807320000000001 -4.8101110369643791
v -13.016055970939455 9.1803260000000009 -4.8734430369643746
v -11.577802970939455 -0.0046600000000000001 -5.0551280369643763
v -11.613165970939455 -0.002098 -4.9616240369643805
v -11.458836970939455 0.35208 -4.834819036964376
v -11.371795970939456 0.345773 -5.0649610369643767
v -11.290176970939456 0.70363399999999998 -4.7364860369643793
v -11.173917970939454 0.69520999999999999 -5.0438800369643744
v -11.110863970939455 1.052799 -4.6569420369643737
v -10.980521970939455 1.043355 -5.0015730369643734
v -10.924000970939455 1.399767 -4.5880370369643799
v -10.788539970939455 1.3899509999999999 -4.9462050369643791
v -10.732024970939456 1.7446820000000001 -4.523376036964379
v -10.595567970939456 1.7347939999999999 -4.8841800369643735
v -10.625667970939455 1.933065 -4.4882770369643765
v -10.489185970939456 1.923176 -4.8491450369643729
v -9.8665849709394546 3.1774680000000002 -4.2352920369643741
v -9.7301029709394555 3.1675779999999998 -4.5961590369643801
v -9.067393970939456 4.3930790000000002 -3.9663480369643764
v -8.9309109709394541 4.3831889999999998 -4.3272160369643728
v -8.229076970939456 5.5784019999999996 -3.6817770369643767
v -8.0925949709394551 5.5685120000000001 -4.0426450369643732
v -7.6387069709394551 6.3647479999999996 -3.4989300369643743
v -7.5147129709394553 6.3557639999999997 -3.8267770369643728
v -6.993715970939455 7.1335410000000001 -3.4082490369643779
v -6.9571409709394549 7.13089 -3.5049540369643779
v -6.8428359709394551 7.3006739999999999 -3.4110720369643772
v -14.051981658689948 -0.00018200000000000001 4.7386468476557511
v -14.150195658689949 0.00026800000000000001 4.7198438476557527
v -14.243474658689948 0.38055600000000001 4.8292618476557507
v -14.002358658689948 0.37945299999999998 4.8754228476557557
v -14.306135658689948 0.75956800000000002 4.9479948476557567
v -13.984641658689949 0.75809700000000002 5.0095458476557511
v -14.348457658689949 1.1373219999999999 5.0740658476557527
v -13.988541658689948 1.135675 5.1429708476557536
v -14.379081658689948 1.513825 5.2058078476557554
v -14.005420658689948 1.512116 5.2773448476557547
v -14.404754658689948 1.8890800000000001 5.3419188476557551
v -14.028525658689949 1.887359 5.4139478476557557
v -14.417317658689948 2.0791369999999998 5.4119398476557521
v -14.041036658689949 2.0774149999999998 5.4839788476557558
v -14.516559658689948 3.4369299999999998 5.9627608476557512
v -14.140279658689948 3.4352079999999998 6.0347998476557549
v -14.624208658689948 4.7756239999999996 6.5570348476557569
v -14.247926658689948 4.7739019999999996 6.6290738476557536
v -14.740148658689948 6.0937789999999996 7.1941218476557509
v -14.363866658689949 6.0920569999999996 7.2661608476557547
v -14.805288658689948 6.9811649999999998 7.6508748476557571
v -14.464205658689949 6.9796050000000003 7.7161748476557577
v -14.768593658689948 7.8575480000000004 8.1472008476557534
v -14.673888658689949 7.8571140000000002 8.1653318476557573
v -14.738947658689948 8.0348489999999995 8.2529928476557544
v -14.143900658689947 0.060240000000000002 4.6327558476557513
v -14.044031658689947 0.059783000000000003 4.6276478476557514
v -13.964798658689949 0.45498899999999998 4.564210847655751
v -14.225582658689948 0.45618199999999998 4.5775488476557555
v -13.915305658689949 0.84981300000000004 4.4989308476557568
v -14.277870658689949 0.85147200000000001 4.5174748476557554
v -13.887686658689947 1.244189 4.4314118476557525
v -14.308634658689948 1.2461150000000001 4.452941847655751
v -13.875026658689949 1.638058 4.3613048476557523
v -14.324785658689947 1.6401159999999999 4.3843078476557551
v -13.871470658689947 2.0313639999999999 4.2883138476557576
v -14.332179658689949 2.0334720000000002 4.3118778476557509
v -13.872372658689947 2.424058 4.2122078476557547
v -14.335461658689947 2.426177 4.2358928476557551
v -13.873800658689948 2.6856949999999999 4.160002847655754
v -14.336981658689949 2.6878139999999999 4.183692847655756
v -13.887029658689949 4.41479 3.7466528476557528
v -14.350211658689949 4.4169090000000004 3.7703428476557548
v -13.903656658689949 6.1270429999999996 3.2684098476557537
v -14.366836658689948 6.129162 3.2920998476557557
v -13.923653658689949 7.8200130000000003 2.7259548476557569
v -14.386835658689948 7.8221319999999999 2.7496438476557543
v -13.948173658689948 8.7656189999999992 2.4013358476557514
v -14.386932658689949 8.7676269999999992 2.423776847655752
v -14.047014658689948 9.7044350000000001 2.0604838476557532
v -14.314819658689949 9.7056609999999992 2.0741808476557537
v -14.190293658689948 10.327463 1.8283118476557547
v -14.054693658689947 0.099832000000000004 4.7406768476557559
v -14.151768658689948 0.100276 4.7166728476557509
v -14.226411658689948 0.49987999999999999 4.7228498476557519
v -13.988087658689947 0.49878899999999998 4.7817808476557531
v -14.270979658689948 0.89912300000000001 4.7399818476557556
v -13.953200658689948 0.89766900000000005 4.8185618476557508
v -14.295631658689947 1.298022 4.7655568476557519
v -13.939869658689949 1.296395 4.8535288476557525
v -14.308907658689948 1.6965889999999999 4.7974588476557543
v -13.939554658689948 1.6948989999999999 4.888791847655753
v -14.317479658689948 2.0948229999999999 4.8340378476557575
v -13.945584658689947 2.093121 4.9259988476557552
v -14.321423658689948 2.296967 4.8536188476557527
v -13.949477658689949 2.2952650000000001 4.9455928476557531
v -14.371303658689948 4.0431509999999999 5.0876458476557573
v -13.999357658689949 4.0414500000000002 5.1796188476557532
v -14.436990658689949 5.7790780000000002 5.3854068476557515
v -14.065044658689947 5.7773760000000003 5.4773808476557519
v -14.473769658689948 6.6440130000000002 5.5501448476557513
v -14.101823658689948 6.6423110000000003 5.6421188476557518
v -14.503160658689948 7.6210969999999998 5.7617188476557573
v -14.165996658689949 7.6195550000000001 5.8450918476557518
v -14.433232658689947 8.5929350000000007 6.019338847655753
v -14.339546658689947 8.5925060000000002 6.0425058476557538
v -14.397120658689948 8.7900340000000003 6.0779698476557513
v -11.219130243529973 0.091672000000000003 2.1239617176427004
v -11.297462243529973 0.100342 2.1855167176426988
v -11.301471243529972 0.50248400000000004 2.2540607176427017
v -11.097495243529973 0.479906 2.0937707176427054
v -11.280136243529974 0.90159699999999998 2.3069787176426999
v -10.997096243529972 0.87026700000000001 2.0845587176427003
v -11.239727243529973 1.2983469999999999 2.3491927176427012
v -10.911676243529973 1.262035 2.0913997176427017
v -11.185739243529973 1.6933130000000001 2.3850157176427018
v -10.835744243529973 1.6545719999999999 2.1099797176427018
v -11.122814243529973 2.0869800000000001 2.418089717642701
v -10.764669243529973 2.0473370000000002 2.1366487176427
v -11.054617243529973 2.479724 2.4512897176427018
v -10.694798243529974 2.4398960000000001 2.1685317176427006
v -11.012191243529973 2.7167509999999999 2.4719447176426996
v -10.652319243529973 2.676917 2.1891467176427
v -10.663729243529973 4.4311999999999996 2.6738827176427051
v -10.303858243529973 4.3913650000000004 2.3910847176427055
v -10.276642243529974 6.1304869999999996 2.9271077176426985
v -9.916771243529972 6.0906529999999997 2.6443107176427034
v -9.8514742435299727 7.8122299999999996 3.2312657176426995
v -9.4916022435299734 7.7723959999999996 2.9484677176426999
v -9.5881642435299739 8.7598240000000001 3.412618717642701
v -9.2478142435299731 8.7221510000000002 3.1451607176427032
v -9.2542762435299721 9.6942520000000005 3.5641807176426994
v -9.0505752435299733 9.6717040000000001 3.4041067176427049
v -8.9771122435299731 10.284537 3.6225027176427034
v -11.362379243529974 0.067283999999999997 2.1023817176427002
v -11.280412243529973 0.058210999999999999 2.0458207176427052
v -11.215827243529972 0.44472299999999998 1.9301817176427036
v -11.434313243529973 0.46890700000000002 2.0809467176427034
v -11.175709243529973 0.83356799999999998 1.8292947176427035
v -11.483811243529972 0.867672 2.0418997176426998
v -11.154291243529974 1.2241010000000001 1.7391847176427007
v -11.516638243529973 1.2642100000000001 1.9892207176427021
v -11.146448243529973 1.615747 1.6563137176427034
v -11.537921243529974 1.6590800000000001 1.9264487176426996
v -11.147745243529974 2.0080079999999998 1.5776237176427017
v -11.552097243529973 2.052765 1.8566447176427019
v -11.154526243529974 2.4004690000000002 1.5005947176426986
v -11.562816243529973 2.4456630000000001 1.7823337176427003
v -11.164053243529972 2.7928220000000001 1.4233377176427027
v -11.572819243529974 2.8380679999999998 1.7054057176427051
v -11.165729243529974 2.8590429999999998 1.4102847176427034
v -11.574496243529973 2.9042889999999999 1.6923527176426987
v -11.289056243529974 5.6544220000000003 0.78315571764269976
v -11.697824243529974 5.699668 1.0652237176427022
v -11.464356243529974 8.4298450000000003 0.083910717642702082
v -11.873122243529973 8.4750910000000008 0.36597871764270451
v -11.540464243529973 9.3960299999999997 -0.16267228235729903
v -11.931894243529973 9.4393589999999996 0.1074327176427019
v -11.674879243529974 10.365197999999999 -0.38204928235730051
v -11.944956243529973 10.395092999999999 -0.1956842823572984
v -11.878621243529974 11.212916 -0.52201528235729455
v -11.233766243529972 -0.007319 2.0913707176427039
v -11.276069243529973 -0.002637 2.1818607176426994
v -11.126468243529972 0.35000900000000001 2.3222057176427029
v -11.016288243529972 0.33781299999999997 2.0865247176427033
v -10.958567243529973 0.69761700000000004 2.4385177176427035
v -10.805661243529974 0.68069100000000005 2.1114407176427008
v -10.775811243529972 1.0404439999999999 2.5380027176427049
v -10.598568243529973 1.0208250000000001 2.1588657176427049
v -10.581228243529972 1.3787020000000001 2.6269737176426986
v -10.392112243529972 1.357769 2.2224377176426984
v -10.377391243529972 1.712555 2.7107597176427021
v -10.183856243529974 1.6911320000000001 2.2967747176427054
v -10.166345243529973 2.0421070000000001 2.7935597176427009
v -9.9718992435299718 2.0205839999999999 2.3776247176427034
v -10.035689243529973 2.241015 2.8443847176427042
v -9.8412142435299721 2.2194889999999998 2.4283887176427044
v -9.6112282435299718 2.8428779999999998 3.0116717176426988
v -9.4167542435299723 2.8213520000000001 2.5956767176427036
v -9.1683612435299722 3.428563 3.1884017176427051
v -8.9738872435299726 3.4070369999999999 2.7724057176427053
v -8.7076222435299719 3.9973610000000002 3.3743597176427045
v -8.5131482435299723 3.9758339999999999 2.9583647176427021
v -8.229571243529973 4.548584 3.5693217176427012
v -8.0350962435299742 4.5270580000000002 3.1533257176427014
v -7.7347822435299731 5.0815659999999996 3.7730507176427039
v -7.5403082435299726 5.0600399999999999 3.3570547176427041
v -7.2238572435299728 5.5956630000000001 3.9853017176426988
v -7.0293822435299731 5.5741370000000003 3.569305717642699
v -6.6974112435299729 6.0902529999999997 4.2058177176427023
v -6.5029362435299731 6.0687259999999998 3.7898217176427025
v -6.1538142435299727 6.5644859999999996 4.4294797176426997
v -5.9638752435299729 6.5434619999999999 4.0231867176427016
v -5.5823802435299736 7.016534 4.6317567176427019
v -5.4241932435299729 6.9990249999999996 4.2933817176427027
v -4.9701752435299724 7.4443419999999998 4.7832547176426985
v -4.8981682435299732 7.4363720000000004 4.6292277176426992
v -4.6463542435299736 7.6512399999999996 4.8298817176426994
v -10.238467686070708 0.00030400000000000002 4.3469573168120874
v -10.163486686070708 -0.004679 4.4129353168120815
v -9.9938676860707076 0.36236400000000002 4.3640883168120865
v -10.183815686070709 0.37498700000000001 4.1969483168120831
v -9.844102686070709 0.72887800000000003 4.2910243168120843
v -10.102771686070707 0.74606799999999995 4.0634143168120858
v -9.7073536860707073 1.0943369999999999 4.1997993168120828
v -10.002217686070708 1.1139319999999999 3.9403393168120857
v -9.5777396860707071 1.45828 4.095626316812087
v -9.8880796860707072 1.478904 3.8225483168120817
v -9.4504566860707087 1.820319 3.9827743168120833
v -9.7652056860707077 1.8412360000000001 3.7058173168120803
v -9.3163946860707085 2.1953339999999999 3.8591763168120821
v -9.6315736860707091 2.2162799999999998 3.5818413168120813
v -8.9489996860707066 3.1436579999999998 3.5132693168120852
v -9.2641776860707079 3.1646030000000001 3.235933316812087
v -8.5595046860707082 4.0729139999999999 3.1408093168120814
v -8.874683686070707 4.0938600000000003 2.8634723168120857
v -8.1484376860707073 4.9818490000000004 2.7422973168120848
v -8.4636166860707078 5.0027939999999997 2.4649613168120865
v -7.7163536860707076 5.8692359999999999 2.318271316812087
v -8.0315316860707071 5.8901810000000001 2.0409363168120862
v -7.4951646860707077 6.3073160000000001 2.0999873168120828
v -7.8103436860707083 6.3282619999999996 1.8226513168120846
v -7.0770476860707081 7.1034980000000001 1.6623873168120866
v -7.3699046860707078 7.1229610000000001 1.4046923168120813
v -6.7089326860707077 7.8830159999999996 1.1449893168120866
v -6.845537686070708 7.8920940000000002 1.024786316812083
v -6.5882676860707079 8.2066619999999997 0.89423631681208349
v -10.221383686070709 0.059301 4.487710316812084
v -10.299952686070707 0.064521999999999996 4.4260693168120824
v -10.376647686070708 0.464142 4.4355403168120873
v -10.179775686070709 0.45105899999999999 4.5899963168120834
v -10.430299686070708 0.86179700000000004 4.4661143168120816
v -10.164176686070707 0.84411099999999994 4.6749013168120825
v -10.468457686070709 1.257973 4.5118653168120844
v -10.167034686070707 1.237941 4.7483483168120841
v -10.497566686070709 1.653084 4.5677363168120806
v -10.181904686070709 1.632107 4.8153903168120848
v -10.522818686070709 2.0474619999999999 4.6296493168120847
v -10.203593686070707 2.0262479999999998 4.8800983168120879
v -10.543814686070707 2.380236 4.6843623168120843
v -10.224361686070708 2.3590070000000001 4.9349913168120807
v -10.738732686070708 4.6676399999999996 5.126562316812084
v -10.419279686070707 4.6464109999999996 5.3771903168120829
v -10.983846686070708 6.9372170000000004 5.6312303168120863
v -10.664393686070708 6.9159870000000003 5.8818593168120827
v -11.085336686070708 7.9035359999999999 5.8682523168120824
v -10.790883686070709 7.8839680000000003 6.0992673168120817
v -11.120947686070707 8.8610260000000007 6.1754133168120831
v -11.001491686070707 8.8530870000000004 6.2691343168120852
v -11.103857686070707 9.1820959999999996 6.3041513168120815
v -10.269196686070709 0.10256700000000001 4.3606533168120833
v -10.170521686070707 0.096008999999999997 4.3754923168120854
v -10.066525686070708 0.489147 4.3610923168120834
v -10.312623686070708 0.50550200000000001 4.3240823168120812
v -9.9927866860707084 0.88395400000000002 4.3372583168120826
v -10.324408686070708 0.90599200000000002 4.287386316812082
v -9.9396336860707066 1.279728 4.3054493168120871
v -10.314229686070709 1.3046219999999999 4.2491153168120874
v -9.8988406860707077 1.675864 4.2669093168120824
v -10.290323686070709 1.701881 4.2080353168120865
v -9.8638226860707086 2.0718670000000001 4.2226343168120835
v -10.259284686070709 2.098147 4.1631623168120839
v -9.8380886860707086 2.3741810000000001 4.1858133168120872
v -10.233756686070709 2.4004750000000001 4.1263103168120878
v -9.7358836860707072 3.5085229999999998 4.0074633168120855
v -10.131551686070708 3.5348169999999999 3.947960316812086
v -9.6282746860707071 4.6355019999999998 3.7899223168120812
v -10.023941686070707 4.6617959999999998 3.7304183168120844
v -9.5153916860707071 5.7537459999999996 3.5334543168120831
v -9.9110596860707076 5.7800399999999996 3.4739513168120837
v -9.3973716860707075 6.861891 3.2383743168120844
v -9.7930396860707081 6.888185 3.178871316812085
v -9.3073756860707082 7.8156660000000002 2.9511783168120829
v -9.6707606860707074 7.8398149999999998 2.8965293168120851
v -9.3105576860707089 8.7664559999999998 2.6208753168120822
v -9.4479696860707083 8.7755869999999998 2.6002103168120811
v -9.3453676860707091 9.0583869999999997 2.5121353168120848
v -11.081216162234728 0.101396 12.401764363060536
v -11.131749162234728 0.10759299999999999 12.315695363060534
v -11.139915162234727 0.51093100000000002 12.26395336306053
v -11.014941162234727 0.49560500000000002 12.476814363060534
v -11.133788162234728 0.91239800000000004 12.240422363060532
v -10.966331162234727 0.89186200000000004 12.525643363060531
v -11.118501162234727 1.3126139999999999 12.236361363060531
v -10.930252162234728 1.289528 12.556996363060534
v -11.098394162234728 1.712102 12.24437436306053
v -10.902364162234727 1.688062 12.578262363060531
v -11.076899162234728 2.1112739999999999 12.258622363060532
v -10.879239162234729 2.0870340000000001 12.595285363060533
v -11.063655162234728 2.360446 12.26872636306053
v -10.865941162234728 2.3361999999999998 12.605479363060532
v -10.999233162234727 5.3541230000000004 12.446450363060535
v -10.801519162234728 5.3298759999999996 12.783204363060534
v -10.990789162234728 6.8503930000000004 12.549226363060534
v -10.793075162234729 6.8261459999999996 12.885980363060533
v -10.987043162234729 7.8465220000000002 12.638710363060532
v -10.806694162234727 7.8244049999999996 12.945890363060528
v -10.941773162234728 8.8356739999999991 12.823080363060534
v -10.882970162234727 8.8284629999999993 12.923236363060532
v -10.916902162234727 9.0809080000000009 12.893734363060531
v -11.027053162234727 0.054454000000000002 12.276311363060529
v -11.012097162234728 0.05262 12.375170363060533
v -10.869832162234728 0.42907800000000001 12.440251363060533
v -10.908329162234727 0.43379899999999999 12.185770363060534
v -10.728469162234727 0.80480099999999999 12.474884363060532
v -10.781468162234727 0.81130100000000005 12.124534363060533
v -10.586753162234729 1.1795990000000001 12.487450363060532
v -10.647752162234728 1.1870799999999999 12.084227363060535
v -10.443594162234728 1.553302 12.485241363060531
v -10.508292162234728 1.5612360000000001 12.057556363060534
v -10.298085162234727 1.9257610000000001 12.474338363060532
v -10.364026162234728 1.933848 12.03844636306053
v -10.149536162234728 2.2968540000000002 12.45941236306053
v -10.215671162234727 2.3049650000000002 12.022226363060533
v -10.096045162234727 2.4292500000000001 12.453781363060529
v -10.162183162234728 2.4373610000000001 12.016585363060528
v -9.5056041622347287 3.7553930000000002 12.389063363060529
v -9.5717411622347282 3.7635040000000002 11.951868363060534
v -8.8693561622347268 5.0597940000000001 12.317013363060532
v -8.935493162234728 5.0679040000000004 11.879818363060537
v -8.188091162234727 6.3408319999999998 12.237719363060535
v -8.2542281622347282 6.3489420000000001 11.800523363060535
v -7.8363621622347281 6.9752099999999997 12.196280363060531
v -7.9025001622347277 6.98332 11.759084363060531
v -7.3334861622347276 7.836525 12.122583363060528
v -7.3956021622347281 7.8441419999999997 11.711974363060534
v -6.8221981622347281 8.6867380000000001 11.965790363060535
v -6.8561581622347276 8.6909030000000005 11.74129836306053
v -6.5479891622347282 9.1456440000000008 11.81796836306053
v -11.098464162234729 0.0027620000000000001 12.400245363060534
v -11.142413162234728 0.0081519999999999995 12.310581363060535
v -11.224341162234728 0.40594400000000003 12.294037363060532
v -11.116862162234728 0.39276299999999997 12.513316363060532
v -11.294757162234728 0.80153600000000003 12.307328363060535
v -11.151811162234727 0.78400599999999998 12.598967363060531
v -11.358328162234727 1.195481 12.340923363060533
v -11.198640162234728 1.1758980000000001 12.666721363060532
v -11.418965162234729 1.5882400000000001 12.386835363060534
v -11.253429162234728 1.5679399999999999 12.724559363060536
v -11.479702162234728 1.980165 12.43886236306053
v -11.313142162234728 1.9597389999999999 12.778680363060531
v -11.507227162234727 2.1558109999999999 12.462892363060533
v -11.340650162234729 2.1353819999999999 12.802739363060532
v -11.915690162234728 4.2714169999999996 12.790268363060534
v -11.749114162234727 4.2509880000000004 13.13011636306053
v -12.397742162234728 6.3657579999999996 13.152435363060533
v -12.231166162234729 6.3453299999999997 13.492284363060534
v -12.626266162234728 7.3207839999999997 13.342271363060533
v -12.475783162234729 7.3023300000000004 13.649289363060532
v -12.821828162234729 8.2646320000000006 13.63778536306053
v -12.783985162234728 8.2599920000000004 13.714994363060534
v -12.848587162234727 8.4327079999999999 13.709022363060534
v -8.2053542994317237 0.100109 14.788790852070136
v -8.2956668192273888 0.10242999999999999 14.745916091334273
v -8.3657201783831141 0.50401600000000002 14.726178912584537
v -8.1290153172220236 0.49793399999999999 14.838553723964623
v -8.4100169821599877 0.90485599999999999 14.720806340095194
v -8.080091791467531 0.89637900000000004 14.877437741629329
v -8.4355352681491631 1.3051189999999999 14.726485602914849
v -8.051605284833693 1.2952539999999999 14.908756592642746
v -8.448418459898658 1.7049540000000001 14.740299258308909
v -8.037411739748487 1.694394 14.935424170371405
v -8.4538919875072711 2.1044860000000001 14.759766287679554
v -8.0322871596239018 2.0936530000000002 14.959923209526984
v -8.4561326360214828 2.5038119999999999 14.782904033296525
v -8.0320555589002378 2.4929160000000001 14.984234534585582
v -8.4574182479214777 2.8040310000000002 14.801700024652213
v -8.0332171010495639 2.7931309999999998 15.003089878253498
v -8.5062000290562665 5.4929620000000003 15.049980047203995
v -8.0819988821843491 5.482062 15.251369900805287
v -8.5927238494690599 8.1724730000000001 15.37724980453909
v -8.1685221857134422 8.1615730000000006 15.578638341769917
v -8.6191609372198119 9.1627510000000001 15.514332869679386
v -8.2164915909734635 9.1524049999999999 15.705499585512825
v -8.5861608711415158 10.149667000000001 15.692861786731584
v -8.3342180300631483 10.143193 15.812472603158696
v -8.4924104512098264 10.83853 15.857993159095017
v -8.2719213948432593 0.060498999999999997 14.665521264200819
v -8.1732088164160146 0.057522999999999998 14.681237905580105
v -8.0713174663909548 0.44428099999999998 14.60406432598792
v -8.3219253303389742 0.45183699999999999 14.564161334603654
v -7.9990668299660346 0.83078399999999997 14.517300891637987
v -8.3408434332236396 0.84108899999999998 14.462881747261264
v -7.9475212471867032 1.2167030000000001 14.42238769633861
v -8.3376224522901232 1.2284660000000001 14.360274518140578
v -7.908979176585385 1.601747 14.32056664065874
v -8.3199717510793452 1.6141399999999999 14.255127340847181
v -7.8771251356611618 1.9856659999999999 14.212858235147387
v -8.2942141172818697 1.9982420000000001 14.146447982636182
v -7.8447768196173815 2.3999540000000001 14.09021291214593
v -8.2625053903289718 2.4125489999999998 14.023701933298426
v -7.7597486831725799 3.4229440000000002 13.749914835714804
v -8.177476337257076 3.4355389999999999 13.683403457123916
v -7.6697288038836966 4.433681 13.375951579031991
v -8.0874564579681962 4.4462760000000001 13.309440200441095
v -7.5748193094384035 5.4310340000000004 12.968741878214175
v -7.9925469635229049 5.4436289999999996 12.902230499623279
v -7.4751251183964094 6.413888 12.528740597082539
v -7.8928527724809072 6.4264830000000002 12.462229218491643
v -7.424102440967923 6.9014829999999998 12.300633681698478
v -7.841831411422902 6.9140779999999999 12.234121786223888
v -7.3402920723605707 7.7898930000000002 11.849061122466964
v -7.7290253650809717 7.8016139999999998 11.787165247541772
v -7.3396111355946214 8.666309 11.356655644913026
v -7.5253799013324283 8.6719109999999997 11.327077461918584
v -7.3875212863691999 9.0446519999999992 11.130518717281213
v -8.207216422949303 0.00012 14.78969675107404
v -8.2983975519723341 0.0024949999999999998 14.748705221606528
v -8.425384004536097 0.374691 14.857194263810207
v -8.1880235073949628 0.368508 14.963900372828938
v -8.5265782629064581 0.74487000000000003 14.980760037877587
v -8.197283665496002 0.73629199999999995 15.128795877934266
v -8.6092787580852725 1.1131949999999999 15.1161105830083
v -8.2276924291089379 1.1032550000000001 15.287654048122441
v -8.6798842674986361 1.479806 15.260355813312394
v -8.2728409174142961 1.4692019999999999 15.443343107868913
v -8.7437938225179632 1.8448150000000001 15.411054416591355
v -8.327321711761158 1.833966 15.598281074446945
v -8.8052646092659597 2.2083080000000002 15.566279526395093
v -8.3868684392605246 2.1974089999999999 15.754373352635575
v -8.8418872322480677 2.4248020000000001 15.660211565289771
v -8.4234323424547295 2.4139010000000001 15.848329967667219
v -9.1365686969927964 3.9904160000000002 16.406427747655776
v -8.7181128905723657 3.9795159999999998 16.594545750289839
v -9.4559483374181212 5.5246510000000004 17.205767968150028
v -9.0374938473681681 5.5137499999999999 17.393885453900396
v -9.7995726327340567 7.0253160000000001 18.057090768103507
v -9.3811186595678109 7.0144149999999996 18.245209570224347
v -9.9912250992678739 7.8666600000000004 18.56262547439033
v -9.5955435010949071 7.8563520000000002 18.740505768701652
v -10.122177333501508 8.694445 19.115134008780714
v -9.885907577440971 8.6882900000000003 19.221350296510479
v -10.141689011308815 9.2165610000000004 19.504859195987223
v -3.7914719926125207 0.0041749999999999999 15.339675065937158
v -3.8152089926125203 0.0068989999999999998 15.242572065937154
v -3.9188149926125204 0.39837600000000001 15.201049065937156
v -3.8591979926125202 0.39153300000000002 15.444934065937154
v -4.0186919926125206 0.78810800000000003 15.190631065937154
v -3.9379759926125208 0.77884299999999995 15.520827065937155
v -4.1170889926125209 1.1763189999999999 15.202082065937155
v -4.0255419926125207 1.16581 15.576586065937157
v -4.2159299926125202 1.5631930000000001 15.227500065937157
v -4.1199569926125204 1.552176 15.620107065937155
v -4.316763992612521 1.9488730000000001 15.260497065937159
v -4.2196509926125207 1.9377260000000001 15.657769065937153
v -4.4084849926125207 2.289714 15.292308065937156
v -4.3112919926125208 2.2785570000000002 15.689909065937158
v -4.7973259926125209 3.5709870000000001 15.423312065937154
v -4.7001319926125209 3.5598299999999998 15.820914065937153
v -5.2265539926125202 4.8382849999999999 15.563796065937154
v -5.1293609926125203 4.8271290000000002 15.961398065937153
v -5.6957149926125208 6.0902690000000002 15.713614065937158
v -5.5985219926125209 6.0791120000000003 16.111215065937159
v -5.9401869926125208 6.7121829999999996 15.790825065937156
v -5.8429939926125209 6.7010249999999996 16.188426065937158
v -6.3215719926125207 7.6268159999999998 15.925874065937151
v -6.2318259926125208 7.6165139999999996 16.293010065937153
v -6.7020699926125209 8.5288850000000007 16.157283065937158
v -6.6644549926125203 8.5245669999999993 16.311160065937159
v -6.8300209926125204 8.8461759999999998 16.279061065937157
v -3.7009019926125206 0.054171999999999998 15.226954065937157
v -3.6963809926125206 0.053652999999999999 15.326849065937154
v -3.5780449926125204 0.43640099999999998 15.401195065937159
v -3.5895849926125205 0.437726 15.146197065937159
v -3.4586899926125207 0.81857899999999995 15.444904065937152
v -3.4744859926125207 0.82039200000000001 15.095852065937152
v -3.3379229926125205 1.2001269999999999 15.466795065937156
v -3.3560099926125204 1.2022029999999999 15.067099065937157
v -3.2153999926125207 1.5809880000000001 15.474503065937157
v -3.2345059926125206 1.5831820000000001 15.052306065937159
v -3.0908439926125206 1.961117 15.474325065937151
v -3.1102639926125204 1.963346 15.045175065937158
v -2.9640429926125207 2.3404729999999998 15.470991065937156
v -2.9835029926125207 2.3427060000000002 15.040975065937154
v -2.9401359926125203 2.4117320000000002 15.470280065937153
v -2.9595949926125207 2.4139659999999998 15.040263065937154
v -2.0624329926125204 4.7258880000000003 15.442582065937152
v -2.0818929926125205 4.7281219999999999 15.012565065937153
v -1.0956239926125206 7.0042010000000001 15.410667065937155
v -1.1150839926125204 7.0064349999999997 14.980648065937153
v -0.69128199261252055 7.9184979999999996 15.382909065937156
v -0.70945799261252052 7.9205839999999998 14.981249065937156
v -0.27650799261252057 8.826765 15.269400065937155
v -0.28570199261252049 8.8278210000000001 15.066244065937155
v -0.078676992612520535 9.2571279999999998 15.160895065937154
v -3.7646049926125205 0.101747 15.346685065937152
v -3.8107689926125206 0.107046 15.258137065937156
v -3.8212389926125203 0.51020100000000002 15.200487065937153
v -3.7037549926125206 0.49671500000000002 15.425834065937153
v -3.8194999926125206 0.91181999999999996 15.171016065937152
v -3.6590129926125203 0.89339800000000003 15.478845065937158
v -3.8096849926125209 1.312365 15.161793065937154
v -3.6262439926125207 1.2913079999999999 15.513651065937154
v -3.7953659926125205 1.712235 15.165971065937157
v -3.6018799926125205 1.6900250000000001 15.537097065937154
v -3.7794789926125203 2.1117539999999999 15.177919065937154
v -3.5829849926125203 2.0891989999999998 15.554816065937153
v -3.7642099926125203 2.511161 15.193444065937157
v -3.5673749926125207 2.4885670000000002 15.570994065937157
v -3.7622479926125205 2.5627659999999999 15.195508065937155
v -3.5654119926125207 2.540171 15.573059065937159
v -3.7425109926125204 5.0105829999999996 15.331710065937159
v -3.5456749926125206 4.9879879999999996 15.709260065937158
v -3.7961469926125204 7.455476 15.505988065937153
v -3.5993119926125203 7.4328810000000001 15.883539065937157
v -3.8235479926125207 8.4511260000000004 15.596197065937154
v -3.6400699926125206 8.4300650000000008 15.948127065937157
v -3.8230729926125209 9.4411760000000005 15.769564065937153
v -3.7330939926125204 9.4308479999999992 15.942153065937156
v -3.8014719926125204 9.8853919999999995 15.894945065937151
v 1.1812752824528221 0.100107 11.566711126536894
v 1.125440282452822 0.100562 11.483752126536892
v 1.0666762824528222 0.50047399999999997 11.430199126536891
v 1.2107952824528221 0.49929899999999999 11.644331126536898
v 1.0242122824528221 0.90021799999999996 11.401970126536895
v 1.2229912824528222 0.89859800000000001 11.69731612653689
v 0.99337928245282203 1.2998339999999999 11.392127126536892
v 1.2225322824528222 1.297966 11.732603126536894
v 0.97010628245282216 1.699352 11.39462112653689
v 1.2134892824528221 1.6973670000000001 11.756241126536892
v 0.9509892824528221 2.0987990000000001 11.404396126536895
v 1.199268282452822 2.0967750000000001 11.773289126536895
v 0.93339528245282211 2.4981960000000001 11.417538126536897
v 1.1824992824528222 2.4961660000000001 11.787658126536897
v 0.92619628245282204 2.6633770000000001 11.423278126536893
v 1.1753102824528221 2.661346 11.793412126536893
v 0.61894228245282212 7.779655 11.658142126536895
v 0.86805628245282218 7.7776249999999996 12.028276126536895
v 0.56324228245282215 8.7764530000000001 11.717026126536894
v 0.79760128245282214 8.7745429999999995 12.065239126536895
v 0.54861128245282209 9.7725770000000001 11.843822126536892
v 0.67969228245282209 9.7715080000000007 12.038583126536892
v 0.57565928245282216 10.335423 11.970200126536895
v 1.1975152824528221 0.059974 11.426666126536894
v 1.265155282452822 0.059422000000000003 11.500317126536892
v 1.3676712824528221 0.45333600000000002 11.512821126536892
v 1.1967062824528221 0.45472899999999999 11.326661126536891
v 1.4507112824528221 0.847082 11.501230126536896
v 1.2182472824528221 0.84897800000000001 11.248106126536896
v 1.5205252824528221 1.240602 11.472355126536897
v 1.2558852824528222 1.2427600000000001 11.184194126536894
v 1.582484282452822 1.633842 11.432044126536894
v 1.304246282452822 1.63611 11.129078126536896
v 1.6409662824528222 2.0267550000000001 11.385067126536896
v 1.358951282452822 2.0290539999999999 11.077989126536892
v 1.6992002824528221 2.4195660000000001 11.33486812653689
v 1.4168462824528221 2.4218679999999999 11.027420126536896
v 2.2546662824528223 5.5335229999999997 10.848052126536892
v 1.9723122824528221 5.535825 10.540604126536891
v 2.5550422824528223 7.0828800000000003 10.583793126536897
v 2.2726872824528224 7.0851819999999996 10.276345126536896
v 2.7413532824528222 8.0480350000000005 10.399423126536895
v 2.4794162824528221 8.0501699999999996 10.114207126536897
v 2.875184282452822 9.0103709999999992 10.140269126536893
v 2.7561752824528218 9.0113409999999998 10.01068312653689
v 2.8992552824528222 9.3952639999999992 10.001600126536893
v 1.1964282824528221 -2.0000000000000002E-05 11.567983126536895
v 1.123354282452822 0.00057600000000000001 11.499720126536893
v 0.96484628245282211 0.37138700000000002 11.558453126536889
v 1.151834282452822 0.369863 11.733130126536892
v 0.82368728245282208 0.739008 11.643210126536893
v 1.0800722824528222 0.73691799999999996 11.882714126536897
v 0.69354028245282207 1.1033520000000001 11.747988126536896
v 0.98755828245282218 1.1009549999999999 12.022646126536891
v 0.56892228245282206 1.464326 11.867579126536896
v 0.87986028245282211 1.4617910000000001 12.158044126536893
v 0.44530128245282208 1.821831 11.997662126536895
v 0.76159828245282213 1.8192520000000001 12.293134126536891
v 0.31926228245282207 2.1757599999999999 12.134953126536892
v 0.63627828245282214 2.1731760000000002 12.431095126536896
v 0.28930128245282205 2.259188 12.167753126536894
v 0.60631828245282215 2.2566030000000001 12.463897126536892
v 0.048589282452822014 2.8762979999999998 12.430816126536897
v 0.36560728245282215 2.873713 12.726960126536895
v -0.20662571754717796 3.4806849999999998 12.709295126536894
v 0.11039128245282215 3.4781010000000001 13.005439126536892
v -0.476039717547178 4.0716229999999998 13.002854126536896
v -0.15902171754717798 4.0690390000000001 13.298998126536894
v -0.75932671754717807 4.6484040000000002 13.311142126536893
v -0.44230971754717796 4.6458199999999996 13.607286126536891
v -1.0561487175471778 5.2103339999999996 13.633789126536897
v -0.73913071754717774 5.2077489999999997 13.929933126536895
v -1.3661477175471777 5.7567380000000004 13.970406126536894
v -1.0491307175471778 5.7541539999999998 14.266550126536892
v -1.6889527175471779 6.2869619999999999 14.320592126536894
v -1.3719347175471779 6.2843780000000002 14.616735126536895
v -2.0204787175471779 6.8003369999999999 14.68737612653689
v -1.7108547175471778 6.7978129999999997 14.97661312653689
v -2.3418377175471781 7.2960969999999996 15.08759212653689
v -2.0839727175471783 7.2939949999999998 15.328480126536896
v -2.6304317175471779 7.7734670000000001 15.541510126536892
v -2.513051717547178 7.7725090000000003 15.651162126536896
v -2.7539797175471783 8.0073430000000005 15.79346412653689
v 9.0192160774093004 0.106722 12.81113816656103
v 9.1179230774092996 0.090694999999999998 12.811127166561029
v 9.2544650774093 0.47282299999999999 12.783888166561027
v 9.0105910774093001 0.51242100000000002 12.783914166561026
v 9.3596870774092995 0.85955099999999995 12.750364166561027
v 9.0331270774093007 0.91257500000000003 12.750399166561024
v 9.4436450774093004 1.2491460000000001 12.710560166561024
v 9.0767430774093008 1.3087200000000001 12.710600166561029
v 9.5148270774093007 1.6401289999999999 12.664487166561031
v 9.1329160774093001 1.7021409999999999 12.664529166561024
v 9.5799270774092999 2.0313150000000002 12.612155166561024
v 9.1949210774092993 2.0938289999999999 12.612197166561032
v 9.6185880774092993 2.2691279999999998 12.578006166561025
v 9.2334850774093002 2.331658 12.578048166561025
v 9.7601630774093007 3.1411579999999999 12.42073516656103
v 9.3750610774093008 3.2036880000000001 12.420776166561026
v 9.9007560774092997 4.0071519999999996 12.23231516656103
v 9.5156530774093007 4.0696820000000002 12.232356166561026
v 10.0401890774093 4.8660269999999999 12.012984166561026
v 9.6550860774092993 4.9285569999999996 12.013025166561029
v 10.1782890774093 5.7167079999999997 11.763014166561028
v 9.7931860774093007 5.7792380000000003 11.763056166561029
v 10.3148810774093 6.5581310000000004 11.482721166561028
v 9.9297790774093002 6.6206610000000001 11.482763166561028
v 10.4374740774093 7.3912430000000002 11.172455166561029
v 10.077016077409301 7.4497710000000001 11.17249416656103
v 10.4842800774093 8.2250099999999993 10.83261116656103
v 10.2963490774093 8.2555250000000004 10.832631166561029
v 10.4563560774093 8.6471169999999997 10.655377166561024
v 9.1199640774092998 0.049839000000000001 12.900769166561027
v 9.0230400774093003 0.065576999999999996 12.919690166561026
v 9.0298980774092996 0.46070499999999998 13.015948166561031
v 9.2697850774093009 0.42175400000000002 12.969119166561029
v 9.0677960774092998 0.85019199999999995 13.108903166561028
v 9.3893940774092997 0.79797300000000004 13.046125166561026
v 9.1269160774092999 1.235611 13.200468166561024
v 9.4886010774092995 1.176884 13.129864166561028
v 9.1989500774093003 1.6182939999999999 13.292259166561024
v 9.5757050774092995 1.5571200000000001 13.218713166561031
v 9.2773260774093007 1.999288 13.385553166561024
v 9.6572720774092993 1.937595 13.311385166561024
v 9.3283480774093004 2.241393 13.445839166561029
v 9.7084020774092998 2.1796829999999998 13.371649166561028
v 9.6980190774093007 3.9401169999999999 13.926587166561028
v 10.0780730774093 3.8784070000000002 13.852397166561026
v 10.0752320774093 5.6211549999999999 14.460685166561028
v 10.455287077409301 5.5594450000000002 14.386496166561031
v 10.2656540774093 6.4569409999999996 14.740975166561029
v 10.6457100774093 6.3952299999999997 14.666785166561027
v 10.495549077409301 7.3748909999999999 15.064715166561029
v 10.8424450774093 7.3185640000000003 14.996998166561028
v 10.8270270774093 8.2703220000000002 15.385125166561025
v 10.9418090774093 8.2516839999999991 15.362719166561028
v 10.939412077409299 8.4934100000000008 15.462327166561025
v 8.9903250774092989 0.010103000000000001 12.829097166561027
v 9.0841690774092996 -0.0051339999999999997 12.798094166561029
v 9.1615310774093004 0.35261700000000001 12.621019166561027
v 8.9307030774092997 0.39009700000000003 12.697276166561025
v 9.2073550774093 0.71340899999999996 12.449474166561032
v 8.8991800774092997 0.76344800000000002 12.55128516656103
v 9.2313870774093001 1.0756019999999999 12.28026516656103
v 8.8860070774092996 1.1316820000000001 12.394367166561025
v 9.2418290774092995 1.4378070000000001 12.110707166561028
v 8.8829800774093002 1.4960739999999999 12.229258166561024
v 9.2451130774093002 1.798923 11.938700166561027
v 8.8836680774093004 1.857612 12.058110166561029
v 9.2457140774092998 1.992567 11.845240166561027
v 8.8842080774093013 2.0512649999999999 11.964669166561023
v 9.2354450774093007 2.9738519999999999 11.331866166561028
v 8.8739400774093014 3.0325500000000001 11.451294166561027
v 9.2119850774093006 3.9378169999999999 10.787074166561027
v 8.8504790774093003 3.996515 10.906503166561023
v 9.1753610774093008 4.8833149999999996 10.211513166561026
v 8.8138560774092998 4.9420130000000002 10.33094216656103
v 9.1256180774092996 5.8092189999999997 9.6058691665610283
v 8.7641120774093011 5.8679180000000004 9.725298166561025
v 9.0534200774092994 6.6311140000000002 9.0405451665610315
v 8.7251780774093 6.6844109999999999 9.148985166561026
v 8.8708310774092993 7.4515849999999997 8.4847751665610289
v 8.7754420774093003 7.4670730000000001 8.5162891665610303
v 8.8084220774093005 7.6308449999999999 8.3716941665610278
v 11.567857381074171 0.097356999999999999 10.87955496826477
v 11.46845338107417 0.102857 10.870156968264773
v 11.40932538107417 0.50600599999999996 10.88677096826477
v 11.666556381074171 0.49177599999999999 10.911089968264776
v 11.379709381074171 0.90731399999999995 10.909435968264773
v 11.73511238107417 0.887652 10.943035968264773
v 11.371393381074171 1.3072060000000001 10.937374968264777
v 11.781732381074171 1.284505 10.976168968264773
v 11.37720738107417 1.706053 10.969907968264778
v 11.81358438107417 1.6819120000000001 11.011161968264773
v 11.39113938107417 2.1041629999999998 11.006462968264771
v 11.836680381074171 2.0795149999999998 11.048583968264772
v 11.40851138107417 2.5017659999999999 11.046595968264775
v 11.855692381074171 2.4770270000000001 11.088872968264774
v 11.416924381074171 2.6873830000000001 11.066078968264776
v 11.864132381074171 2.662642 11.108357968264777
v 11.488671381074171 4.3937030000000004 11.305666968264774
v 11.935879381074171 4.3689619999999998 11.347944968264777
v 11.554291381074171 6.0908620000000004 11.604693968264776
v 12.001500381074171 6.066122 11.646973968264774
v 11.613705381074171 7.7767770000000001 11.962796968264776
v 12.06091438107417 7.7520360000000004 12.005075968264777
v 11.658968381074171 8.7493269999999992 12.191417968264773
v 12.08034138107417 8.7260159999999996 12.231253968264774
v 11.77961638107417 9.7128540000000001 12.447018968264771
v 12.020144381074171 9.6995480000000001 12.46975896826477
v 11.91688338107417 10.272821 12.610105968264776
v 11.488142381074171 0.061705999999999997 10.762300968264775
v 11.583317381074171 0.056440999999999998 10.792531968264775
v 11.69651438107417 0.445023 10.750620968264776
v 11.459325381074171 0.45814500000000002 10.675283968264772
v 11.780303381074171 0.83495299999999995 10.697693968264772
v 11.46085238107417 0.852626 10.596228968264775
v 11.84404638107417 1.225708 10.636724968264772
v 11.483359381074171 1.245662 10.522162968264773
v 11.89570638107417 1.6168389999999999 10.570246968264776
v 11.51888338107417 1.637686 10.45055996826477
v 11.941645381074171 2.0079889999999998 10.500278968264773
v 11.56106138107417 2.0290430000000002 10.379395968264774
v 11.975090381074171 2.301644 10.446453968264777
v 11.59431938107417 2.3227090000000001 10.325510968264773
v 12.342785381074171 5.2789279999999996 9.8073779682647739
v 11.962014381074171 5.2999929999999997 9.686436968264772
v 12.533361381074171 6.7617849999999997 9.4656509682647751
v 12.15258938107417 6.7828499999999998 9.3447079682647711
v 12.644832381074171 7.7269690000000004 9.2284529682647758
v 12.29533938107417 7.7463040000000003 9.117445968264775
v 12.665299381074171 8.6946589999999997 8.952067968264771
v 12.53475538107417 8.7018810000000002 8.9106049682647779
v 12.639318381074171 8.9869109999999992 8.8579079682647759
v 11.55544338107417 -0.0021090000000000002 10.884594968264778
v 11.457896381074171 0.0032880000000000001 10.863254968264776
v 11.36971838107417 0.37896999999999997 10.994468968264776
v 11.620004381074171 0.36512299999999998 11.049220968264777
v 11.310329381074171 0.75161500000000003 11.135558968264775
v 11.654133381074171 0.73259399999999997 11.210769968264771
v 11.27132838107417 1.1216550000000001 11.284675968264779
v 11.666236381074171 1.099807 11.371062968264773
v 11.245422381074171 1.4894609999999999 11.440205968264777
v 11.66360738107417 1.466326 11.531686968264772
v 11.226550381074171 1.8553360000000001 11.600812968264776
v 11.65230738107417 1.831782 11.693949968264775
v 11.210103381074171 2.2195019999999999 11.765470968264772
v 11.63695238107417 2.1958880000000001 11.858848968264773
v 11.205414381074171 2.3250839999999999 11.813589968264772
v 11.63226938107417 2.3014700000000001 11.906966968264776
v 11.13691238107417 3.611507 12.452063968264774
v 11.56376738107417 3.5878930000000002 12.545442968264773
v 11.057993381074171 4.8756240000000002 13.132511968264772
v 11.484848381074171 4.8520089999999998 13.225889968264774
v 10.968750381074171 6.1159850000000002 13.854153968264775
v 11.395605381074171 6.092371 13.947531968264776
v 10.921565381074171 6.7299600000000002 14.225118968264773
v 11.34842038107417 6.7063459999999999 14.31849596826477
v 10.86440138107417 7.5708599999999997 14.763455968264772
v 11.26445938107417 7.5487279999999997 14.850970968264775
v 10.882740381074171 8.3944340000000004 15.338465968264771
v 11.09522138107417 8.3826789999999995 15.384947968264775
v 10.94874538107417 8.8127759999999995 15.652916968264776
v 12.198846880342275 -0.0070080000000000003 6.1665803947087454
v 12.124517652200103 0.0041180000000000001 6.1006153981288236
v 11.975687303746069 0.36836000000000002 6.208299352574457
v 12.169115275032171 0.33940599999999999 6.3799637853994966
v 11.846543818447257 0.72755300000000001 6.3380621801595396
v 12.114829659997879 0.68739300000000003 6.5761621905952268
v 11.731133578588361 1.0825549999999999 6.4845975792435553
v 12.041962201636837 1.036027 6.7604538772010017
v 11.624239009230982 1.4341170000000001 6.6432523531014454
v 11.955747912164425 1.3844939999999999 6.9374623444441426
v 11.521457151466761 1.7828660000000001 6.8100953754504161
v 11.860607183420461 1.7320990000000001 7.1110854155610639
v 11.419324324222101 2.1292900000000001 6.9820267162234444
v 11.760024183601592 2.0782910000000001 7.2843924873943706
v 11.358677799838985 2.3329270000000002 7.0846636718351874
v 11.699420973602491 2.2819210000000001 7.3870690518957502
v 10.938102862926085 3.6049350000000002 7.7731055237142783
v 11.278847423773341 3.5539299999999998 8.0755111794534002
v 10.484499128547752 4.8473980000000001 8.4937795090627333
v 10.825243689395007 4.796392 8.7961851648018552
v 9.9984678518050369 6.0586710000000004 9.2457316502584774
v 10.3392124126523 6.0076650000000003 9.5481373059975994
v 9.7474655442464861 6.6562080000000003 9.6293422609567187
v 10.08820954939115 6.6052020000000002 9.931747085314683
v 9.409577606607014 7.4335319999999996 10.160148377559338
v 9.7317175786044938 7.3853109999999997 10.446042495098439
v 9.1137920737390896 8.1873640000000005 10.753380234825983
v 9.3057038137062218 8.1586359999999996 10.923699404633098
v 8.9747533211527379 8.6523400000000006 11.184176858610613
v 12.175635253100003 0.067474999999999993 6.0357195522815061
v 12.265462648947137 0.057578999999999998 6.0785334684808277
v 12.398561961150255 0.44373800000000002 6.0817658812109698
v 12.160102862127703 0.47000700000000001 5.9681108392358908
v 12.507979578525697 0.83199199999999995 6.0678533049621279
v 12.17266542924302 0.86892999999999998 5.9080360459572461
v 12.600172890246538 1.221557 6.0398865147289769
v 12.206844225041396 1.264886 5.8524174586345339
v 12.680870543146868 1.611731 6.0006074250707684
v 12.256888711100084 1.6584380000000001 5.7985289980597372
v 12.755003625855066 2.0019010000000002 5.9523817153696257
v 12.317842857356004 2.0500590000000001 5.7440216559285062
v 12.826609089524675 2.3915500000000001 5.8971479137744041
v 12.38564643832869 2.4401269999999999 5.6869760693132321
v 12.903309134786388 2.8046129999999998 5.8321940552142593
v 12.46196268673023 2.8532320000000002 5.6218385127124861
v 13.102207853812656 3.7947109999999999 5.643723902007693
v 12.660861405756494 3.8433299999999999 5.4333683595059057
v 13.314886727883822 4.7755010000000002 5.4241913802510737
v 12.873540835530262 4.8241199999999997 5.2138366691304583
v 13.541095344229836 5.7458289999999996 5.1738552822251904
v 13.099748620495111 5.794448 4.9635011268071736
v 13.780566137173162 6.704555 4.8930099217221255
v 13.339219689117 6.7531730000000003 4.6826543792203523
v 14.033018825058621 7.6505489999999998 4.5819845739972038
v 13.591672932705054 7.6991690000000004 4.3716298628765884
v 14.162435669591352 8.1201539999999994 4.41899401901874
v 13.721088945856637 8.1687740000000009 4.2086398636007161
v 14.416478529950963 9.0218480000000003 4.0689496693524205
v 13.994704842582459 9.0683109999999996 3.8679236215885027
v 14.623381290573876 9.9153800000000007 3.6632327512720764
v 14.33862441479487 9.9467499999999998 3.5275117708984425
v 14.715944653082117 10.651532 3.2689614859810661
v 12.244623197993869 0.091231000000000007 6.1612278336151292
v 12.145612599966247 0.098738999999999993 6.149369790133477
v 12.095095052495255 0.499116 6.2005782302045844
v 12.340649579178075 0.48049599999999998 6.2299867782744656
v 12.075656855873882 0.89696299999999995 6.2566450004175209
v 12.405306147201079 0.87196600000000002 6.2961251277283736
v 12.077356616771914 1.2930299999999999 6.3163786593535747
v 12.448531241201534 1.2648839999999999 6.3608315535735045
v 12.091770543759877 1.6879519999999999 6.3787689877529772
v 12.478746709822582 1.6586080000000001 6.4251151680099241
v 12.112216857470672 2.0822319999999999 6.4430150077825488
v 12.502638489337114 2.0526279999999999 6.4897741703578617
v 12.126944684989786 2.3463799999999999 6.4867154305787551
v 12.517500295240998 2.3167650000000002 6.533489685947572
v 12.358201854922557 6.7899770000000004 7.3692393908737017
v 12.748757189495199 6.7603619999999998 7.4160150333262749
v 12.424983706168232 7.7669220000000001 7.572719047235708
v 12.782068289530097 7.7398449999999999 7.6154854374655088
v 12.591245097451869 8.7348510000000008 7.7951430367566985
v 12.71403082113506 8.7255389999999995 7.8098482713211439
v 12.665740536488991 8.9920170000000006 7.8588715575512822
v 3.0247880592775878 0.10025000000000001 14.214675838964624
v 2.961654059277588 0.104573 14.137244838964627
v 2.9251350592775878 0.50730699999999995 14.096435838964624
v 3.0792630592775883 0.49675200000000003 14.285467838964621
v 2.9066630592775877 0.90863099999999997 14.082129838964626
v 3.1114110592775877 0.89461000000000002 14.333245838964622
v 2.8994800592775878 1.3089900000000001 14.086036838964624
v 3.1279870592775882 1.293342 14.36629483896462
v 2.8979350592775877 1.7087509999999999 14.101227838964626
v 3.1346460592775882 1.692542 14.39154483896462
v 2.8976520592775876 2.1081949999999998 14.122332838964624
v 3.1357580592775882 2.0918899999999998 14.414362838964621
v 2.8974370592775878 2.2766980000000001 14.131898838964624
v 3.1355620592775875 2.2603909999999998 14.423949838964624
v 2.8318650592775878 4.4374770000000003 14.306005838964623
v 3.0699900592775879 4.42117 14.598057838964621
v 2.7034610592775876 6.5907309999999999 14.53092583896462
v 2.9415850592775876 6.5744239999999996 14.822976838964621
v 2.6425930592775879 7.5807070000000003 14.659703838964624
v 2.8573740592775878 7.5659989999999997 14.923125838964623
v 2.638444059277588 8.5635239999999992 14.885092838964624
v 2.6898220592775877 8.5600050000000003 14.948106838964627
v 2.6492650592775879 8.7285109999999992 14.938033838964621
v 2.995878059277588 0.062135999999999997 14.081947838964624
v 3.0913390592775878 0.055599000000000003 14.11100683896462
v 3.2132000592775878 0.44001899999999999 14.055980838964622
v 2.9741460592775879 0.45638899999999999 13.983210838964624
v 3.3058590592775881 0.82597299999999996 13.989743838964621
v 2.9828450592775879 0.84809199999999996 13.891415838964626
v 3.3785110592775878 1.2128190000000001 13.915095838964625
v 3.012780059277588 1.2378640000000001 13.803764838964625
v 3.4390040592775879 1.600007 13.83442883896462
v 3.0560980592775877 1.626228 13.717869838964624
v 3.493651059277588 1.9870920000000001 13.749670838964626
v 3.1064810592775878 2.0136050000000001 13.63181283896462
v 3.5380170592775881 2.3097259999999999 13.676983838964624
v 3.1505800592775879 2.3362569999999998 13.559044838964624
v 3.8678900592775882 4.5458210000000001 13.096347838964626
v 3.4804540592775881 4.5723520000000004 12.978409838964623
v 4.2179220592775879 6.7590659999999998 12.444348838964622
v 3.8304850592775876 6.785596 12.326409838964622
v 4.3563220592775878 7.703983 12.147311838964619
v 3.999370059277588 7.7284269999999999 12.038652838964623
v 4.4068900592775879 8.6504549999999991 11.809484838964622
v 4.2633270592775876 8.660285 11.765782838964626
v 4.3879850592775878 8.9682150000000007 11.684306838964623
v 3.0461160592775878 -0.0014450000000000001 14.211793838964624
v 2.957699059277588 0.0046100000000000004 14.165471838964621
v 2.8366710592775877 0.38025100000000001 14.269769838964621
v 3.0691050592775877 0.36433500000000002 14.391539838964626
v 2.7389790592775878 0.75196499999999999 14.392260838964624
v 3.0636220592775878 0.72973399999999999 14.562338838964621
v 2.6579100592775879 1.120136 14.529393838964623
v 3.0363990592775876 1.0942179999999999 14.727679838964626
v 2.587547059277588 1.485096 14.678028838964622
v 2.9933750592775876 1.457306 14.890638838964627
v 2.5228430592775877 1.847116 14.835485838964622
v 2.9396220592775877 1.818576 15.053832838964624
v 2.4597420592775876 2.2064029999999999 14.999602838964627
v 2.879218059277588 2.1776779999999998 15.219361838964623
v 2.4071690592775878 2.5001479999999998 15.138150838964627
v 2.8268080592775879 2.4714119999999999 15.357995838964619
v 2.2335140592775877 3.3699020000000002 15.583306838964624
v 2.6531530592775878 3.3411659999999999 15.803151838964624
v 2.0447510592775879 4.2223269999999999 16.055037838964623
v 2.464390059277588 4.1935909999999996 16.27488383896462
v 1.841115059277588 5.0563560000000001 16.552751838964625
v 2.2607550592775878 5.0276199999999998 16.772597838964622
v 1.6228630592775879 5.8709429999999996 17.075824838964621
v 2.042502059277588 5.842206 17.295670838964625
v 1.3902670592775879 6.6650660000000004 17.623602838964615
v 1.8099070592775877 6.6363300000000001 17.843446838964624
v 1.2704380592775877 7.0568229999999996 17.903537838964624
v 1.6900770592775878 7.0280880000000003 18.123383838964628
v 1.026969059277588 7.8177019999999997 18.492357838964622
v 1.426430059277588 7.7903469999999997 18.701632838964628
v 0.83045305927758784 8.5515319999999999 19.135821838964631
v 1.0886680592775879 8.5338510000000003 19.271098838964633
v 0.75173105927758788 9.0833519999999996 19.670833838964626
v 6.8138214703721118 0.098034999999999997 13.081199869105234
v 6.7147989449631638 0.100768 13.067515513306226
v 6.6505450100385701 0.50153199999999998 13.087857915811981
v 6.8917510959927633 0.49487500000000001 13.121194466798244
v 6.6175102171931783 0.901146 13.116122483731232
v 6.9374680195585015 0.89231499999999997 13.160343836520944
v 6.6050082808327844 1.299871 13.150831658199095
v 6.96165866029434 1.290028 13.200123305066782
v 6.6041104660056469 1.697924 13.190747506599649
v 6.9732480561373791 1.687735 13.241765207544859
v 6.6079355200860377 2.0954609999999998 13.234915513191318
v 6.9791179942365709 2.085216 13.286215131411062
v 6.6097347304051119 2.249943 13.252673650149568
v 6.9809371595675849 2.239697 13.303976703117939
v 6.6200118290112613 3.6715520000000001 13.462219515680815
v 6.9912142581737378 3.6613069999999999 13.513522568649186
v 6.6238359484859224 5.0857900000000003 13.716983326513997
v 6.9950388775150003 5.075545 13.768285513379958
v 6.6212027686209112 6.4911909999999997 14.016700495544725
v 6.9924051977833876 6.4809450000000002 14.068003548513097
v 6.6347771009347483 7.4638059999999999 14.249477074751553
v 6.9689155680390371 7.4545839999999997 14.295657134400678
v 6.7564222016457229 8.4279860000000006 14.519148792161857
v 6.8311064707334381 8.4259249999999994 14.52947109572424
v 6.7924319705594556 8.5773150000000005 14.563978457348867
v 6.7362205467030165 0.061755999999999998 12.962228822010985
v 6.8321613904211382 0.058889999999999998 12.990285115986751
v 6.9386724852934698 0.447737 12.934337158364535
v 6.6981571763450596 0.45492300000000002 12.864004169764243
v 7.0165847650529116 0.83640999999999999 12.864968625414164
v 6.691357595434841 0.84612600000000004 12.769865321032988
v 7.0750887086636496 1.2245740000000001 12.784882446363142
v 6.7066209267837067 1.235582 12.677133364852104
v 7.1220395021545784 1.611934 12.696388446410765
v 6.7360818187432514 1.6234649999999999 12.583526092325087
v 7.163763254294107 1.99824 12.601355007972501
v 6.7734021310900054 2.009903 12.487203969677473
v 7.198578496536765 2.3269199999999999 12.516411215464835
v 6.8079293471369304 2.3385910000000001 12.40217707536133
v 7.3286303497060032 3.4422860000000002 12.18562651873409
v 6.9379822000393823 3.4539569999999999 12.071390646425776
v 7.469627555269696 4.5440500000000004 11.816019872516485
v 7.0789802717054791 4.5557210000000001 11.701784500074773
v 7.6213854345289604 5.6307549999999997 11.408079308346011
v 7.2307366513649356 5.6424260000000004 11.293846534211504
v 7.783701209617373 6.7009660000000002 10.962348223993068
v 7.3930525600841435 6.7126359999999998 10.848113217787152
v 7.914699127160528 7.6026429999999996 10.549952976944375
v 7.5544896898032725 7.6134040000000001 10.444619395742684
v 7.9617970492577506 8.4931830000000001 10.084065434467512
v 7.8146648290703382 8.497579 10.041041095823871
v 7.9415137149130146 8.7965180000000007 9.9111101807286914
v 6.7703354838142218 -0.0010870000000000001 13.094039929934027
v 6.6979482654894404 0.001781 13.025107027135718
v 6.5703737924136227 0.38838800000000001 13.056292463406969
v 6.7613816197251566 0.38082199999999999 13.238188314062576
v 6.4614129156464699 0.77312499999999995 13.110093372201653
v 6.7288860491075901 0.76253000000000004 13.364809079307619
v 6.3656813815723048 1.1561729999999999 13.181369012036079
v 6.6782478532879104 1.1437919999999999 13.479027278335302
v 6.27841715903077 1.537687 13.265570982726921
v 6.6142385608919554 1.5243850000000001 13.585374855383257
v 6.1955470252323011 1.917797 13.358805901669463
v 6.5409465886558031 1.904115 13.687730870207666
v 6.1137709389317507 2.296602 13.457915273528869
v 6.461684340858902 2.2828200000000001 13.789234397654653
v 6.0381509246560938 2.6413410000000002 13.551473586820364
v 6.3862534584958155 2.6275520000000001 13.882971143341322
v 5.67365103119689 4.1132939999999998 13.995456507672316
v 6.0217535650366187 4.0995039999999996 14.326954064193266
v 5.2719679378908637 5.5634100000000002 14.477578521462497
v 5.6200709715971939 5.5496210000000001 14.809075211881044
v 4.8336347891565232 6.9897640000000001 14.997195941132631
v 5.181738189098656 6.9759760000000002 15.328693997520176
v 4.6054140370274581 7.6966450000000002 15.266250808064342
v 4.9535160710005819 7.6828560000000001 15.597749230687697
v 4.3104023604005022 8.5805509999999998 15.629304313958109
v 4.6420400495955292 8.5674139999999994 15.945122170391819
v 4.0505780000580245 9.4515170000000008 16.053858589161671
v 4.266959910904518 9.4429459999999992 16.259919777322899
v 3.9076474656000961 10.108706 16.448102730085246
v 12.169220236698598 0.10179199999999999 -4.576806740391639
v 12.153031236698599 0.102538 -4.6754847403916315
v 12.133765236698599 0.50304000000000004 -4.7479287403916359
v 12.175081236698599 0.50113600000000003 -4.4961167403916349
v 12.114994236698598 0.90320599999999995 -4.7894787403916368
v 12.171538236698598 0.90059999999999996 -4.4448577403916332
v 12.095286236698598 1.303051 -4.8088617403916345
v 12.160023236698599 1.3000670000000001 -4.4143077403916351
v 12.073406236698599 1.7025809999999999 -4.813625740391636
v 12.141776236698599 1.69943 -4.3969197403916382
v 12.048334236698599 2.1017929999999998 -4.809997740391637
v 12.117824236698599 2.0985909999999999 -4.3864677403916374
v 12.019306236698599 2.5006710000000001 -4.8026517403916316
v 12.088934236698599 2.4974620000000001 -4.3782787403916359
v 12.013885236698599 2.5732979999999999 -4.8012127403916338
v 12.083513236698598 2.5700889999999998 -4.3768397403916381
v 11.879477236698598 3.8019919999999998 -4.7698687403916367
v 11.949104236698599 3.7987839999999999 -4.3454957403916339
v 11.702836236698598 5.0251340000000004 -4.731638740391638
v 11.772465236698599 5.0219250000000004 -4.3072647403916378
v 11.484182236698599 6.2412330000000003 -4.6865677403916379
v 11.553810236698599 6.2380240000000002 -4.2621937403916377
v 11.223778236698598 7.4488089999999998 -4.6347107403916326
v 11.293407236698599 7.4455999999999998 -4.2103377403916369
v 10.988345236698599 8.4189260000000008 -4.5743367403916366
v 11.053370236698598 8.4159299999999995 -4.1780277403916344
v 10.739792236698598 9.3811889999999991 -4.4254037403916371
v 10.772584236698599 9.3796780000000002 -4.2255467403916356
v 10.625054236698599 9.8340440000000005 -4.3005297403916316
v 12.236592236698598 0.058645000000000003 -4.6991577403916338
v 12.273410236698599 0.056947999999999999 -4.6061977403916359
v 12.385329236698599 0.44584800000000002 -4.5621427403916357
v 12.292872236698599 0.45010899999999998 -4.7955857403916369
v 12.487365236698599 0.83488799999999996 -4.5476707403916379
v 12.362200236698598 0.84065599999999996 -4.8636977403916362
v 12.583019236698599 1.2239 -4.5539367403916344
v 12.441072236698599 1.2304409999999999 -4.9123387403916325
v 12.675289236698598 1.612738 -4.5733737403916379
v 12.526490236698599 1.619596 -4.9490757403916348
v 12.766591236698599 2.0012829999999999 -4.5998677403916375
v 12.616030236698599 2.008222 -4.9800197403916329
v 12.847755236698598 2.3442059999999998 -4.625573740391637
v 12.697069236698599 2.3511500000000001 -5.0060367403916359
v 13.664490236698599 5.3619120000000002 -4.8939657403916357
v 13.513806236698599 5.3688570000000002 -5.2744287403916346
v 14.096809236698599 6.8631869999999999 -5.0377857403916337
v 13.946123236698599 6.8701319999999999 -5.4182487403916326
v 14.376273236698598 7.817132 -5.1479477403916363
v 14.237150236698598 7.8235429999999999 -5.4992187403916333
v 14.630708236698599 8.7693359999999991 -5.3495697403916367
v 14.572517236698598 8.772017 -5.4964977403916393
v 14.707012236698599 9.1060350000000003 -5.4586567403916391
v 12.181800236698599 0.001106 -4.5677487403916359
v 12.139377236698598 0.0030620000000000001 -4.6582837403916315
v 12.002253236698598 0.38743300000000003 -4.6775937403916359
v 12.115239236698599 0.38222499999999998 -4.4364657403916326
v 11.874782236698598 0.77039800000000003 -4.669809740391635
v 12.034023236698598 0.76305900000000004 -4.3299697403916326
v 11.753972236698598 1.1520760000000001 -4.6413327403916327
v 11.941153236698598 1.1434500000000001 -4.2418647403916339
v 11.637163236698598 1.5325709999999999 -4.5978507403916353
v 11.839299236698599 1.523255 -4.166466740391634
v 11.522059236698599 1.911967 -4.5442837403916343
v 11.730771236698599 1.9023479999999999 -4.0988657403916378
v 11.406769236698599 2.2903340000000001 -4.4846807403916316
v 11.617470236698599 2.2806229999999998 -4.0350177403916376
v 11.289884236698599 2.6677149999999998 -4.4220637403916356
v 11.500817236698598 2.657994 -3.9719047403916363
v 11.272596236698599 2.7233909999999999 -4.4127617403916375
v 11.483530236698599 2.71367 -3.9626017403916336
v 10.658718236698599 4.4981640000000001 -4.0867867403916378
v 10.869651236698598 4.4884430000000002 -3.6366267403916339
v 9.9898322366985983 6.2480690000000001 -3.7355737403916365
v 10.200766236698598 6.2383480000000002 -3.2854137403916326
v 9.2667272366985998 7.971044 -3.3595367403916327
v 9.4776612366985979 7.961322 -2.909376740391636
v 8.8771132366985981 8.8669589999999996 -3.145875740391638
v 9.0790212366985976 8.8576540000000001 -2.7149787403916363
v 8.4999572366985987 9.7534939999999999 -2.8677527403916372
v 8.6386842366985981 9.7471019999999999 -2.5716917403916355
v 8.2074952366985983 10.506917 -2.5338407403916321
v 10.110599252527011 0.10959099999999999 -1.0617983884621367
v 10.193370252527011 0.096481999999999998 -1.1163603884621338
v 10.302168252527011 0.48337000000000002 -1.1781153884621389
v 10.098502252527013 0.51562699999999995 -1.0438613884621333
v 10.381810252527011 0.87449600000000005 -1.2269013884621387
v 10.109834252527012 0.91757299999999997 -1.047617388462136
v 10.440873252527012 1.2684340000000001 -1.2683713884621355
v 10.136003252527011 1.3167199999999999 -1.0674043884621369
v 10.486578252527011 1.6639699999999999 -1.3072853884621338
v 10.169772252527011 1.7141459999999999 -1.0984503884621333
v 10.524587252527011 2.0601389999999999 -1.3473743884621356
v 10.205467252527011 2.1106820000000002 -1.1370153884621388
v 10.54377625252701 2.2753510000000001 -1.370033388462133
v 10.224603252527011 2.3259029999999998 -1.1596373884621372
v 10.619290252527012 3.3713489999999999 -1.5188133884621351
v 10.300116252527012 3.4219010000000001 -1.3084183884621368
v 10.672432252527011 4.4636690000000003 -1.7006483884621346
v 10.353258252527011 4.514221 -1.4902533884621363
v 10.70313325252701 5.5508819999999996 -1.915301388462133
v 10.383958252527012 5.6014340000000002 -1.7049053884621372
v 10.711351252527011 6.6315670000000004 -2.1624903884621318
v 10.392177252527011 6.6821190000000001 -1.952094388462136
v 10.685823252527012 7.6022790000000002 -2.4020313884621345
v 10.395930252527013 7.648193 -2.2109373884621348
v 10.554164252527011 8.5794689999999996 -2.6096283884621343
v 10.469236252527011 8.5929190000000002 -2.5536453884621366
v 10.504499252527012 8.7945820000000001 -2.6426303884621376
v 10.23892825252701 0.048766999999999998 -1.0248163884621349
v 10.150586252527011 0.062758999999999995 -0.98009538846213218
v 10.175663252527011 0.458036 -0.88655438846213741
v 10.396492252527011 0.42306100000000002 -0.99834138846213705
v 10.230369252527012 0.84776600000000002 -0.8027263884621334
v 10.528392252527011 0.80056400000000005 -0.95359038846213195
v 10.306110252527011 1.233249 -0.72427638846213682
v 10.643195252527011 1.179861 -0.89491338846213608
v 10.395564252527011 1.615588 -0.6475143884621346
v 10.748195252527012 1.5597369999999999 -0.82602238846213538
v 10.492845252527012 1.9956560000000001 -0.56948038846213933
v 10.84925025252701 1.939208 -0.7498983884621353
v 10.573604252527012 2.299709 -0.50480138846213407
v 10.930225252527011 2.2432259999999999 -0.68532938846213654
v 10.881817252527011 3.3857949999999999 -0.2357583884621377
v 11.23843925252701 3.3293119999999998 -0.41628538846213559
v 11.205636252527011 4.4579649999999997 0.068470611537861714
v 11.562258252527011 4.4014819999999997 -0.11205638846213617
v 11.544660252527011 5.5148849999999996 0.40750661153786183
v 11.901282252527011 5.4584020000000004 0.22697861153786647
v 11.898466252527012 6.5552419999999998 0.7809266115378648
v 12.255089252527011 6.4987579999999996 0.60039961153786692
v 12.228248252527012 7.4361959999999998 1.1206686115378659
v 12.556354252527012 7.3842299999999996 0.95457661153786688
v 12.653955252527011 8.289593 1.4419936115378675
v 12.782451252527011 8.2692409999999992 1.3769466115378677
v 12.823926252527011 8.5570830000000004 1.5314416115378648
v 10.093596252527011 0.011037999999999999 -1.0518153884621384
v 10.16786725252701 -0.00072599999999999997 -1.1177363884621343
v 10.194796252527011 0.37523800000000002 -1.2726273884621335
v 10.004842252527011 0.40532400000000002 -1.1040313884621327
v 10.196361252527012 0.75377000000000005 -1.4103153884621378
v 9.9359992525270115 0.79500700000000002 -1.179227388462138
v 10.179063252527012 1.1337999999999999 -1.5365553884621335
v 9.8805772525270115 1.1810750000000001 -1.2716283884621333
v 10.148535252527012 1.5143979999999999 -1.6563303884621376
v 9.8329492525270119 1.564381 -1.3762263884621362
v 10.109437252527012 1.8947849999999999 -1.773763388462136
v 9.788463252527011 1.945621 -1.4888763884621383
v 10.065292252527012 2.2743639999999998 -1.891962388462133
v 9.7436062525270124 2.325313 -1.6064443884621369
v 10.055087252527011 2.360185 -1.9187763884621347
v 9.7333982525270102 2.4111349999999998 -1.6332563884621365
v 9.8604402525270114 3.693727 -2.376048388462138
v 9.5387522525270114 3.7446769999999998 -2.0905283884621326
v 9.6319102525270104 5.0093220000000001 -2.8682903884621354
v 9.3102222525270122 5.0602720000000003 -2.5827723884621321
v 9.3698042525270111 6.3052219999999997 -3.3948503884621317
v 9.0481162525270111 6.3561719999999999 -3.1093313884621381
v 9.2304202525270114 6.9479230000000003 -3.6665783884621348
v 8.9087322525270114 6.9988729999999997 -3.3810603884621386
v 9.00778425252701 7.8419179999999997 -4.055682388462138
v 8.7069212525270103 7.88957 -3.7886463884621335
v 8.7064712525270114 8.7343510000000002 -4.4055453884621372
v 8.5513822525270111 8.758915 -4.2678933884621344
v 8.5130142525270109 9.1758400000000009 -4.5439053884621359
v 6.0310920000000001 0.006613 -5.585193954658962
v 6.0856450000000004 0.0013780000000000001 -5.668838954658959
v 6.037242 0.37865700000000002 -5.8134539546589608
v 5.901071 0.39172499999999999 -5.6046649546589649
v 5.9661860000000004 0.755463 -5.9353469546589608
v 5.7825899999999999 0.77308200000000005 -5.6538409546589605
v 5.8778350000000001 1.1311709999999999 -6.0426649546589601
v 5.6703469999999996 1.1510830000000001 -5.7245249546589605
v 5.7767569999999999 1.505234 -6.1423369546589583
v 5.5598340000000004 1.526052 -5.8097319546589645
v 5.6666179999999997 1.877192 -6.239912954658962
v 5.4474479999999996 1.898226 -5.9038619546589644
v 5.5767749999999996 2.1652650000000002 -6.3166709546589601
v 5.3574840000000004 2.1863100000000002 -5.9804359546589652
v 5.3103049999999996 2.9309479999999999 -6.5383849546589659
v 5.0910149999999996 2.951994 -6.2021499546589638
v 5.0203990000000003 3.6836799999999998 -6.7745749546589593
v 4.8011080000000002 3.7047249999999998 -6.4383399546589644
v 4.7074360000000004 4.4224709999999998 -7.0249289546589608
v 4.4881450000000003 4.4435159999999998 -6.6886939546589588
v 4.3718260000000004 5.1463530000000004 -7.2891199546589647
v 4.1525350000000003 5.1673980000000004 -6.952883954658958
v 4.014011 5.8543760000000002 -7.5667999546589613
v 3.794721 5.8754220000000004 -7.2305659546589638
v 3.8296389999999998 6.2042479999999998 -7.7089449546589606
v 3.6103489999999998 6.2252939999999999 -7.3727109546589631
v 3.434132 6.8872559999999998 -7.9980889546589609
v 3.2253859999999999 6.9072899999999997 -7.6780209546589617
v 2.9860120000000001 7.555161 -8.2512759546589649
v 2.8510770000000001 7.5681099999999999 -8.0443819546589594
v 2.5985969999999998 8.0492740000000005 -8.3870179546589583
v 2.2844488355220083 -0.011346 -11.482220791238852
v 2.1894297152460442 0.001163 -11.510770426087362
v 2.1150299223084463 0.37138500000000002 -11.359595291955316
v 2.3503830827413328 0.34040199999999998 -11.288884477886654
v 2.0697302541756404 0.73645400000000005 -11.196933266279196
v 2.3854140130915216 0.69489699999999999 -11.102086617599653
v 2.0439408945950337 1.097615 -11.02567221128588
v 2.3991325325030264 1.050856 -10.91895571313195
v 2.0295436213129552 1.455916 -10.848261885216516
v 2.3996546186918213 1.4071940000000001 -10.737063359510344
v 2.0201079458793831 1.8121860000000001 -10.666644310546239
v 2.3934143439292388 1.7630429999999999 -10.55448556634839
v 2.0145812512113555 2.0428670000000002 -10.547385896088201
v 2.3880019588677133 1.993708 -10.435192898221025
v 1.9581461785369161 3.6213190000000002 -9.6679407579117225
v 2.3315691046581808 3.5721609999999999 -9.555748040068579
v 1.8834049104498423 5.1710669999999999 -8.7401413842070781
v 2.2568267295113902 5.1219089999999996 -8.627946723577594
v 1.8414713745991111 5.938453 -8.2643360674429047
v 2.2148940250418168 5.8892949999999997 -8.1521419625160121
v 1.8056912863048797 6.7758690000000001 -7.7186752905616487
v 2.1467523552934811 6.7309700000000001 -7.6162054681681184
v 1.8614408411108574 7.5907989999999996 -7.1296171625751725
v 1.9759744585057053 7.5757219999999998 -7.0952065056146978
v 1.9033959993996721 7.7981400000000001 -6.9672952135572999
v 2.2134678341441063 0.070576 -11.590253878986957
v 2.3124111794842808 0.060212000000000002 -11.580117822461133
v 2.4347887652335931 0.44850800000000002 -11.601211085915835
v 2.180096214712238 0.475184 -11.627303437169132
v 2.527842230904378 0.83936100000000002 -11.631634017672255
v 2.1772115178678835 0.87608600000000003 -11.667555692362058
v 2.5999497090586505 1.2317929999999999 -11.670520288247246
v 2.1964131637578053 1.27406 -11.711861970078857
v 2.6584000505214807 1.6249420000000001 -11.717109035202697
v 2.2303906986832605 1.669772 -11.760957867844255
v 2.7092652170214837 2.0180709999999999 -11.770766620024666
v 2.2730477795289747 2.063761 -11.815455916164545
v 2.7572083383489545 2.4105940000000001 -11.831000264305743
v 2.3196993979524425 2.4564189999999999 -11.875822241450024
v 2.7741414502716157 2.5504150000000001 -11.85328579971808
v 2.3366225246102861 2.596241 -11.898108319528554
v 2.8770591085141763 3.3762699999999999 -12.013539142618839
v 2.4395401828528538 3.4220959999999998 -12.058361662429313
v 2.9821645028002752 4.1960059999999997 -12.201410059489874
v 2.5446455771389527 4.2418319999999996 -12.246232579300354
v 3.0893405691690834 5.008705 -12.416686790965223
v 2.6518216435077608 5.0545309999999999 -12.461509310775696
v 3.1984680599585946 5.8134560000000004 -12.659128453265623
v 2.7609483029161144 5.8592810000000002 -12.703950417373512
v 3.3094227739836004 6.6093549999999999 -12.928461984007029
v 2.8719032926196864 6.6551819999999999 -12.973285335198653
v 3.422081927560912 7.3955149999999996 -13.224388806286193
v 2.9845621705184318 7.4413400000000003 -13.269210770394075
v 3.528216494587662 8.1719000000000008 -13.547404611941339
v 3.1069001554101892 8.2160279999999997 -13.590567025961981
v 3.5871870381005966 8.9418839999999999 -13.901298949799113
v 3.2793012837183415 8.9741320000000009 -13.932841747732482
v 3.5502495327881807 9.7097040000000003 -14.290663959930086
v 2.2991069693511879 0.087286000000000002 -11.472183954404173
v 2.2017132048874419 0.098788000000000001 -11.491734592976357
v 2.1540958895275271 0.49920900000000001 -11.429726854145521
v 2.4079197846992617 0.46923399999999998 -11.378776212728098
v 2.1345557803448845 0.89550600000000002 -11.358115308867326
v 2.4869652249457079 0.85388799999999998 -11.287375002526893
v 2.1353315619825128 1.288557 -11.278464843376838
v 2.5439934913957192 1.2402960000000001 -11.196432065188645
v 2.1496223367409915 1.679127 -11.192148742962132
v 2.5858060157239198 1.627616 -11.104591311787431
v 2.1716719610087711 2.0678580000000002 -11.10033048848814
v 2.6181494902523372 2.0151309999999998 -11.010707000486612
v 2.1969354953121414 2.4552459999999998 -11.003930674969119
v 2.6455643957975372 2.402266 -10.913876003967175
v 2.2129673750262331 2.6960440000000001 -10.942321096194121
v 2.661667572485479 2.6430549999999999 -10.852251534204285
v 2.2889397077591713 3.9659740000000001 -10.573674326655691
v 2.7376393495158116 3.9129849999999999 -10.483605596047013
v 2.3553551940129527 5.2239560000000003 -10.16445078423704
v 2.8040548357695858 5.1709670000000001 -10.074382053628355
v 2.4121425840967223 6.4686409999999999 -9.7150863777377339
v 2.8608422258533697 6.4156519999999997 -9.6250176471290558
v 2.4592416641531063 7.6986949999999998 -9.2260652882100516
v 2.9079410302311874 7.6457059999999997 -9.1359951705176172
v 2.5013204156884843 8.6169390000000003 -8.8320946936129161
v 2.9258836322976567 8.5668000000000006 -8.7468713049014326
v 2.6102431457431425 9.5170689999999993 -8.4014843128712897
v 2.8658500035817713 9.4868819999999996 -8.3501749875701492
v 2.75156235394868 10.088476999999999 -8.0981149768299616
f 1 2 3 4
f 4 3 5 6
f 6 5 7 8
f 8 7 9 10
f 10 9 11 12
f 12 11 13 14
f 14 13 15 16
f 16 15 17 18
f 18 17 19 20
f 20 19 21 22
f 22 21 23 24
f 24 23 25 26
f 26 25 27 28
f 28 27 29 30
f 32 33 34 35
f 35 34 36 37
f 37 36 38 39
f 39 38 40 41
f 41 40 42 43
f 43 42 44 45
f 45 44 46 47
f 47 46 48 49
f 49 48 50 51
f 51 50 52 53
f 53 52 54 55
f 55 54 56 57
f 57 56 58 59
f 61 62 63 64
f 64 63 65 66
f 66 65 67 68
f 68 67 69 70
f 70 69 71 72
f 72 71 73 74
f 74 73 75 76
f 76 75 77 78
f 78 77 79 80
f 80 79 81 82
f 82 81 83 84
f 86 87 88 89
f 89 88 90 91
f 91 90 92 93
f 93 92 94 95
f 95 94 96 97
f 97 96 98 100 101 99
f 101 100 102 103
f 103 102 104 105
f 105 104 106 107
f 107 106 108 109
f 109 108 110 111
f 111 110 112 113
f 115 116 117 118
f 118 117 119 120
f 120 119 121 122
f 122 121 123 124
f 124 123 125 126
f 126 125 127 129 130 128
f 130 129 131 132
f 132 131 133 134
f 134 133 135 136
f 136 135 137 138
f 140 141 142 143
f 143 142 144 145
f 145 144 146 147
f 147 146 148 149
f 149 148 150 152 153 151
f 153 152 154 155
f 155 154 156 157
f 157 156 158 159
f 159 158 160 161
f 161 160 162 163
f 163 162 164 166 165
f 167 168 169 170
f 170 169 171 172
f 172 171 173 174
f 174 173 175 176
f 176 175 177 178
f 178 177 179 181 182 180
f 182 181 183 184
f 184 183 185 186
f 186 185 187 188
f 188 187 189 190
f 190 189 191 192
f 192 191 193 194
f 194 193 195 196
f 196 195 197 198
f 198 197 199 200
f 200 199 201 202
f 204 205 206 207
f 207 206 208 209
f 209 208 210 211
f 211 210 212 213
f 213 212 214 215
f 215 214 216 217
f 217 216 218 219
f 219 218 220 221
f 221 220 222 223
f 223 222 224 225
f 225 224 226 227
f 227 226 228 229
f 229 228 230 231
f 231 230 232 233
f 235 236 237 238
f 238 237 239 240
f 240 239 241 242
f 242 241 243 244
f 244 243 245 246
f 246 245 247 249 250 248
f 250 249 251 252
f 252 251 253 254
f 254 253 255 256
f 256 255 257 258
f 258 257 259 260
f 260 259 261 262
f 264 265 266 267
f 267 266 268 269
f 269 268 270 271
f 271 270 272 273
f 273 272 274 275
f 275 274 276 277
f 277 276 278 279
f 279 278 280 281
f 281 280 282 283
f 283 282 284 285
f 285 284 286 287
f 287 286 288 289
f 289 288 290 291
f 293 294 295 296
f 296 295 297 298
f 298 297 299 300
f 300 299 301 302
f 302 301 303 304
f 304 303 305 306
f 306 305 307 308
f 308 307 309 310
f 310 309 311 312
f 312 311 313 314
f 314 313 315 316
f 316 315 317 318
f 320 321 322 323
f 323 322 324 325
f 325 324 326 327
f 327 326 328 329
f 329 328 330 331
f 331 330 332 333
f 333 332 334 335
f 335 334 336 337
f 337 336 338 339
f 339 338 340 341
f 341 340 342 343
f 343 342 344 345
f 345 344 346 347
f 349 350 351 352
f 352 351 353 354
f 354 353 355 356
f 356 355 357 358
f 358 357 359 360
f 360 359 361 363 364 362
f 364 363 365 366
f 366 365 367 368
f 368 367 369 370
f 370 369 371 372
f 372 371 373 374
f 374 373 375 376
f 376 375 377 378
f 378 377 379 380
f 382 383 384 385
f 385 384 386 387
f 387 386 388 389
f 389 388 390 391
f 391 390 392 393
f 393 392 394 396 397 395
f 397 396 398 399
f 399 398 400 401
f 401 400 402 403
f 403 402 404 405
f 407 408 409 410
f 410 409 411 412
f 412 411 413 414
f 414 413 415 416
f 416 415 417 418
f 418 417 419 420
f 420 419 421 422
f 422 421 423 424
f 424 423 425 426
f 426 425 427 428
f 428 427 429 430
f 430 429 431 432
f 432 431 433 434
f 434 433 435 436
f 438 439 440 441
f 441 440 442 443
f 443 442 444 445
f 445 444 446 447
f 447 446 448 449
f 449 448 450 451
f 451 450 452 453
f 453 452 454 455
f 455 454 456 457
f 457 456 458 459
f 459 458 460 461
f 461 460 462 463
f 463 462 464 465
f 465 464 466 467
f 469 470 471 472
f 472 471 473 474
f 474 473 475 476
f 476 475 477 478
f 478 477 479 481 482 480
f 482 481 483 484
f 484 483 485 486
f 486 485 487 488
f 488 487 489 490
f 490 489 491 493 492
f 494 495 496 497
f 497 496 498 499
f 499 498 500 501
f 501 500 502 503
f 503 502 504 505
f 505 504 506 507
f 507 506 508 509
f 509 508 510 511
f 511 510 512 513
f 513 512 514 515
f 515 514 516 517
f 517 516 518 519
f 521 522 523 524
f 524 523 525 526
f 526 525 527 528
f 528 527 529 530
f 530 529 531 532
f 532 531 533 534
f 534 533 535 536
f 536 535 537 538
f 538 537 539 540
f 540 539 541 542
f 542 541 543 544
f 544 543 545 546
f 546 545 547 548
f 550 551 552 553
f 553 552 554 555
f 555 554 556 557
f 557 556 558 559
f 559 558 560 561
f 561 560 562 563
f 563 562 564 565
f 565 564 566 567
f 567 566 568 569
f 569 568 570 571
f 571 570 572 573
f 573 572 574 575
f 575 574 576 577
f 577 576 578 579
f 581 582 583 584
f 584 583 585 586
f 586 585 587 588
f 588 587 589 590
f 590 589 591 592
f 592 591 593 594
f 594 593 595 596
f 596 595 597 598
f 598 597 599 600
f 600 599 601 602
f 602 601 603 604
f 604 603 605 606
f 606 605 607 608
f 610 611 612 613
f 613 612 614 615
f 615 614 616 617
f 617 616 618 619
f 619 618 620 621
f 621 620 622 623
f 623 622 624 625
f 625 624 626 627
f 627 626 628 629
f 629 628 630 631
f 631 630 632 633
f 633 632 634 635
f 635 634 636 637
f 637 636 638 639
f 641 642 643 644
f 644 643 645 646
f 646 645 647 648
f 648 647 649 650
f 650 649 651 652
f 652 651 653 654
f 654 653 655 656
f 656 655 657 658
f 658 657 659 660
f 660 659 661 662
f 662 661 663 664
f 664 663 665 666
f 666 665 667 668
f 670 671 672 673
f 673 672 674 675
f 675 674 676 677
f 677 676 678 679
f 679 678 680 681
f 681 680 682 683
f 683 682 684 685
f 685 684 686 687
f 687 686 688 689
f 689 688 690 691
f 691 690 692 693
f 693 692 694 695
f 695 694 696 697
f 697 696 698 699
f 701 702 703 704
f 704 703 705 706
f 706 705 707 708
f 708 707 709 710
f 710 709 711 712
f 712 711 713 714
f 714 713 715 716
f 716 715 717 718
f 718 717 719 720
f 720 719 721 722
f 722 721 723 724
f 724 723 725 726
f 726 725 727 728
f 728 727 729 730
f 732 733 734 735
f 735 734 736 737
f 737 736 738 739
f 739 738 740 741
f 741 740 742 744 745 743
f 745 744 746 747
f 747 746 748 749
f 749 748 750 751
f 751 750 752 753
f 753 752 754 755
f 755 754 756 757
f 757 756 758 759
f 759 758 760 761
f 763 764 765 766
f 766 765 767 768
f 768 767 769 770
f 770 769 771 772
f 772 771 773 775 776 774
f 776 775 777 778
f 778 777 779 780
f 780 779 781 783 782
f 784 785 786 787
f 787 786 788 789
f 789 788 790 791
f 791 790 792 793
f 793 792 794 795
f 795 794 796 797
f 797 796 798 799
f 799 798 800 801
f 801 800 802 803
f 803 802 804 805
f 805 804 806 807
f 807 806 808 809
f 809 808 810 811
f 811 810 812 813
f 815 816 817 818
f 818 817 819 820
f 820 819 821 822
f 822 821 823 824
f 824 823 825 827 828 826
f 828 827 829 830
f 830 829 831 832
f 832 831 833 834
f 834 833 835 836
f 836 835 837 838
f 838 837 839 841 840
f 842 843 844 845
f 845 844 846 847
f 847 846 848 849
f 849 848 850 851
f 851 850 852 853
f 853 852 854 856 857 855
f 857 856 858 859
f 859 858 860 861
f 861 860 862 863
f 865 866 867 868
f 868 867 869 870
f 870 869 871 872
f 872 871 873 874
f 874 873 875 876
f 876 875 877 878
f 878 877 879 880
f 880 879 881 882
f 882 881 883 884
f 884 883 885 886
f 886 885 887 888
f 888 887 889 890
f 890 889 891 892
f 894 895 896 897
f 897 896 898 899
f 899 898 900 901
f 901 900 902 903
f 903 902 904 906 907 905
f 907 906 908 909
f 909 908 910 911
f 911 910 912 913
f 913 912 914 916 915
f 917 918 919 920
f 920 919 921 922
f 922 921 923 924
f 924 923 925 926
f 926 925 927 928
f 928 927 929 931 932 930
f 932 931 933 934
f 934 933 935 936
f 936 935 937 938
f 938 937 939 940
f 940 939 941 942
f 942 941 943 944
f 946 947 948 949
f 949 948 950 951
f 951 950 952 953
f 953 952 954 955
f 955 954 956 957
f 957 956 958 960 961 959
f 961 960 962 963
f 963 962 964 965
f 965 964 966 967
f 967 966 968 969
f 969 968 970 971
f 971 970 972 973
f 973 972 974 975
f 977 978 979 980
f 980 979 981 982
f 982 981 983 984
f 984 983 985 986
f 986 985 987 988
f 988 987 989 990
f 990 989 991 992
f 992 991 993 994
f 994 993 995 996
f 996 995 997 998
f 998 997 999 1000
f 1000 999 1001 1002
f 1002 1001 1003 1004
f 1004 1003 1005 1006
f 1008 1009 1010 1011
f 1011 1010 1012 1013
f 1013 1012 1014 1015
f 1015 1014 1016 1017
f 1017 1016 1018 1019
f 1019 1018 1020 1021
f 1021 1020 1022 1023
f 1023 1022 1024 1025
f 1025 1024 1026 1027
f 1027 1026 1028 1029
f 1029 1028 1030 1031
f 1031 1030 1032 1033
f 1035 1036 1037 1038
f 1038 1037 1039 1040
f 1040 1039 1041 1042
f 1042 1041 1043 1044
f 1044 1043 1045 1046
f 1046 1045 1047 1048
f 1048 1047 1049 1050
f 1050 1049 1051 1052
f 1052 1051 1053 1054
f 1054 1053 1055 1056
f 1056 1055 1057 1058
f 1058 1057 1059 1060
f 1060 1059 1061 1062
f 1062 1061 1063 1064
f 1066 1067 1068 1069
f 1069 1068 1070 1071
f 1071 1070 1072 1073
f 1073 1072 1074 1075
f 1075 1074 1076 1077
f 1077 1076 1078 1079
f 1079 1078 1080 1081
f 1081 1080 1082 1083
f 1083 1082 1084 1085
f 1085 1084 1086 1087
f 1087 1086 1088 1089
f 1089 1088 1090 1091
f 1091 1090 1092 1093
f 1095 1096 1097 1098
f 1098 1097 1099 1100
f 1100 1099 1101 1102
f 1102 1101 1103 1104
f 1104 1103 1105 1106
f 1106 1105 1107 1108
f 1108 1107 1109 1110
f 1110 1109 1111 1112
f 1112 1111 1113 1114
f 1116 1117 1118 1119
f 1119 1118 1120 1121
f 1121 1120 1122 1123
f 1123 1122 1124 1125
f 1125 1124 1126 1127
f 1127 1126 1128 1129
f 1129 1128 1130 1131
f 1131 1130 1132 1133
f 1133 1132 1134 1135
f 1135 1134 1136 1137
f 1137 1136 1138 1139
f 1139 1138 1140 1141
f 1141 1140 1142 1143
f 1145 1146 1147 1148
f 1148 1147 1149 1150
f 1150 1149 1151 1152
f 1152 1151 1153 1154
f 1154 1153 1155 1156
f 1156 1155 1157 1158
f 1158 1157 1159 1160
f 1160 1159 1161 1162
f 1162 1161 1163 1164
f 1164 1163 1165 1166
f 1166 1165 1167 1168
f 1168 1167 1169 1170
f 1172 1173 1174 1175
f 1175 1174 1176 1177
f 1177 1176 1178 1179
f 1179 1178 1180 1181
f 1181 1180 1182 1184 1185 1183
f 1185 1184 1186 1187
f 1187 1186 1188 1189
f 1189 1188 1190 1192 1191
f 1193 1194 1195 1196
f 1196 1195 1197 1198
f 1198 1197 1199 1200
f 1200 1199 1201 1202
f 1202 1201 1203 1204
f 1204 1203 1205 1206
f 1206 1205 1207 1208
f 1208 1207 1209 1210
f 1210 1209 1211 1212
f 1212 1211 1213 1214
f 1214 1213 1215 1216
f 1216 1215 1217 1218
f 1218 1217 1219 1220
f 1220 1219 1221 1222
f 1224 1225 1226 1227
f 1227 1226 1228 1229
f 1229 1228 1230 1231
f 1231 1230 1232 1233
f 1233 1232 1234 1235
f 1235 1234 1236 1238 1239 1237
f 1239 1238 1240 1241
f 1241 1240 1242 1243
f 1243 1242 1244 1245
f 1245 1244 1246 1247
f 1247 1246 1248 1249
f 1249 1248 1250 1251
f 1251 1250 1252 1253
f 1255 1256 1257 1258
f 1258 1257 1259 1260
f 1260 1259 1261 1262
f 1262 1261 1263 1264
f 1264 1263 1265 1266
f 1266 1265 1267 1268
f 1268 1267 1269 1270
f 1270 1269 1271 1272
f 1272 1271 1273 1274
f 1274 1273 1275 1276
f 1276 1275 1277 1278
f 1280 1281 1282 1283
f 1283 1282 1284 1285
f 1285 1284 1286 1287
f 1287 1286 1288 1289
f 1289 1288 1290 1291
f 1291 1290 1292 1293
f 1293 1292 1294 1295
f 1295 1294 1296 1297
f 1297 1296 1298 1299
f 1299 1298 1300 1301
f 1301 1300 1302 1303
f 1303 1302 1304 1305
f 1305 1304 1306 1307
f 1307 1306 1308 1309
f 1309 1308 1310 1311
f 1313 1314 1315 1316
f 1316 1315 1317 1318
f 1318 1317 1319 1320
f 1320 1319 1321 1322
f 1322 1321 1323 1324
f 1324 1323 1325 1326
f 1326 1325 1327 1328
f 1328 1327 1329 1330
f 1330 1329 1331 1332
f 1332 1331 1333 1334
f 1334 1333 1335 1336
f 1338 1339 1340 1341
f 1341 1340 1342 1343
f 1343 1342 1344 1345
f 1345 1344 1346 1347
f 1347 1346 1348 1350 1351 1349
f 1351 1350 1352 1353
f 1353 1352 1354 1355
f 1355 1354 1356 1357
f 1357 1356 1358 1359
f 1359 1358 1360 1361
f 1361 1360 1362 1363
f 1363 1362 1364 1365
f 1367 1368 1369 1370
f 1370 1369 1371 1372
f 1372 1371 1373 1374
f 1374 1373 1375 1376
f 1376 1375 1377 1378
f 1378 1377 1379 1380
f 1380 1379 1381 1382
f 1382 1381 1383 1384
f 1384 1383 1385 1386
f 1386 1385 1387 1388
f 1388 1387 1389 1390
f 1392 1393 1394 1395
f 1395 1394 1396 1397
f 1397 1396 1398 1399
f 1399 1398 1400 1401
f 1401 1400 1402 1403
f 1403 1402 1404 1406 1407 1405
f 1407 1406 1408 1409
f 1409 1408 1410 1411
f 1411 1410 1412 1413
f 1415 1416 1417 1419 1420 1418
f 1420 1419 1421 1423 1424 1422
f 1424 1423 1425 1427 1428 1426
f 1428 1427 1429 1430
f 1430 1429 1431 1432
f 1432 1431 1433 1434
f 1434 1433 1435 1436
f 1438 1439 1440 1441
f 1441 1440 1442 1443
f 1443 1442 1444 1445
f 1445 1444 1446 1447
f 1447 1446 1448 1449
f 1449 1448 1450 1451
f 1451 1450 1452 1453
f 1453 1452 1454 1455
f 1455 1454 1456 1457
f 1457 1456 1458 1459
f 1459 1458 1460 1461
f 1461 1460 1462 1463
f 1463 1462 1464 1465
f 1465 1464 1466 1467
f 1467 1466 1468 1469
f 1469 1468 1470 1471
f 1473 1474 1475 1476
f 1476 1475 1477 1478
f 1478 1477 1479 1480
f 1480 1479 1481 1482
f 1482 1481 1483 1484
f 1484 1483 1485 1486
f 1486 1485 1487 1488
f 1488 1487 1489 1490
f 1490 1489 1491 1492
f 1492 1491 1493 1494
f 1494 1493 1495 1496
f 1496 1495 1497 1498
f 1500 1501 1502 1503
f 1503 1502 1504 1505
f 1505 1504 1506 1507
f 1507 1506 1508 1509
f 1509 1508 1510 1511
f 1511 1510 1512 1513
f 1513 1512 1514 1516 1517 1515
f 1517 1516 1518 1519
f 1519 1518 1520 1521
f 1521 1520 1522 1523
f 1523 1522 1524 1525
f 1525 1524 1526 1527
f 1527 1526 1528 1529
f 1531 1532 1533 1534
f 1534 1533 1535 1536
f 1536 1535 1537 1538
f 1538 1537 1539 1540
f 1540 1539 1541 1542
f 1542 1541 1543 1544
f 1544 1543 1545 1546
f 1546 1545 1547 1548
f 1548 1547 1549 1550
f 1550 1549 1551 1552
f 1552 1551 1553 1554
f 1554 1553 1555 1556
f 1556 1555 1557 1558
f 1560 1561 1562 1563
f 1563 1562 1564 1565
f 1565 1564 1566 1567
f 1567 1566 1568 1569
f 1569 1568 1570 1571
f 1571 1570 1572 1573
f 1573 1572 1574 1575
f 1575 1574 1576 1577
f 1577 1576 1578 1579
f 1579 1578 1580 1581
f 1581 1580 1582 1583
f 1583 1582 1584 1585
f 1585 1584 1586 1587
f 1587 1586 1588 1589
f 1591 1592 1593 1594
f 1594 1593 1595 1596
f 1596 1595 1597 1598
f 1598 1597 1599 1600
f 1600 1599 1601 1602
f 1602 1601 1603 1604
f 1604 1603 1605 1606
f 1606 1605 1607 1608
f 1608 1607 1609 1610
f 1610 1609 1611 1612
f 1612 1611 1613 1614
f 1614 1613 1615 1616
f 1616 1615 1617 1618
f 1620 1621 1622 1623
f 1623 1622 1624 1625
f 1625 1624 1626 1627
f 1627 1626 1628 1629
f 1629 1628 1630 1631
f 1631 1630 1632 1634 1635 1633
f 1635 1634 1636 1637
f 1637 1636 1638 1639
f 1639 1638 1640 1641
f 1641 1640 1642 1643
f 1643 1642 1644 1645
f 1645 1644 1646 1647
f 1647 1646 1648 1649
f 1649 1648 1650 1651
f 1651 1650 1652 1653
f 1653 1652 1654 1655
f 1657 1658 1659 1660
f 1660 1659 1661 1662
f 1662 1661 1663 1664
f 1664 1663 1665 1666
f 1666 1665 1667 1668
f 1668 1667 1669 1670
f 1670 1669 1671 1672
f 1672 1671 1673 1674
f 1674 1673 1675 1676
f 1676 1675 1677 1678
f 1678 1677 1679 1680
f 1680 1679 1681 1682
f 1682 1681 1683 1684
f 1684 1683 1685 1686
f 1688 1689 1690 1691
f 1691 1690 1692 1693
f 1693 1692 1694 1695
f 1695 1694 1696 1697
f 1697 1696 1698 1699
f 1699 1698 1700 1701
f 1701 1700 1702 1703
f 1703 1702 1704 1705
f 1705 1704 1706 1707
f 1707 1706 1708 1709
f 1709 1708 1710 1711
f 1711 1710 1712 1713
f 1713 1712 1714 1715
f 1715 1714 1716 1717
f 1719 1720 1721 1722
f 1722 1721 1723 1724
f 1724 1723 1725 1726
f 1726 1725 1727 1728
f 1728 1727 1729 1730
f 1730 1729 1731 1732
f 1732 1731 1733 1734
f 1734 1733 1735 1736
f 1736 1735 1737 1738
f 1738 1737 1739 1740
f 1740 1739 1741 1742
f 1742 1741 1743 1744
f 1746 1747 1748 1749
f 1749 1748 1750 1751
f 1751 1750 1752 1753
f 1753 1752 1754 1755
f 1755 1754 1756 1757
f 1757 1756 1758 1759
f 1759 1758 1760 1761
f 1761 1760 1762 1763
f 1763 1762 1764 1765
f 1765 1764 1766 1767
f 1767 1766 1768 1769
f 1769 1768 1770 1771
f 1771 1770 1772 1773
f 1773 1772 1774 1775
f 1777 1778 1779 1780
f 1780 1779 1781 1782
f 1782 1781 1783 1784
f 1784 1783 1785 1786
f 1786 1785 1787 1788
f 1788 1787 1789 1790
f 1790 1789 1791 1792
f 1792 1791 1793 1794
f 1794 1793 1795 1796
f 1796 1795 1797 1798
f 1800 1801 1802 1803
f 1803 1802 1804 1805
f 1805 1804 1806 1807
f 1807 1806 1808 1809
f 1809 1808 1810 1811
f 1811 1810 1812 1813
f 1813 1812 1814 1815
f 1815 1814 1816 1817
f 1817 1816 1818 1819
f 1819 1818 1820 1821
f 1821 1820 1822 1823
f 1823 1822 1824 1825
f 1825 1824 1826 1827
f 1827 1826 1828 1829
f 1829 1828 1830 1831
f 1833 1834 1835 1836
f 1836 1835 1837 1838
f 1838 1837 1839 1840
f 1840 1839 1841 1842
f 1842 1841 1843 1844
f 1844 1843 1845 1846
f 1846 1845 1847 1848
f 1848 1847 1849 1850
f 1850 1849 1851 1852
f 1852 1851 1853 1854
f 1856 1857 1858 1859
f 1859 1858 1860 1861
f 1861 1860 1862 1863
f 1863 1862 1864 1865
f 1865 1864 1866 1868 1869 1867
f 1869 1868 1870 1871
f 1871 1870 1872 1873
f 1873 1872 1874 1875
f 1875 1874 1876 1877
f 1877 1876 1878 1880 1879
f 1881 1882 1883 1884
f 1884 1883 1885 1886
f 1886 1885 1887 1888
f 1888 1887 1889 1890
f 1890 1889 1891 1892
f 1892 1891 1893 1894
f 1894 1893 1895 1896
f 1896 1895 1897 1898
f 1898 1897 1899 1900
f 1900 1899 1901 1902
f 1902 1901 1903 1904
f 1904 1903 1905 1906
f 1906 1905 1907 1908
f 1908 1907 1909 1910
f 1910 1909 1911 1912
f 1914 1915 1916 1917
f 1917 1916 1918 1919
f 1919 1918 1920 1921
f 1921 1920 1922 1923
f 1923 1922 1924 1925
f 1925 1924 1926 1927
f 1927 1926 1928 1929
f 1929 1928 1930 1931
f 1931 1930 1932 1933
f 1935 1936 1937 1938
f 1938 1937 1939 1940
f 1940 1939 1941 1942
f 1942 1941 1943 1944
f 1944 1943 1945 1946
f 1946 1945 1947 1948
f 1948 1947 1949 1950
f 1950 1949 1951 1952
f 1952 1951 1953 1954
f 1956 1957 1958 1959
f 1959 1958 1960 1961
f 1961 1960 1962 1963
f 1963 1962 1964 1965
f 1965 1964 1966 1967
f 1967 1966 1968 1969
f 1969 1968 1970 1971
f 1971 1970 1972 1973
f 1973 1972 1974 1975
f 1975 1974 1976 1977
f 1977 1976 1978 1979
f 1979 1978 1980 1981
f 1983 1984 1985 1986
f 1986 1985 1987 1988
f 1988 1987 1989 1990
f 1990 1989 1991 1992
f 1992 1991 1993 1994
f 1994 1993 1995 1996
f 1996 1995 1997 1998
f 1998 1997 1999 2000
f 2000 1999 2001 2002
f 2002 2001 2003 2004
f 2004 2003 2005 2006
f 2006 2005 2007 2008
f 2008 2007 2009 2010
f 2012 2013 2014 2015
f 2015 2014 2016 2017
f 2017 2016 2018 2019
f 2019 2018 2020 2021
f 2021 2020 2022 2023
f 2023 2022 2024 2025
f 2025 2024 2026 2027
f 2027 2026 2028 2029
f 2029 2028 2030 2031
f 2031 2030 2032 2033
f 2033 2032 2034 2035
f 2035 2034 2036 2037
f 2039 2040 2041 2042
f 2042 2041 2043 2044
f 2044 2043 2045 2046
f 2046 2045 2047 2048
f 2048 2047 2049 2050
f 2050 2049 2051 2052
f 2052 2051 2053 2054
f 2054 2053 2055 2056
f 2056 2055 2057 2058
f 2058 2057 2059 2060
f 2060 2059 2061 2062
f 2062 2061 2063 2064
f 2064 2063 2065 2066
f 2068 2069 2070 2071
f 2071 2070 2072 2073
f 2073 2072 2074 2075
f 2075 2074 2076 2077
f 2077 2076 2078 2079
f 2079 2078 2080 2081
f 2081 2080 2082 2083
f 2083 2082 2084 2085
f 2085 2084 2086 2087
f 2087 2086 2088 2089
f 2089 2088 2090 2091
f 2091 2090 2092 2093
f 2093 2092 2094 2095
f 2095 2094 2096 2097
f 2099 2100 2101 2102
f 2102 2101 2103 2104
f 2104 2103 2105 2106
f 2106 2105 2107 2108
f 2108 2107 2109 2110
f 2110 2109 2111 2113 2114 2112
f 2114 2113 2115 2116
f 2116 2115 2117 2118
f 2118 2117 2119 2120
f 2120 2119 2121 2122
f 2124 2125 2126 2127
f 2127 2126 2128 2129
f 2129 2128 2130 2131
f 2131 2130 2132 2133
f 2133 2132 2134 2135
f 2135 2134 2136 2137
f 2137 2136 2138 2139
f 2139 2138 2140 2141
f 2141 2140 2142 2143
f 2143 2142 2144 2145
f 2145 2144 2146 2147
f 2147 2146 2148 2149
f 2149 2148 2150 2151
f 2151 2150 2152 2153
f 2153 2152 2154 2155
f 2157 2158 2159 2160
f 2160 2159 2161 2162
f 2162 2161 2163 2164
f 2164 2163 2165 2166
f 2166 2165 2167 2168
f 2168 2167 2169 2171 2172 2170
f 2172 2171 2173 2174
f 2174 2173 2175 2176
f 2176 2175 2177 2178
f 2178 2177 2179 2180
f 2180 2179 2181 2182
f 2182 2181 2183 2184
f 2186 2187 2188 2189
f 2189 2188 2190 2191
f 2191 2190 2192 2193
f 2193 2192 2194 2195
f 2195 2194 2196 2197
f 2197 2196 2198 2199
f 2199 2198 2200 2201
f 2201 2200 2202 2203
f 2203 2202 2204 2205
f 2205 2204 2206 2207
f 2207 2206 2208 2209
f 2211 2212 2213 2214
f 2214 2213 2215 2216
f 2216 2215 2217 2218
f 2218 2217 2219 2220
f 2220 2219 2221 2222
f 2222 2221 2223 2225 2226 2224
f 2226 2225 2227 2228
f 2228 2227 2229 2230
f 2230 2229 2231 2232
f 2232 2231 2233 2234
f 2234 2233 2235 2236
f 2236 2235 2237 2238
f 2238 2237 2239 2240
f 2240 2239 2241 2242
f 2242 2241 2243 2244
f 2244 2243 2245 2246
f 2248 2249 2250 2251
f 2251 2250 2252 2253
f 2253 2252 2254 2255
f 2255 2254 2256 2257
f 2257 2256 2258 2259
f 2259 2258 2260 2262 2263 2261
f 2263 2262 2264 2265
f 2265 2264 2266 2267
f 2267 2266 2268 2269
f 2269 2268 2270 2271
f 2271 2270 2272 2273
f 2273 2272 2274 2275
f 2275 2274 2276 2277
f 2279 2280 2281 2282
f 2282 2281 2283 2284
f 2284 2283 2285 2286
f 2286 2285 2287 2288
f 2288 2287 2289 2290
f 2290 2289 2291 2292
f 2292 2291 2293 2294
f 2294 2293 2295 2296
f 2296 2295 2297 2298
f 2298 2297 2299 2300
f 2300 2299 2301 2302
f 2302 2301 2303 2304
f 2306 2307 2308 2309
f 2309 2308 2310 2311
f 2311 2310 2312 2313
f 2313 2312 2314 2315
f 2315 2314 2316 2317
f 2317 2316 2318 2319
f 2319 2318 2320 2321
f 2321 2320 2322 2323
f 2323 2322 2324 2325
f 2325 2324 2326 2327
f 2327 2326 2328 2329
f 2329 2328 2330 2331
f 2331 2330 2332 2333
f 2335 2336 2337 2338
f 2338 2337 2339 2340
f 2340 2339 2341 2342
f 2342 2341 2343 2344
f 2344 2343 2345 2346
f 2346 2345 2347 2349 2350 2348
f 2350 2349 2351 2352
f 2352 2351 2353 2354
f 2354 2353 2355 2356
f 2356 2355 2357 2358
f 2358 2357 2359 2360
f 2360 2359 2361 2362
f 2362 2361 2363 2364
f 2364 2363 2365 2366
f 2368 2369 2370 2371
f 2371 2370 2372 2373
f 2373 2372 2374 2375
f 2375 2374 2376 2377
f 2377 2376 2378 2379
f 2379 2378 2380 2382 2383 2381
f 2383 2382 2384 2385
f 2385 2384 2386 2387
f 2387 2386 2388 2389
f 2389 2388 2390 2391
f 2393 2394 2395 2396
f 2396 2395 2397 2398
f 2398 2397 2399 2400
f 2400 2399 2401 2402
f 2402 2401 2403 2404
f 2404 2403 2405 2407 2408 2406
f 2408 2407 2409 2410
f 2410 2409 2411 2412
f 2412 2411 2413 2414
f 2414 2413 2415 2416
f 2416 2415 2417 2418
f 2420 2421 2422 2423
f 2423 2422 2424 2425
f 2425 2424 2426 2427
f 2427 2426 2428 2429
f 2429 2428 2430 2432 2433 2431
f 2433 2432 2434 2435
f 2435 2434 2436 2437
f 2437 2436 2438 2439
f 2439 2438 2440 2441
f 2441 2440 2442 2443
f 2443 2442 2444 2445
f 2445 2444 2446 2447
f 2449 2450 2451 2452
f 2452 2451 2453 2454
f 2454 2453 2455 2456
f 2456 2455 2457 2458
f 2458 2457 2459 2460
f 2460 2459 2461 2462
f 2462 2461 2463 2464
f 2464 2463 2465 2466
f 2466 2465 2467 2468
f 2468 2467 2469 2470
f 2470 2469 2471 2472
f 2472 2471 2473 2474
f 2476 2477 2478 2479
f 2479 2478 2480 2481
f 2481 2480 2482 2483
f 2483 2482 2484 2485
f 2485 2484 2486 2487
f 2487 2486 2488 2489
f 2489 2488 2490 2491
f 2491 2490 2492 2493
f 2493 2492 2494 2495
f 2495 2494 2496 2497
f 2497 2496 2498 2499
f 2499 2498 2500 2501
f 2503 2504 2505 2506
f 2506 2505 2507 2508
f 2508 2507 2509 2510
f 2510 2509 2511 2512
f 2512 2511 2513 2514
f 2514 2513 2515 2516
f 2516 2515 2517 2518
f 2518 2517 2519 2520
f 2520 2519 2521 2522
f 2522 2521 2523 2524
f 2524 2523 2525 2526
f 2526 2525 2527 2528
f 2528 2527 2529 2530
f 2532 2533 2534 2535
f 2535 2534 2536 2537
f 2537 2536 2538 2539
f 2539 2538 2540 2541
f 2541 2540 2542 2543
f 2543 2542 2544 2545
f 2545 2544 2546 2547
f 2547 2546 2548 2549
f 2549 2548 2550 2551
f 2551 2550 2552 2553
f 2553 2552 2554 2555
f 2557 2558 2559 2560
f 2560 2559 2561 2562
f 2562 2561 2563 2564
f 2564 2563 2565 2566
f 2566 2565 2567 2568
f 2568 2567 2569 2571 2572 2570
f 2572 2571 2573 2574
f 2574 2573 2575 2576
f 2576 2575 2577 2578
f 2578 2577 2579 2580
f 2580 2579 2581 2582
f 2584 2585 2586 2587
f 2587 2586 2588 2589
f 2589 2588 2590 2591
f 2591 2590 2592 2593
f 2593 2592 2594 2595
f 2595 2594 2596 2597
f 2597 2596 2598 2599
f 2599 2598 2600 2601
f 2601 2600 2602 2603
f 2603 2602 2604 2605
f 2605 2604 2606 2607
f 2607 2606 2608 2609
f 2609 2608 2610 2611
f 2613 2614 2615 2616
f 2616 2615 2617 2618
f 2618 2617 2619 2620
f 2620 2619 2621 2622
f 2622 2621 2623 2624
f 2624 2623 2625 2627 2628 2626
f 2628 2627 2629 2630
f 2630 2629 2631 2632
f 2632 2631 2633 2634
f 2634 2633 2635 2636
f 2638 2639 2640 2641
f 2641 2640 2642 2643
f 2643 2642 2644 2645
f 2645 2644 2646 2647
f 2647 2646 2648 2649
f 2649 2648 2650 2651
f 2651 2650 2652 2653
f 2653 2652 2654 2655
f 2655 2654 2656 2657
f 2657 2656 2658 2659
f 2659 2658 2660 2661
f 2663 2664 2665 2666
f 2666 2665 2667 2668
f 2668 2667 2669 2670
f 2670 2669 2671 2672
f 2672 2671 2673 2674
f 2674 2673 2675 2677 2678 2676
f 2678 2677 2679 2680
f 2680 2679 2681 2682
f 2682 2681 2683 2684
f 2686 2687 2688 2689
f 2689 2688 2690 2691
f 2691 2690 2692 2693
f 2693 2692 2694 2695
f 2695 2694 2696 2697
f 2697 2696 2698 2700 2701 2699
f 2701 2700 2702 2703
f 2703 2702 2704 2705
f 2705 2704 2706 2707
f 2707 2706 2708 2709
f 2709 2708 2710 2711
f 2713 2714 2715 2716
f 2716 2715 2717 2718
f 2718 2717 2719 2720
f 2720 2719 2721 2722
f 2722 2721 2723 2724
f 2724 2723 2725 2726
f 2726 2725 2727 2728
f 2728 2727 2729 2730
f 2730 2729 2731 2732
f 2732 2731 2733 2734
f 2734 2733 2735 2736
f 2736 2735 2737 2738
f 2738 2737 2739 2740
f 2742 2743 2744 2745
f 2745 2744 2746 2747
f 2747 2746 2748 2749
f 2749 2748 2750 2751
f 2751 2750 2752 2754 2755 2753
f 2755 2754 2756 2757
f 2757 2756 2758 2759
f 2759 2758 2760 2761
f 2761 2760 2762 2764 2763
f 2765 2766 2767 2768
f 2768 2767 2769 2770
f 2770 2769 2771 2772
f 2772 2771 2773 2774
f 2774 2773 2775 2776
f 2776 2775 2777 2779 2780 2778
f 2780 2779 2781 2782
f 2782 2781 2783 2784
f 2784 2783 2785 2786
f 2786 2785 2787 2788
f 2788 2787 2789 2790
f 2790 2789 2791 2792
f 2794 2795 2796 2797
f 2797 2796 2798 2799
f 2799 2798 2800 2801
f 2801 2800 2802 2803
f 2803 2802 2804 2805
f 2805 2804 2806 2807
f 2807 2806 2808 2809
f 2809 2808 2810 2811
f 2811 2810 2812 2813
f 2813 2812 2814 2815
f 2815 2814 2816 2817
f 2817 2816 2818 2819
f 2821 2822 2823 2824
f 2824 2823 2825 2826
f 2826 2825 2827 2828
f 2828 2827 2829 2830
f 2830 2829 2831 2833 2834 2832
f 2834 2833 2835 2836
f 2836 2835 2837 2838
f 2838 2837 2839 2840
f 2840 2839 2841 2843 2842
f 2844 2845 2846 2847
f 2847 2846 2848 2849
f 2849 2848 2850 2851
f 2851 2850 2852 2853
f 2853 2852 2854 2855
f 2855 2854 2856 2857
f 2857 2856 2858 2859
f 2859 2858 2860 2861
f 2861 2860 2862 2863
f 2863 2862 2864 2865
f 2865 2864 2866 2867
f 2869 2870 2871 2872
f 2872 2871 2873 2874
f 2874 2873 2875 2876
f 2876 2875 2877 2878
f 2878 2877 2879 2880
f 2880 2879 2881 2882
f 2882 2881 2883 2884
f 2884 2883 2885 2886
f 2886 2885 2887 2888
f 2888 2887 2889 2890
f 2890 2889 2891 2892
f 2892 2891 2893 2894
f 2894 2893 2895 2896
f 2896 2895 2897 2898
f 2900 2901 2902 2903
f 2903 2902 2904 2905
f 2905 2904 2906 2907
f 2907 2906 2908 2909
f 2909 2908 2910 2911
f 2911 2910 2912 2913
f 2913 2912 2914 2915
f 2915 2914 2916 2917
f 2917 2916 2918 2919
f 2919 2918 2920 2921
f 2921 2920 2922 2923
f 2923 2922 2924 2925
f 2925 2924 2926 2927
f 2927 2926 2928 2929
f 2931 2932 2933 2934
f 2934 2933 2935 2936
f 2936 2935 2937 2938
f 2938 2937 2939 2940
f 2940 2939 2941 2942
f 2942 2941 2943 2944
f 2944 2943 2945 2946
f 2946 2945 2947 2948
f 2948 2947 2949 2950
f 2950 2949 2951 2952
f 2952 2951 2953 2954
f 2954 2953 2955 2956
f 2956 2955 2957 2958
f 2960 2961 2962 2963
f 2963 2962 2964 2965
f 2965 2964 2966 2967
f 2967 2966 2968 2969
f 2969 2968 2970 2971
f 2971 2970 2972 2973
f 2973 2972 2974 2975
f 2975 2974 2976 2977
f 2977 2976 2978 2979
f 2979 2978 2980 2981
f 2981 2980 2982 2983
f 2983 2982 2984 2985
f 2985 2984 2986 2987
f 2987 2986 2988 2989
f 2991 2992 2993 2994
f 2994 2993 2995 2996
f 2996 2995 2997 2998
f 2998 2997 2999 3000
f 3000 2999 3001 3002
f 3002 3001 3003 3005 3006 3004
f 3006 3005 3007 3008
f 3008 3007 3009 3010
f 3010 3009 3011 3012
f 3012 3011 3013 3014
f 3014 3013 3015 3016
f 3018 3019 3020 3022 3023 3021
f 3023 3022 3024 3026 3027 3025
f 3027 3026 3028 3030 3031 3029
f 3031 3030 3032 3034 3035 3033
f 3035 3034 3036 3037
f 3037 3036 3038 3039
f 3039 3038 3040 3041
f 3043 3044 3045 3046
f 3046 3045 3047 3048
f 3048 3047 3049 3050
f 3050 3049 3051 3052
f 3052 3051 3053 3054
f 3054 3053 3055 3056
f 3056 3055 3057 3058
f 3058 3057 3059 3060
f 3060 3059 3061 3062
f 3062 3061 3063 3064
f 3064 3063 3065 3066
f 3066 3065 3067 3068
f 3070 3071 3072 3073
f 3073 3072 3074 3075
f 3075 3074 3076 3077
f 3077 3076 3078 3079
f 3079 3078 3080 3081
f 3081 3080 3082 3083
f 3083 3082 3084 3085
f 3085 3084 3086 3087
f 3087 3086 3088 3089
f 3089 3088 3090 3091
f 3091 3090 3092 3093
f 3093 3092 3094 3095
f 3095 3094 3096 3097
f 3097 3096 3098 3099
f 3101 3102 3103 3104
f 3104 3103 3105 3106
f 3106 3105 3107 3108
f 3108 3107 3109 3110
f 3110 3109 3111 3113 3114 3112
f 3114 3113 3115 3116
f 3116 3115 3117 3118
f 3118 3117 3119 3120
f 3120 3119 3121 3122
f 3122 3121 3123 3125 3124
f 3126 3127 3128 3129
f 3129 3128 3130 3131
f 3131 3130 3132 3133
f 3133 3132 3134 3135
f 3135 3134 3136 3137
f 3137 3136 3138 3139
f 3139 3138 3140 3141
f 3141 3140 3142 3143
f 3143 3142 3144 3145
f 3145 3144 3146 3147
f 3147 3146 3148 3149
f 3149 3148 3150 3151
f 3151 3150 3152 3153
f 3153 3152 3154 3155
f 3157 3158 3159 3160
f 3160 3159 3161 3162
f 3162 3161 3163 3164
f 3164 3163 3165 3166
f 3166 3165 3167 3169 3170 3168
f 3170 3169 3171 3172
f 3172 3171 3173 3174
f 3174 3173 3175 3177 3176
f 3178 3179 3180 3181
f 3181 3180 3182 3183
f 3183 3182 3184 3185
f 3185 3184 3186 3187
f 3187 3186 3188 3189
f 3189 3188 3190 3191
f 3191 3190 3192 3193
f 3193 3192 3194 3195
f 3195 3194 3196 3197
f 3197 3196 3198 3199
f 3199 3198 3200 3201
f 3201 3200 3202 3203
f 3203 3202 3204 3205
f 3207 3208 3209 3210
f 3210 3209 3211 3212
f 3212 3211 3213 3214
f 3214 3213 3215 3216
f 3216 3215 3217 3218
f 3218 3217 3219 3220
f 3220 3219 3221 3222
f 3222 3221 3223 3224
f 3224 3223 3225 3226
f 3226 3225 3227 3228
f 3228 3227 3229 3230
f 3230 3229 3231 3232
f 3232 3231 3233 3234
f 3236 3237 3238 3239
f 3239 3238 3240 3241
f 3241 3240 3242 3243
f 3243 3242 3244 3245
f 3245 3244 3246 3247
f 3247 3246 3248 3249
f 3249 3248 3250 3251
f 3251 3250 3252 3253
f 3253 3252 3254 3255
f 3255 3254 3256 3257
f 3257 3256 3258 3259
f 3259 3258 3260 3261
f 3261 3260 3262 3263
f 3263 3262 3264 3265
f 3265 3264 3266 3267
f 3269 3270 3271 3272
f 3272 3271 3273 3274
f 3274 3273 3275 3276
f 3276 3275 3277 3278
f 3278 3277 3279 3280
f 3280 3279 3281 3282
f 3282 3281 3283 3284
f 3284 3283 3285 3286
f 3286 3285 3287 3288
f 3288 3287 3289 3290
f 3290 3289 3291 3292
f 3292 3291 3293 3294
f 3296 3297 3298 3299
f 3299 3298 3300 3301
f 3301 3300 3302 3303
f 3303 3302 3304 3305
f 3305 3304 3306 3307
f 3307 3306 3308 3309
f 3309 3308 3310 3311
f 3311 3310 3312 3313
f 3313 3312 3314 3315
f 3315 3314 3316 3317
f 3317 3316 3318 3319
f 3319 3318 3320 3321
f 3321 3320 3322 3323
f 3323 3322 3324 3325
f 3325 3324 3326 3327
f 3327 3326 3328 3329
f 3331 3332 3333 3334
f 3334 3333 3335 3336
f 3336 3335 3337 3338
f 3338 3337 3339 3340
f 3340 3339 3341 3342
f 3342 3341 3343 3345 3346 3344
f 3346 3345 3347 3348
f 3348 3347 3349 3350
f 3350 3349 3351 3352
f 3352 3351 3353 3354
f 3354 3353 3355 3356
f 3356 3355 3357 3358
f 3360 3361 3362 3363
f 3363 3362 3364 3365
f 3365 3364 3366 3367
f 3367 3366 3368 3369
f 3369 3368 3370 3371
f 3371 3370 3372 3373
f 3373 3372 3374 3375
f 3375 3374 3376 3377
f 3377 3376 3378 3379
f 3379 3378 3380 3381
f 3381 3380 3382 3383
f 3385 3386 3387 3388
f 3388 3387 3389 3390
f 3390 3389 3391 3392
f 3392 3391 3393 3394
f 3394 3393 3395 3396
f 3396 3395 3397 3398
f 3398 3397 3399 3401 3402 3400
f 3402 3401 3403 3404
f 3404 3403 3405 3406
f 3406 3405 3407 3408
f 3408 3407 3409 3410
f 3410 3409 3411 3412
f 3414 3415 3416 3417
f 3417 3416 3418 3419
f 3419 3418 3420 3421
f 3421 3420 3422 3423
f 3423 3422 3424 3425
f 3425 3424 3426 3427
f 3427 3426 3428 3429
f 3429 3428 3430 3431
f 3431 3430 3432 3433
f 3433 3432 3434 3435
f 3435 3434 3436 3437
f 3437 3436 3438 3439
f 3439 3438 3440 3441
f 3443 3444 3445 3447 3448 3446
f 3448 3447 3449 3451 3452 3450
f 3452 3451 3453 3455 3457 3458 3456 3454
f 3458 3457 3459 3460
f 3460 3459 3461 3462
f 3462 3461 3463 3464
f 3466 3467 3468 3469
f 3469 3468 3470 3471
f 3471 3470 3472 3473
f 3473 3472 3474 3475
f 3475 3474 3476 3477
f 3477 3476 3478 3479
f 3479 3478 3480 3481
f 3481 3480 3482 3483
f 3483 3482 3484 3485
f 3485 3484 3486 3487
f 3489 3490 3491 3492
f 3492 3491 3493 3494
f 3494 3493 3495 3496
f 3496 3495 3497 3498
f 3498 3497 3499 3500
f 3500 3499 3501 3502
f 3502 3501 3503 3504
f 3504 3503 3505 3506
f 3506 3505 3507 3508
f 3508 3507 3509 3510
f 3510 3509 3511 3512
f 3512 3511 3513 3514
f 3514 3513 3515 3516
f 3516 3515 3517 3518
f 3520 3521 3522 3523
f 3523 3522 3524 3525
f 3525 3524 3526 3527
f 3527 3526 3528 3529
f 3529 3528 3530 3531
f 3531 3530 3532 3534 3535 3533
f 3535 3534 3536 3537
f 3537 3536 3538 3539
f 3539 3538 3540 3541
f 3541 3540 3542 3543
f 3543 3542 3544 3545
f 3547 3548 3549 3550
f 3550 3549 3551 3552
f 3552 3551 3553 3554
f 3554 3553 3555 3556
f 3556 3555 3557 3558
f 3558 3557 3559 3560
f 3560 3559 3561 3562
f 3562 3561 3563 3564
f 3564 3563 3565 3566
f 3566 3565 3567 3568
f 3568 3567 3569 3570
f 3570 3569 3571 3572
f 3572 3571 3573 3574
f 3574 3573 3575 3576
f 3578 3579 3580 3581
f 3581 3580 3582 3583
f 3583 3582 3584 3585
f 3585 3584 3586 3587
f 3587 3586 3588 3589
f 3589 3588 3590 3591
f 3591 3590 3592 3593
f 3593 3592 3594 3595
f 3595 3594 3596 3597
f 3597 3596 3598 3599
f 3601 3602 3603 3604
f 3604 3603 3605 3606
f 3606 3605 3607 3608
f 3608 3607 3609 3610
f 3610 3609 3611 3612
f 3612 3611 3613 3614
f 3614 3613 3615 3616
f 3616 3615 3617 3618
f 3618 3617 3619 3620
f 3620 3619 3621 3622
f 3622 3621 3623 3624
f 3624 3623 3625 3626
f 3628 3629 3630 3631
f 3631 3630 3632 3633
f 3633 3632 3634 3635
f 3635 3634 3636 3637
f 3637 3636 3638 3639
f 3639 3638 3640 3641
f 3641 3640 3642 3643
f 3643 3642 3644 3645
f 3645 3644 3646 3647
f 3647 3646 3648 3649
f 3649 3648 3650 3651
f 3653 3654 3655 3656
f 3656 3655 3657 3658
f 3658 3657 3659 3660
f 3660 3659 3661 3662
f 3662 3661 3663 3664
f 3664 3663 3665 3666
f 3666 3665 3667 3668
f 3668 3667 3669 3670
f 3670 3669 3671 3672
f 3672 3671 3673 3674
f 3674 3673 3675 3676
f 3676 3675 3677 3678
f 3678 3677 3679 3680
f 3682 3683 3684 3685
f 3685 3684 3686 3687
f 3687 3686 3688 3689
f 3689 3688 3690 3691
f 3691 3690 3692 3693
f 3693 3692 3694 3695
f 3695 3694 3696 3697
f 3697 3696 3698 3699
f 3699 3698 3700 3701
f 3701 3700 3702 3703
f 3703 3702 3704 3705
f 3705 3704 3706 3707
f 3709 3710 3711 3712
f 3712 3711 3713 3714
f 3714 3713 3715 3716
f 3716 3715 3717 3718
f 3718 3717 3719 3720
f 3720 3719 3721 3722
f 3722 3721 3723 3724
f 3724 3723 3725 3726
f 3726 3725 3727 3728
f 3728 3727 3729 3730
f 3730 3729 3731 3732
f 3732 3731 3733 3734
f 3734 3733 3735 3736
f 3738 3739 3740 3741
f 3741 3740 3742 3743
f 3743 3742 3744 3745
f 3745 3744 3746 3747
f 3747 3746 3748 3749
f 3749 3748 3750 3751
f 3751 3750 3752 3753
f 3753 3752 3754 3755
f 3755 3754 3756 3757
f 3757 3756 3758 3759
f 3759 3758 3760 3761
f 3761 3760 3762 3763
f 3763 3762 3764 3765
f 3767 3768 3769 3770
f 3770 3769 3771 3772
f 3772 3771 3773 3774
f 3774 3773 3775 3776
f 3776 3775 3777 3778
f 3778 3777 3779 3780
f 3780 3779 3781 3782
f 3782 3781 3783 3784
f 3784 3783 3785 3786
f 3786 3785 3787 3788
f 3788 3787 3789 3790
f 3790 3789 3791 3792
f 3794 3795 3796 3797
f 3797 3796 3798 3799
f 3799 3798 3800 3801
f 3801 3800 3802 3803
f 3803 3802 3804 3806 3807 3805
f 3807 3806 3808 3809
f 3809 3808 3810 3811
f 3811 3810 3812 3813
f 3813 3812 3814 3815
f 3815 3814 3816 3817
f 3817 3816 3818 3820 3819
f 3821 3822 3823 3824
f 3824 3823 3825 3826
f 3826 3825 3827 3828
f 3828 3827 3829 3830
f 3830 3829 3831 3832
f 3832 3831 3833 3835 3836 3834
f 3836 3835 3837 3838
f 3838 3837 3839 3840
f 3840 3839 3841 3842
f 3842 3841 3843 3844
f 3844 3843 3845 3846
f 3846 3845 3847 3848
f 3850 3851 3852 3853
f 3853 3852 3854 3855
f 3855 3854 3856 3857
f 3857 3856 3858 3859
f 3859 3858 3860 3862 3863 3861
f 3863 3862 3864 3865
f 3865 3864 3866 3867
f 3867 3866 3868 3869
f 3869 3868 3870 3871
f 3871 3870 3872 3873
f 3873 3872 3874 3875
f 3875 3874 3876 3877
f 3879 3880 3881 3882
f 3882 3881 3883 3884
f 3884 3883 3885 3886
f 3886 3885 3887 3888
f 3888 3887 3889 3890
f 3890 3889 3891 3892
f 3892 3891 3893 3894
f 3894 3893 3895 3896
f 3896 3895 3897 3898
f 3898 3897 3899 3900
f 3900 3899 3901 3902
f 3902 3901 3903 3904
f 3904 3903 3905 3906
f 3908 3909 3910 3911
f 3911 3910 3912 3913
f 3913 3912 3914 3915
f 3915 3914 3916 3917
f 3917 3916 3918 3920 3921 3919
f 3921 3920 3922 3923
f 3923 3922 3924 3925
f 3925 3924 3926 3927
f 3927 3926 3928 3930 3929
f 3931 3932 3933 3934
f 3934 3933 3935 3936
f 3936 3935 3937 3938
f 3938 3937 3939 3940
f 3940 3939 3941 3942
f 3942 3941 3943 3944
f 3944 3943 3945 3946
f 3946 3945 3947 3948
f 3948 3947 3949 3950
f 3950 3949 3951 3952
f 3952 3951 3953 3954
f 3954 3953 3955 3956
f 3958 3959 3960 3961
f 3961 3960 3962 3963
f 3963 3962 3964 3965
f 3965 3964 3966 3967
f 3967 3966 3968 3969
f 3969 3968 3970 3971
f 3971 3970 3972 3974 3975 3973
f 3975 3974 3976 3977
f 3977 3976 3978 3979
f 3979 3978 3980 3981
f 3981 3980 3982 3983
f 3983 3982 3984 3985
f 3987 3988 3989 3990
f 3990 3989 3991 3992
f 3992 3991 3993 3994
f 3994 3993 3995 3996
f 3996 3995 3997 3998
f 3998 3997 3999 4000
f 4000 3999 4001 4002
f 4002 4001 4003 4004
f 4004 4003 4005 4006
f 4006 4005 4007 4008
f 4008 4007 4009 4010
f 4010 4009 4011 4012
f 4012 4011 4013 4014
f 4014 4013 4015 4016
f 4018 4019 4020 4021
f 4021 4020 4022 4023
f 4023 4022 4024 4025
f 4025 4024 4026 4027
f 4027 4026 4028 4029
f 4029 4028 4030 4031
f 4031 4030 4032 4033
f 4033 4032 4034 4035
f 4035 4034 4036 4037
f 4037 4036 4038 4039
f 4039 4038 4040 4041
f 4043 4044 4045 4046
f 4046 4045 4047 4048
f 4048 4047 4049 4050
f 4050 4049 4051 4052
f 4052 4051 4053 4054
f 4054 4053 4055 4056
f 4056 4055 4057 4058
f 4058 4057 4059 4060
f 4060 4059 4061 4062
f 4062 4061 4063 4064
f 4064 4063 4065 4066
f 4066 4065 4067 4068
f 4068 4067 4069 4070
f 4070 4069 4071 4072
f 4074 4075 4076 4077
f 4077 4076 4078 4079
f 4079 4078 4080 4081
f 4081 4080 4082 4083
f 4083 4082 4084 4086 4087 4085
f 4087 4086 4088 4089
f 4089 4088 4090 4091
f 4091 4090 4092 4093
f 4093 4092 4094 4095
f 4095 4094 4096 4098 4097
f 4099 4100 4101 4102
f 4102 4101 4103 4104
f 4104 4103 4105 4106
f 4106 4105 4107 4108
f 4108 4107 4109 4110
f 4110 4109 4111 4112
f 4112 4111 4113 4114
f 4114 4113 4115 4116
f 4116 4115 4117 4118
f 4118 4117 4119 4120
f 4120 4119 4121 4122
f 4124 4125 4126 4127
f 4127 4126 4128 4129
f 4129 4128 4130 4131
f 4131 4130 4132 4133
f 4133 4132 4134 4135
f 4135 4134 4136 4138 4139 4137
f 4139 4138 4140 4141
f 4141 4140 4142 4143
f 4143 4142 4144 4145
f 4145 4144 4146 4147
f 4147 4146 4148 4149
f 4151 4152 4153 4154
f 4154 4153 4155 4156
f 4156 4155 4157 4158
f 4158 4157 4159 4160
f 4160 4159 4161 4162
f 4162 4161 4163 4164
f 4164 4163 4165 4166
f 4166 4165 4167 4168
f 4168 4167 4169 4170
f 4170 4169 4171 4172
f 4174 4175 4176 4177
f 4177 4176 4178 4179
f 4179 4178 4180 4181
f 4181 4180 4182 4183
f 4183 4182 4184 4185
f 4185 4184 4186 4187
f 4187 4186 4188 4189
f 4189 4188 4190 4191
f 4191 4190 4192 4193
f 4193 4192 4194 4195
f 4195 4194 4196 4197
f 4197 4196 4198 4199
f 4199 4198 4200 4201
f 4203 4204 4205 4206
f 4206 4205 4207 4208
f 4208 4207 4209 4210
f 4210 4209 4211 4212
f 4212 4211 4213 4214
f 4214 4213 4215 4217 4218 4216
f 4218 4217 4219 4220
f 4220 4219 4221 4222
f 4222 4221 4223 4224
f 4224 4223 4225 4226
f 4226 4225 4227 4228
f 4230 4231 4232 4233
f 4233 4232 4234 4235
f 4235 4234 4236 4237
f 4237 4236 4238 4239
f 4239 4238 4240 4241
f 4241 4240 4242 4243
f 4243 4242 4244 4246 4247 4245
f 4247 4246 4248 4249
f 4249 4248 4250 4251
f 4251 4250 4252 4253
f 4253 4252 4254 4255
f 4257 4258 4259 4261 4262 4260
f 4262 4261 4263 4265 4266 4264
f 4266 4265 4267 4269 4270 4268
f 4270 4269 4271 4272
f 4272 4271 4273 4274
f 4274 4273 4275 4277 4276
f 4278 4279 4280 4281
f 4281 4280 4282 4283
f 4283 4282 4284 4285
f 4285 4284 4286 4287
f 4287 4286 4288 4289
f 4289 4288 4290 4291
f 4291 4290 4292 4293
f 4293 4292 4294 4295
f 4295 4294 4296 4297
f 4297 4296 4298 4299
f 4299 4298 4300 4301
f 4301 4300 4302 4303
f 4303 4302 4304 4305
f 4305 4304 4306 4307
f 4307 4306 4308 4309
f 4309 4308 4310 4311
f 4311 4310 4312 4313
f 4315 4316 4317 4318
f 4318 4317 4319 4320
f 4320 4319 4321 4322
f 4322 4321 4323 4324
f 4324 4323 4325 4326
f 4326 4325 4327 4328
f 4328 4327 4329 4330
f 4330 4329 4331 4332
f 4332 4331 4333 4334
f 4334 4333 4335 4336
f 4336 4335 4337 4338
f 4338 4337 4339 4340
f 4340 4339 4341 4342
f 4342 4341 4343 4344
f 4344 4343 4345 4346
f 4348 4349 4350 4352 4353 4351
f 4353 4352 4354 4356 4357 4355
f 4357 4356 4358 4360 4361 4359
f 4361 4360 4362 4363
f 4363 4362 4364 4365
f 4365 4364 4366 4367
f 4367 4366 4368 4369
f 4371 4372 4373 4374
f 4374 4373 4375 4376
f 4376 4375 4377 4378
f 4378 4377 4379 4380
f 4380 4379 4381 4382
f 4382 4381 4383 4384
f 4384 4383 4385 4386
f 4386 4385 4387 4388
f 4388 4387 4389 4390
f 4390 4389 4391 4392
f 4392 4391 4393 4394
f 4394 4393 4395 4396
f 4396 4395 4397 4398
f 4398 4397 4399 4400
f 4402 4403 4404 4405
f 4405 4404 4406 4407
f 4407 4406 4408 4409
f 4409 4408 4410 4411
f 4411 4410 4412 4413
f 4413 4412 4414 4415
f 4415 4414 4416 4417
f 4417 4416 4418 4419
f 4419 4418 4420 4421
f 4421 4420 4422 4423
f 4423 4422 4424 4425
f 4425 4424 4426 4427
f 4427 4426 4428 4429
f 4429 4428 4430 4431
f 4433 4434 4435 4436
f 4436 4435 4437 4438
f 4438 4437 4439 4440
f 4440 4439 4441 4442
f 4442 4441 4443 4444
f 4444 4443 4445 4447 4448 4446
f 4448 4447 4449 4450
f 4450 4449 4451 4452
f 4452 4451 4453 4454
f 4454 4453 4455 4456
f 4456 4455 4457 4458
f 4458 4457 4459 4460
f 4462 4463 4464 4465
f 4465 4464 4466 4467
f 4467 4466 4468 4469
f 4469 4468 4470 4471
f 4471 4470 4472 4473
f 4473 4472 4474 4475
f 4475 4474 4476 4477
f 4477 4476 4478 4479
f 4479 4478 4480 4481
f 4481 4480 4482 4483
f 4483 4482 4484 4485
f 4485 4484 4486 4487
f 4487 4486 4488 4489
f 4489 4488 4490 4491
f 4493 4494 4495 4496
f 4496 4495 4497 4498
f 4498 4497 4499 4500
f 4500 4499 4501 4502
f 4502 4501 4503 4504
f 4504 4503 4505 4506
f 4506 4505 4507 4508
f 4508 4507 4509 4510
f 4510 4509 4511 4512
f 4512 4511 4513 4514
f 4514 4513 4515 4516
f 4516 4515 4517 4518
f 4520 4521 4522 4524 4525 4523
f 4525 4524 4526 4528 4529 4527
f 4529 4528 4530 4532 4533 4531
f 4533 4532 4534 4535
f 4535 4534 4536 4537
f 4537 4536 4538 4540 4539
f 4541 4542 4543 4544
f 4544 4543 4545 4546
f 4546 4545 4547 4548
f 4548 4547 4549 4550
f 4550 4549 4551 4552
f 4552 4551 4553 4555 4556 4554
f 4556 4555 4557 4558
f 4558 4557 4559 4560
f 4560 4559 4561 4562
f 4562 4561 4563 4564
f 4564 4563 4565 4566
f 4566 4565 4567 4568
f 4568 4567 4569 4570
f 4572 4573 4574 4575
f 4575 4574 4576 4577
f 4577 4576 4578 4579
f 4579 4578 4580 4581
f 4581 4580 4582 4583
f 4583 4582 4584 4585
f 4585 4584 4586 4587
f 4587 4586 4588 4589
f 4589 4588 4590 4591
f 4591 4590 4592 4593
f 4593 4592 4594 4595
f 4595 4594 4596 4597
f 4597 4596 4598 4599
f 4599 4598 4600 4601
f 4603 4604 4605 4606
f 4606 4605 4607 4608
f 4608 4607 4609 4610
f 4610 4609 4611 4612
f 4612 4611 4613 4614
f 4614 4613 4615 4616
f 4616 4615 4617 4618
f 4618 4617 4619 4620
f 4620 4619 4621 4622
f 4622 4621 4623 4624
f 4624 4623 4625 4626
f 4626 4625 4627 4628
f 4628 4627 4629 4630
f 4632 4633 4634 4635
f 4635 4634 4636 4637
f 4637 4636 4638 4639
f 4639 4638 4640 4641
f 4641 4640 4642 4643
f 4643 4642 4644 4645
f 4645 4644 4646 4647
f 4647 4646 4648 4649
f 4649 4648 4650 4651
f 4651 4650 4652 4653
f 4653 4652 4654 4655
f 4655 4654 4656 4657
f 4657 4656 4658 4659
f 4659 4658 4660 4661
f 4663 4664 4665 4666
f 4666 4665 4667 4668
f 4668 4667 4669 4670
f 4670 4669 4671 4672
f 4672 4671 4673 4674
f 4674 4673 4675 4676
f 4676 4675 4677 4678
f 4678 4677 4679 4680
f 4680 4679 4681 4682
f 4682 4681 4683 4684
f 4684 4683 4685 4686
f 4686 4685 4687 4688
f 4690 4691 4692 4693
f 4693 4692 4694 4695
f 4695 4694 4696 4697
f 4697 4696 4698 4699
f 4699 4698 4700 4702 4703 4701
f 4703 4702 4704 4705
f 4705 4704 4706 4707
f 4707 4706 4708 4709
f 4709 4708 4710 4712 4711
f 4713 4714 4715 4716
f 4716 4715 4717 4718
f 4718 4717 4719 4720
f 4720 4719 4721 4722
f 4722 4721 4723 4724
f 4724 4723 4725 4726
f 4726 4725 4727 4729 4730 4728
f 4730 4729 4731 4732
f 4732 4731 4733 4734
f 4734 4733 4735 4736
f 4736 4735 4737 4738
f 4738 4737 4739 4740
f 4740 4739 4741 4742
f 4742 4741 4743 4744
f 4746 4747 4748 4749
f 4749 4748 4750 4751
f 4751 4750 4752 4753
f 4753 4752 4754 4755
f 4755 4754 4756 4757
f 4757 4756 4758 4760 4761 4759
f 4761 4760 4762 4763
f 4763 4762 4764 4765
f 4765 4764 4766 4767
f 4767 4766 4768 4769
f 4771 4772 4773 4774
f 4774 4773 4775 4776
f 4776 4775 4777 4778
f 4778 4777 4779 4780
f 4780 4779 4781 4782
f 4782 4781 4783 4784
f 4784 4783 4785 4786
f 4786 4785 4787 4788
f 4788 4787 4789 4790
f 4790 4789 4791 4792
f 4792 4791 4793 4794
f 4794 4793 4795 4796
f 4798 4799 4800 4801
f 4801 4800 4802 4803
f 4803 4802 4804 4805
f 4805 4804 4806 4807
f 4807 4806 4808 4809
f 4809 4808 4810 4811
f 4811 4810 4812 4813
f 4813 4812 4814 4815
f 4815 4814 4816 4817
f 4817 4816 4818 4819
f 4819 4818 4820 4821
f 4823 4824 4825 4826
f 4826 4825 4827 4828
f 4828 4827 4829 4830
f 4830 4829 4831 4832
f 4832 4831 4833 4834
f 4834 4833 4835 4836
f 4836 4835 4837 4838
f 4838 4837 4839 4840
f 4840 4839 4841 4842
f 4842 4841 4843 4844
f 4844 4843 4845 4846
f 4846 4845 4847 4848
f 4850 4851 4852 4853
f 4853 4852 4854 4855
f 4855 4854 4856 4857
f 4857 4856 4858 4859
f 4859 4858 4860 4861
f 4861 4860 4862 4864 4865 4863
f 4865 4864 4866 4867
f 4867 4866 4868 4869
f 4869 4868 4870 4871
f 4871 4870 4872 4873
f 4873 4872 4874 4875
f 4877 4878 4879 4880
f 4880 4879 4881 4882
f 4882 4881 4883 4884
f 4884 4883 4885 4886
f 4886 4885 4887 4888
f 4888 4887 4889 4890
f 4890 4889 4891 4892
f 4892 4891 4893 4894
f 4894 4893 4895 4896
f 4896 4895 4897 4898
f 4898 4897 4899 4900
f 4900 4899 4901 4902
f 4902 4901 4903 4904
f 4904 4903 4905 4906
f 4906 4905 4907 4908
f 4910 4911 4912 4913
f 4913 4912 4914 4915
f 4915 4914 4916 4917
f 4917 4916 4918 4919
f 4919 4918 4920 4921
f 4921 4920 4922 4924 4925 4923
f 4925 4924 4926 4927
f 4927 4926 4928 4929
f 4929 4928 4930 4931
f 4931 4930 4932 4933
f 4935 4936 4937 4938
f 4938 4937 4939 4940
f 4940 4939 4941 4942
f 4942 4941 4943 4944
f 4944 4943 4945 4946
f 4946 4945 4947 4948
f 4948 4947 4949 4950
f 4950 4949 4951 4952
f 4952 4951 4953 4954
f 4954 4953 4955 4956
f 4956 4955 4957 4958
f 4958 4957 4959 4960
f 4960 4959 4961 4962
f 4964 4965 4966 4967
f 4967 4966 4968 4969
f 4969 4968 4970 4971
f 4971 4970 4972 4973
f 4973 4972 4974 4975
f 4975 4974 4976 4977
f 4977 4976 4978 4979
f 4979 4978 4980 4981
f 4981 4980 4982 4983
f 4983 4982 4984 4985
f 4985 4984 4986 4987
f 4987 4986 4988 4989
f 4989 4988 4990 4991
f 4991 4990 4992 4993
f 4995 4996 4997 4998
f 4998 4997 4999 5000
f 5000 4999 5001 5002
f 5002 5001 5003 5004
f 5004 5003 5005 5006
f 5006 5005 5007 5009 5010 5008
f 5010 5009 5011 5012
f 5012 5011 5013 5014
f 5014 5013 5015 5016
f 5016 5015 5017 5018
f 5018 5017 5019 5020
f 5020 5019 5021 5022
f 5024 5025 5026 5027
f 5027 5026 5028 5029
f 5029 5028 5030 5031
f 5031 5030 5032 5033
f 5033 5032 5034 5035
f 5035 5034 5036 5037
f 5037 5036 5038 5039
f 5039 5038 5040 5041
f 5041 5040 5042 5043
f 5043 5042 5044 5045
f 5045 5044 5046 5047
f 5047 5046 5048 5049
f 5049 5048 5050 5051
f 5053 5054 5055 5056
f 5056 5055 5057 5058
f 5058 5057 5059 5060
f 5060 5059 5061 5062
f 5062 5061 5063 5064
f 5064 5063 5065 5067 5068 5066
f 5068 5067 5069 5070
f 5070 5069 5071 5072
f 5072 5071 5073 5074
f 5074 5073 5075 5076
f 5076 5075 5077 5078
f 5078 5077 5079 5080
f 5082 5083 5084 5085
f 5085 5084 5086 5087
f 5087 5086 5088 5089
f 5089 5088 5090 5091
f 5091 5090 5092 5093
f 5093 5092 5094 5095
f 5095 5094 5096 5097
f 5097 5096 5098 5099
f 5099 5098 5100 5101
f 5101 5100 5102 5103
f 5103 5102 5104 5105
f 5105 5104 5106 5107
f 5107 5106 5108 5109
f 5111 5112 5113 5114
f 5114 5113 5115 5116
f 5116 5115 5117 5118
f 5118 5117 5119 5120
f 5120 5119 5121 5122
f 5122 5121 5123 5124
f 5124 5123 5125 5126
f 5126 5125 5127 5128
f 5128 5127 5129 5130
f 5130 5129 5131 5132
f 5132 5131 5133 5134
f 5134 5133 5135 5136
f 5136 5135 5137 5138
f 5140 5141 5142 5143
f 5143 5142 5144 5145
f 5145 5144 5146 5147
f 5147 5146 5148 5149
f 5149 5148 5150 5152 5153 5151
f 5153 5152 5154 5155
f 5155 5154 5156 5157
f 5157 5156 5158 5159
f 5159 5158 5160 5161
f 5161 5160 5162 5163
f 5163 5162 5164 5165
f 5165 5164 5166 5167
f 5169 5170 5171 5172
f 5172 5171 5173 5174
f 5174 5173 5175 5176
f 5176 5175 5177 5178
f 5178 5177 5179 5180
f 5180 5179 5181 5183 5184 5182
f 5184 5183 5185 5186
f 5186 5185 5187 5188
f 5188 5187 5189 5190
f 5190 5189 5191 5192
f 5192 5191 5193 5194
f 5194 5193 5195 5196
f 5196 5195 5197 5198
f 5198 5197 5199 5200
f 5202 5203 5204 5205
f 5205 5204 5206 5207
f 5207 5206 5208 5209
f 5209 5208 5210 5211
f 5211 5210 5212 5213
f 5213 5212 5214 5215
f 5215 5214 5216 5217
f 5217 5216 5218 5219
f 5219 5218 5220 5221
f 5221 5220 5222 5223
f 5223 5222 5224 5225
f 5225 5224 5226 5227
f 5227 5226 5228 5229
f 5231 5232 5233 5234
f 5234 5233 5235 5236
f 5236 5235 5237 5238
f 5238 5237 5239 5240
f 5240 5239 5241 5243 5244 5242
f 5244 5243 5245 5246
f 5246 5245 5247 5248
f 5248 5247 5249 5250
f 5250 5249 5251 5252
f 5252 5251 5253 5254
f 5254 5253 5255 5257 5256
f 5258 5259 5260 5261
f 5261 5260 5262 5263
f 5263 5262 5264 5265
f 5265 5264 5266 5267
f 5267 5266 5268 5269
f 5269 5268 5270 5271
f 5271 5270 5272 5273
f 5273 5272 5274 5275
f 5275 5274 5276 5277
f 5277 5276 5278 5279
f 5279 5278 5280 5281
f 5283 5284 5285 5286
f 5286 5285 5287 5288
f 5288 5287 5289 5290
f 5290 5289 5291 5292
f 5292 5291 5293 5295 5296 5294
f 5296 5295 5297 5298
f 5298 5297 5299 5300
f 5300 5299 5301 5302
f 5302 5301 5303 5305 5304
f 5306 5307 5308 5309
f 5309 5308 5310 5311
f 5311 5310 5312 5313
f 5313 5312 5314 5315
f 5315 5314 5316 5317
f 5317 5316 5318 5319
f 5319 5318 5320 5321
f 5321 5320 5322 5323
f 5323 5322 5324 5325
f 5325 5324 5326 5327
f 5327 5326 5328 5329
f 5331 5332 5333 5334
f 5334 5333 5335 5336
f 5336 5335 5337 5338
f 5338 5337 5339 5340
f 5340 5339 5341 5342
f 5342 5341 5343 5344
f 5344 5343 5345 5346
f 5346 5345 5347 5348
f 5348 5347 5349 5350
f 5350 5349 5351 5352
f 5352 5351 5353 5354
f 5354 5353 5355 5356
f 5356 5355 5357 5358
f 5358 5357 5359 5360
f 5362 5363 5364 5365
f 5365 5364 5366 5367
f 5367 5366 5368 5369
f 5369 5368 5370 5371
f 5371 5370 5372 5373
f 5373 5372 5374 5375
f 5375 5374 5376 5377
f 5377 5376 5378 5379
f 5379 5378 5380 5381
f 5381 5380 5382 5383
f 5383 5382 5384 5385
f 5385 5384 5386 5387
f 5387 5386 5388 5389
f 5391 5392 5393 5394
f 5394 5393 5395 5396
f 5396 5395 5397 5398
f 5398 5397 5399 5400
f 5400 5399 5401 5402
f 5402 5401 5403 5404
f 5404 5403 5405 5407 5408 5406
f 5408 5407 5409 5410
f 5410 5409 5411 5412
f 5412 5411 5413 5414
f 5414 5413 5415 5416
f 5418 5419 5420 5421
f 5421 5420 5422 5423
f 5423 5422 5424 5425
f 5425 5424 5426 5427
f 5427 5426 5428 5429
f 5429 5428 5430 5431
f 5431 5430 5432 5433
f 5433 5432 5434 5435
f 5435 5434 5436 5437
f 5437 5436 5438 5439
f 5439 5438 5440 5441
f 5441 5440 5442 5443
f 5445 5446 5447 5448
f 5448 5447 5449 5450
f 5450 5449 5451 5452
f 5452 5451 5453 5454
f 5454 5453 5455 5456
f 5456 5455 5457 5458
f 5458 5457 5459 5460
f 5460 5459 5461 5462
f 5462 5461 5463 5464
f 5464 5463 5465 5466
f 5466 5465 5467 5468
f 5468 5467 5469 5470
f 5470 5469 5471 5472
f 5472 5471 5473 5474
f 5476 5477 5478 5479
f 5479 5478 5480 5481
f 5481 5480 5482 5483
f 5483 5482 5484 5485
f 5485 5484 5486 5487
f 5487 5486 5488 5490 5491 5489
f 5491 5490 5492 5493
f 5493 5492 5494 5495
f 5495 5494 5496 5497
f 5497 5496 5498 5499
f 5501 5502 5503 5504
f 5504 5503 5505 5506
f 5506 5505 5507 5508
f 5508 5507 5509 5510
f 5510 5509 5511 5512
f 5512 5511 5513 5514
f 5514 5513 5515 5516
f 5516 5515 5517 5518
f 5518 5517 5519 5520
f 5520 5519 5521 5522
f 5522 5521 5523 5524
f 5524 5523 5525 5526
f 5526 5525 5527 5528
f 5528 5527 5529 5530
f 5530 5529 5531 5532
f 5534 5535 5536 5537
f 5537 5536 5538 5539
f 5539 5538 5540 5541
f 5541 5540 5542 5543
f 5543 5542 5544 5545
f 5545 5544 5546 5547
f 5547 5546 5548 5549
f 5549 5548 5550 5551
f 5551 5550 5552 5553
f 5553 5552 5554 5555
f 5555 5554 5556 5557
f 5557 5556 5558 5559
f 5559 5558 5560 5561
f 5563 5564 5565 5566
f 5566 5565 5567 5568
f 5568 5567 5569 5570
f 5570 5569 5571 5572
f 5572 5571 5573 5574
f 5574 5573 5575 5576
f 5576 5575 5577 5578
f 5578 5577 5579 5580
f 5580 5579 5581 5582
f 5582 5581 5583 5584
f 5584 5583 5585 5586
f 5586 5585 5587 5588
f 5588 5587 5589 5590
f 5592 5593 5594 5595
f 5595 5594 5596 5597
f 5597 5596 5598 5599
f 5599 5598 5600 5601
f 5601 5600 5602 5603
f 5603 5602 5604 5606 5607 5605
f 5607 5606 5608 5609
f 5609 5608 5610 5611
f 5611 5610 5612 5613
f 5613 5612 5614 5615
f 5615 5614 5616 5617
f 5619 5620 5621 5622
f 5622 5621 5623 5624
f 5624 5623 5625 5626
f 5626 5625 5627 5628
f 5628 5627 5629 5631 5632 5630
f 5632 5631 5633 5634
f 5634 5633 5635 5636
f 5636 5635 5637 5638
f 5638 5637 5639 5640
f 5640 5639 5641 5643 5642
f 5644 5645 5646 5647
f 5647 5646 5648 5649
f 5649 5648 5650 5651
f 5651 5650 5652 5653
f 5653 5652 5654 5655
f 5655 5654 5656 5657
f 5657 5656 5658 5659
f 5659 5658 5660 5661
f 5661 5660 5662 5663
f 5663 5662 5664 5665
f 5665 5664 5666 5667
f 5667 5666 5668 5669
f 5671 5672 5673 5674
f 5674 5673 5675 5676
f 5676 5675 5677 5678
f 5678 5677 5679 5680
f 5680 5679 5681 5682
f 5682 5681 5683 5684
f 5684 5683 5685 5686
f 5686 5685 5687 5688
f 5688 5687 5689 5690
f 5690 5689 5691 5692
f 5692 5691 5693 5694
f 5694 5693 5695 5696
f 5696 5695 5697 5698
f 5698 5697 5699 5700
f 5702 5703 5704 5705
f 5705 5704 5706 5707
f 5707 5706 5708 5709
f 5709 5708 5710 5711
f 5711 5710 5712 5714 5715 5713
f 5715 5714 5716 5717
f 5717 5716 5718 5719
f 5719 5718 5720 5721
f 5721 5720 5722 5723
f 5723 5722 5724 5725
f 5725 5724 5726 5727
f 5727 5726 5728 5729
f 5731 5732 5733 5734
f 5734 5733 5735 5736
f 5736 5735 5737 5738
f 5738 5737 5739 5740
f 5740 5739 5741 5742
f 5742 5741 5743 5744
f 5744 5743 5745 5746
f 5746 5745 5747 5748
f 5748 5747 5749 5750
f 5750 5749 5751 5752
f 5752 5751 5753 5754
f 5754 5753 5755 5756
f 5758 5759 5760 5761
f 5761 5760 5762 5763
f 5763 5762 5764 5765
f 5765 5764 5766 5767
f 5767 5766 5768 5769
f 5769 5768 5770 5771
f 5771 5770 5772 5773
f 5773 5772 5774 5775
f 5775 5774 5776 5777
f 5777 5776 5778 5779
f 5779 5778 5780 5781
f 5781 5780 5782 5783
f 5785 5786 5787 5788
f 5788 5787 5789 5790
f 5790 5789 5791 5792
f 5792 5791 5793 5794
f 5794 5793 5795 5796
f 5796 5795 5797 5799 5800 5798
f 5800 5799 5801 5802
f 5802 5801 5803 5804
f 5804 5803 5805 5806
f 5806 5805 5807 5808
f 5808 5807 5809 5810
f 5812 5813 5814 5815
f 5815 5814 5816 5817
f 5817 5816 5818 5819
f 5819 5818 5820 5821
f 5821 5820 5822 5824 5825 5823
f 5825 5824 5826 5827
f 5827 5826 5828 5829
f 5829 5828 5830 5831
f 5831 5830 5832 5833
f 5833 5832 5834 5835
f 5835 5834 5836 5837
f 5837 5836 5838 5839
f 5841 5842 5843 5845 5846 5844
f 5846 5845 5847 5849 5850 5848
f 5850 5849 5851 5853 5854 5852
f 5854 5853 5855 5856
f 5856 5855 5857 5858
f 5858 5857 5859 5860
f 5860 5859 5861 5862
f 5864 5865 5866 5867
f 5867 5866 5868 5869
f 5869 5868 5870 5871
f 5871 5870 5872 5873
f 5873 5872 5874 5876 5877 5875
f 5877 5876 5878 5879
f 5879 5878 5880 5881
f 5881 5880 5882 5883
f 5883 5882 5884 5885
f 5885 5884 5886 5888 5887
f 5889 5890 5891 5892
f 5892 5891 5893 5894
f 5894 5893 5895 5896
f 5896 5895 5897 5898
f 5898 5897 5899 5900
f 5900 5899 5901 5903 5904 5902
f 5904 5903 5905 5906
f 5906 5905 5907 5908
f 5908 5907 5909 5910
f 5910 5909 5911 5912
f 5912 5911 5913 5914
f 5916 5917 5918 5920 5921 5919
f 5921 5920 5922 5924 5925 5923
f 5925 5924 5926 5928 5929 5927
f 5929 5928 5930 5931
f 5931 5930 5932 5933
f 5933 5932 5934 5935
f 5935 5934 5936 5937
f 5939 5940 5941 5942
f 5942 5941 5943 5944
f 5944 5943 5945 5946
f 5946 5945 5947 5948
f 5948 5947 5949 5950
f 5950 5949 5951 5952
f 5952 5951 5953 5954
f 5954 5953 5955 5956
f 5956 5955 5957 5958
f 5958 5957 5959 5960
f 5960 5959 5961 5962
f 5962 5961 5963 5964
f 5964 5963 5965 5966
f 5968 5969 5970 5971
f 5971 5970 5972 5973
f 5973 5972 5974 5975
f 5975 5974 5976 5977
f 5977 5976 5978 5979
f 5979 5978 5980 5981
f 5981 5980 5982 5983
f 5983 5982 5984 5985
f 5985 5984 5986 5987
f 5987 5986 5988 5989
f 5989 5988 5990 5991
f 5993 5994 5995 5996
f 5996 5995 5997 5998
f 5998 5997 5999 6000
f 6000 5999 6001 6002
f 6002 6001 6003 6004
f 6004 6003 6005 6006
f 6006 6005 6007 6008
f 6008 6007 6009 6010
f 6010 6009 6011 6012
f 6012 6011 6013 6014
f 6014 6013 6015 6016
f 6018 6019 6020 6021
f 6021 6020 6022 6023
f 6023 6022 6024 6025
f 6025 6024 6026 6027
f 6027 6026 6028 6029
f 6029 6028 6030 6031
f 6031 6030 6032 6033
f 6033 6032 6034 6035
f 6035 6034 6036 6037
f 6037 6036 6038 6039
f 6039 6038 6040 6041
f 6041 6040 6042 6043
f 6043 6042 6044 6045
f 6045 6044 6046 6047
f 6049 6050 6051 6052
f 6052 6051 6053 6054
f 6054 6053 6055 6056
f 6056 6055 6057 6058
f 6058 6057 6059 6060
f 6060 6059 6061 6062
f 6062 6061 6063 6064
f 6064 6063 6065 6066
f 6066 6065 6067 6068
f 6068 6067 6069 6070
f 6070 6069 6071 6072
f 6072 6071 6073 6074
f 6074 6073 6075 6076
f 6078 6079 6080 6081
f 6081 6080 6082 6083
f 6083 6082 6084 6085
f 6085 6084 6086 6087
f 6087 6086 6088 6089
f 6089 6088 6090 6091
f 6091 6090 6092 6094 6095 6093
f 6095 6094 6096 6097
f 6097 6096 6098 6099
f 6099 6098 6100 6101
f 6101 6100 6102 6103
f 6103 6102 6104 6105
f 6105 6104 6106 6107
f 6107 6106 6108 6109
f 6111 6112 6113 6114
f 6114 6113 6115 6116
f 6116 6115 6117 6118
f 6118 6117 6119 6120
f 6120 6119 6121 6122
f 6122 6121 6123 6125 6126 6124
f 6126 6125 6127 6128
f 6128 6127 6129 6130
f 6130 6129 6131 6132
f 6132 6131 6133 6134
f 6134 6133 6135 6136
f 6138 6139 6140 6141
f 6141 6140 6142 6143
f 6143 6142 6144 6145
f 6145 6144 6146 6147
f 6147 6146 6148 6149
f 6149 6148 6150 6151
f 6151 6150 6152 6153
f 6153 6152 6154 6155
f 6155 6154 6156 6157
f 6157 6156 6158 6159
f 6159 6158 6160 6161
f 6161 6160 6162 6163
f 6165 6166 6167 6168
f 6168 6167 6169 6170
f 6170 6169 6171 6172
f 6172 6171 6173 6174
f 6174 6173 6175 6176
f 6176 6175 6177 6179 6180 6178
f 6180 6179 6181 6182
f 6182 6181 6183 6184
f 6184 6183 6185 6186
f 6186 6185 6187 6188
f 6188 6187 6189 6190
f 6190 6189 6191 6192
f 6194 6195 6196 6197
f 6197 6196 6198 6199
f 6199 6198 6200 6201
f 6201 6200 6202 6203
f 6203 6202 6204 6206 6207 6205
f 6207 6206 6208 6209
f 6209 6208 6210 6211
f 6211 6210 6212 6213
f 6213 6212 6214 6215
f 6215 6214 6216 6218 6217
f 6219 6220 6221 6222
f 6222 6221 6223 6224
f 6224 6223 6225 6226
f 6226 6225 6227 6228
f 6228 6227 6229 6230
f 6230 6229 6231 6232
f 6232 6231 6233 6234
f 6234 6233 6235 6236
f 6236 6235 6237 6238
f 6238 6237 6239 6240
f 6240 6239 6241 6242
f 6242 6241 6243 6244
f 6246 6247 6248 6249
f 6249 6248 6250 6251
f 6251 6250 6252 6253
f 6253 6252 6254 6255
f 6255 6254 6256 6257
f 6257 6256 6258 6259
f 6259 6258 6260 6261
f 6261 6260 6262 6263
f 6263 6262 6264 6265
f 6265 6264 6266 6267
f 6267 6266 6268 6269
f 6269 6268 6270 6271
f 6271 6270 6272 6273
f 6273 6272 6274 6275
f 6277 6278 6279 6280
f 6280 6279 6281 6282
f 6282 6281 6283 6284
f 6284 6283 6285 6286
f 6286 6285 6287 6288
f 6288 6287 6289 6290
f 6290 6289 6291 6292
f 6292 6291 6293 6294
f 6294 6293 6295 6296
f 6296 6295 6297 6298
f 6298 6297 6299 6300
f 6302 6303 6304 6305
f 6305 6304 6306 6307
f 6307 6306 6308 6309
f 6309 6308 6310 6311
f 6311 6310 6312 6313
f 6313 6312 6314 6315
f 6315 6314 6316 6317
f 6317 6316 6318 6319
f 6319 6318 6320 6321
f 6321 6320 6322 6323
f 6323 6322 6324 6325
f 6325 6324 6326 6327
f 6329 6330 6331 6332
f 6332 6331 6333 6334
f 6334 6333 6335 6336
f 6336 6335 6337 6338
f 6338 6337 6339 6340
f 6340 6339 6341 6342
f 6342 6341 6343 6344
f 6344 6343 6345 6346
f 6346 6345 6347 6348
f 6348 6347 6349 6350
f 6350 6349 6351 6352
f 6352 6351 6353 6354
f 6354 6353 6355 6356
f 6358 6359 6360 6361
f 6361 6360 6362 6363
f 6363 6362 6364 6365
f 6365 6364 6366 6367
f 6367 6366 6368 6369
f 6369 6368 6370 6372 6373 6371
f 6373 6372 6374 6375
f 6375 6374 6376 6377
f 6377 6376 6378 6379
f 6379 6378 6380 6381
f 6381 6380 6382 6383
f 6383 6382 6384 6385
f 6385 6384 6386 6387
f 6389 6390 6391 6392
f 6392 6391 6393 6394
f 6394 6393 6395 6396
f 6396 6395 6397 6398
f 6398 6397 6399 6401 6402 6400
f 6402 6401 6403 6404
f 6404 6403 6405 6406
f 6406 6405 6407 6408
f 6408 6407 6409 6411 6410
f 6412 6413 6414 6415
f 6415 6414 6416 6417
f 6417 6416 6418 6419
f 6419 6418 6420 6421
f 6421 6420 6422 6423
f 6423 6422 6424 6425
f 6425 6424 6426 6427
f 6427 6426 6428 6429
f 6429 6428 6430 6431
f 6431 6430 6432 6433
f 6433 6432 6434 6435
f 6437 6438 6439 6440
f 6440 6439 6441 6442
f 6442 6441 6443 6444
f 6444 6443 6445 6446
f 6446 6445 6447 6448
f 6448 6447 6449 6450
f 6450 6449 6451 6452
f 6452 6451 6453 6454
f 6454 6453 6455 6456
f 6456 6455 6457 6458
f 6458 6457 6459 6460
f 6460 6459 6461 6462
f 6462 6461 6463 6464
f 6464 6463 6465 6466
f 6466 6465 6467 6468
f 6470 6471 6472 6473
f 6473 6472 6474 6475
f 6475 6474 6476 6477
f 6477 6476 6478 6479
f 6479 6478 6480 6481
f 6481 6480 6482 6483
f 6483 6482 6484 6485
f 6485 6484 6486 6487
f 6487 6486 6488 6489
f 6489 6488 6490 6491
f 6491 6490 6492 6493
f 6493 6492 6494 6495
f 6495 6494 6496 6497
f 6497 6496 6498 6499
f 6501 6502 6503 6504
f 6504 6503 6505 6506
f 6506 6505 6507 6508
f 6508 6507 6509 6510
f 6510 6509 6511 6512
f 6512 6511 6513 6514
f 6514 6513 6515 6516
f 6516 6515 6517 6518
f 6518 6517 6519 6520
f 6520 6519 6521 6522
f 6522 6521 6523 6524
f 6524 6523 6525 6526
f 6526 6525 6527 6528
f 6530 6531 6532 6533
f 6533 6532 6534 6535
f 6535 6534 6536 6537
f 6537 6536 6538 6539
f 6539 6538 6540 6541
f 6541 6540 6542 6544 6545 6543
f 6545 6544 6546 6547
f 6547 6546 6548 6549
f 6549 6548 6550 6551
f 6551 6550 6552 6553
f 6553 6552 6554 6555
f 6555 6554 6556 6557
f 6559 6560 6561 6562
f 6562 6561 6563 6564
f 6564 6563 6565 6566
f 6566 6565 6567 6568
f 6568 6567 6569 6571 6572 6570
f 6572 6571 6573 6574
f 6574 6573 6575 6576
f 6576 6575 6577 6578
f 6578 6577 6579 6580
f 6580 6579 6581 6583 6582
f 6584 6585 6586 6587
f 6587 6586 6588 6589
f 6589 6588 6590 6591
f 6591 6590 6592 6593
f 6593 6592 6594 6596 6597 6595
f 6597 6596 6598 6599
f 6599 6598 6600 6601
f 6601 6600 6602 6603
f 6603 6602 6604 6605
f 6605 6604 6606 6607
f 6607 6606 6608 6610 6609
f 6611 6612 6613 6614
f 6614 6613 6615 6616
f 6616 6615 6617 6618
f 6618 6617 6619 6620
f 6620 6619 6621 6623 6624 6622
f 6624 6623 6625 6626
f 6626 6625 6627 6628
f 6628 6627 6629 6630
f 6630 6629 6631 6632
f 6632 6631 6633 6634
f 6634 6633 6635 6637 6636
f 6638 6639 6640 6641
f 6641 6640 6642 6643
f 6643 6642 6644 6645
f 6645 6644 6646 6647
f 6647 6646 6648 6649
f 6649 6648 6650 6651
f 6651 6650 6652 6653
f 6653 6652 6654 6655
f 6655 6654 6656 6657
f 6657 6656 6658 6659
f 6659 6658 6660 6661
f 6663 6664 6665 6666
f 6666 6665 6667 6668
f 6668 6667 6669 6670
f 6670 6669 6671 6672
f 6672 6671 6673 6674
f 6674 6673 6675 6677 6678 6676
f 6678 6677 6679 6680
f 6680 6679 6681 6682
f 6682 6681 6683 6684
f 6686 6687 6688 6689
f 6689 6688 6690 6691
f 6691 6690 6692 6693
f 6693 6692 6694 6695
f 6695 6694 6696 6697
f 6697 6696 6698 6700 6701 6699
f 6701 6700 6702 6703
f 6703 6702 6704 6705
f 6705 6704 6706 6707
f 6707 6706 6708 6709
f 6709 6708 6710 6711
f 6711 6710 6712 6713
f 6713 6712 6714 6715
f 6715 6714 6716 6717
f 6717 6716 6718 6719
f 6719 6718 6720 6721
f 6723 6724 6725 6726
f 6726 6725 6727 6728
f 6728 6727 6729 6730
f 6730 6729 6731 6732
f 6732 6731 6733 6735 6736 6734
f 6736 6735 6737 6738
f 6738 6737 6739 6740
f 6740 6739 6741 6742
f 6742 6741 6743 6744
f 6744 6743 6745 6747 6746
f 6748 6749 6750 6751
f 6751 6750 6752 6753
f 6753 6752 6754 6755
f 6755 6754 6756 6757
f 6757 6756 6758 6759
f 6759 6758 6760 6761
f 6761 6760 6762 6763
f 6763 6762 6764 6765
f 6765 6764 6766 6767
f 6767 6766 6768 6769
f 6769 6768 6770 6771
f 6771 6770 6772 6773
f 6775 6776 6777 6778
f 6778 6777 6779 6780
f 6780 6779 6781 6782
f 6782 6781 6783 6784
f 6784 6783 6785 6786
f 6786 6785 6787 6788
f 6788 6787 6789 6790
f 6790 6789 6791 6792
f 6792 6791 6793 6794
f 6794 6793 6795 6796
f 6796 6795 6797 6798
f 6798 6797 6799 6800
f 6800 6799 6801 6802
f 6804 6805 6806 6807
f 6807 6806 6808 6809
f 6809 6808 6810 6811
f 6811 6810 6812 6813
f 6813 6812 6814 6815
f 6815 6814 6816 6818 6819 6817
f 6819 6818 6820 6821
f 6821 6820 6822 6823
f 6823 6822 6824 6825
f 6825 6824 6826 6827
f 6827 6826 6828 6829
f 6829 6828 6830 6831
f 6833 6834 6835 6837 6838 6836
f 6838 6837 6839 6841 6842 6840
f 6842 6841 6843 6845 6847 6848 6846 6844
f 6848 6847 6849 6850
f 6850 6849 6851 6852
f 6852 6851 6853 6854
f 6856 6857 6858 6859
f 6859 6858 6860 6861
f 6861 6860 6862 6863
f 6863 6862 6864 6865
f 6865 6864 6866 6867
f 6867 6866 6868 6869
f 6869 6868 6870 6871
f 6871 6870 6872 6873
f 6873 6872 6874 6875
f 6875 6874 6876 6877
f 6877 6876 6878 6879
f 6879 6878 6880 6881
f 6881 6880 6882 6883
f 6885 6886 6887 6888
f 6888 6887 6889 6890
f 6890 6889 6891 6892
f 6892 6891 6893 6894
f 6894 6893 6895 6896
f 6896 6895 6897 6898
f 6898 6897 6899 6900
f 6900 6899 6901 6902
f 6902 6901 6903 6904
f 6904 6903 6905 6906
f 6906 6905 6907 6908
f 6910 6911 6912 6913
f 6913 6912 6914 6915
f 6915 6914 6916 6917
f 6917 6916 6918 6919
f 6919 6918 6920 6921
f 6921 6920 6922 6924 6925 6923
f 6925 6924 6926 6927
f 6927 6926 6928 6929
f 6929 6928 6930 6931
f 6931 6930 6932 6933
f 6933 6932 6934 6935
f 6935 6934 6936 6937
f 6939 6940 6941 6942
f 6942 6941 6943 6944
f 6944 6943 6945 6946
f 6946 6945 6947 6948
f 6948 6947 6949 6950
f 6950 6949 6951 6952
f 6952 6951 6953 6954
f 6954 6953 6955 6956
f 6956 6955 6957 6958
f 6958 6957 6959 6960
f 6960 6959 6961 6962
f 6962 6961 6963 6964
f 6964 6963 6965 6966
f 6968 6969 6970 6971
f 6971 6970 6972 6973
f 6973 6972 6974 6975
f 6975 6974 6976 6977
f 6977 6976 6978 6979
f 6979 6978 6980 6981
f 6981 6980 6982 6983
f 6983 6982 6984 6985
f 6985 6984 6986 6987
f 6987 6986 6988 6989
f 6989 6988 6990 6991
f 6991 6990 6992 6993
f 6993 6992 6994 6995
f 6995 6994 6996 6997
f 6999 7000 7001 7002
f 7002 7001 7003 7004
f 7004 7003 7005 7006
f 7006 7005 7007 7008
f 7008 7007 7009 7010
f 7010 7009 7011 7012
f 7012 7011 7013 7014
f 7014 7013 7015 7016
f 7016 7015 7017 7018
f 7018 7017 7019 7020
f 7020 7019 7021 7022
f 7024 7025 7026 7028 7029 7027
f 7029 7028 7030 7032 7033 7031
f 7033 7032 7034 7036 7037 7035
f 7037 7036 7038 7039
f 7039 7038 7040 7041
f 7041 7040 7042 7044 7043
f 7045 7046 7047 7048
f 7048 7047 7049 7050
f 7050 7049 7051 7052
f 7052 7051 7053 7054
f 7054 7053 7055 7056
f 7056 7055 7057 7059 7060 7058
f 7060 7059 7061 7062
f 7062 7061 7063 7064
f 7064 7063 7065 7066
f 7066 7065 7067 7068
f 7068 7067 7069 7070
f 7070 7069 7071 7072
f 7074 7075 7076 7077
f 7077 7076 7078 7079
f 7079 7078 7080 7081
f 7081 7080 7082 7083
f 7083 7082 7084 7085
f 7085 7084 7086 7088 7089 7087
f 7089 7088 7090 7091
f 7091 7090 7092 7093
f 7093 7092 7094 7095
f 7095 7094 7096 7097
f 7097 7096 7098 7099
f 7101 7102 7103 7104
f 7104 7103 7105 7106
f 7106 7105 7107 7108
f 7108 7107 7109 7110
f 7110 7109 7111 7112
f 7112 7111 7113 7114
f 7114 7113 7115 7116
f 7116 7115 7117 7118
f 7118 7117 7119 7120
f 7120 7119 7121 7122
f 7124 7125 7126 7127
f 7127 7126 7128 7129
f 7129 7128 7130 7131
f 7131 7130 7132 7133
f 7133 7132 7134 7135
f 7135 7134 7136 7137
f 7137 7136 7138 7139
f 7139 7138 7140 7141
f 7141 7140 7142 7143
f 7143 7142 7144 7145
f 7145 7144 7146 7147
f 7147 7146 7148 7149
f 7151 7152 7153 7154
f 7154 7153 7155 7156
f 7156 7155 7157 7158
f 7158 7157 7159 7160
f 7160 7159 7161 7162
f 7162 7161 7163 7164
f 7164 7163 7165 7167 7168 7166
f 7168 7167 7169 7170
f 7170 7169 7171 7172
f 7172 7171 7173 7174
f 7174 7173 7175 7176
f 7176 7175 7177 7178
f 7178 7177 7179 7180
f 7180 7179 7181 7182
f 7184 7185 7186 7187
f 7187 7186 7188 7189
f 7189 7188 7190 7191
f 7191 7190 7192 7193
f 7193 7192 7194 7195
f 7195 7194 7196 7197
f 7197 7196 7198 7199
f 7199 7198 7200 7201
f 7201 7200 7202 7203
f 7203 7202 7204 7205
f 7205 7204 7206 7207
f 7207 7206 7208 7209
f 7209 7208 7210 7211
f 7211 7210 7212 7213
f 7215 7216 7217 7218
f 7218 7217 7219 7220
f 7220 7219 7221 7222
f 7222 7221 7223 7224
f 7224 7223 7225 7226
f 7226 7225 7227 7228
f 7228 7227 7229 7230
f 7230 7229 7231 7232
f 7232 7231 7233 7234
f 7234 7233 7235 7236
f 7236 7235 7237 7238
f 7238 7237 7239 7240
f 7240 7239 7241 7242
f 7242 7241 7243 7244
f 7246 7247 7248 7249
f 7249 7248 7250 7251
f 7251 7250 7252 7253
f 7253 7252 7254 7255
f 7255 7254 7256 7257
f 7257 7256 7258 7259
f 7259 7258 7260 7261
f 7261 7260 7262 7263
f 7263 7262 7264 7265
f 7265 7264 7266 7267
f 7267 7266 7268 7269
f 7269 7268 7270 7271
f 7271 7270 7272 7273
f 7273 7272 7274 7275
f 7277 7278 7279 7280
f 7280 7279 7281 7282
f 7282 7281 7283 7284
f 7284 7283 7285 7286
f 7286 7285 7287 7289 7290 7288
f 7290 7289 7291 7292
f 7292 7291 7293 7294
f 7294 7293 7295 7296
f 7296 7295 7297 7298
f 7298 7297 7299 7300
f 7300 7299 7301 7303 7302
f 7304 7305 7306 7307
f 7307 7306 7308 7309
f 7309 7308 7310 7311
f 7311 7310 7312 7313
f 7313 7312 7314 7315
f 7315 7314 7316 7317
f 7317 7316 7318 7320 7321 7319
f 7321 7320 7322 7323
f 7323 7322 7324 7325
f 7325 7324 7326 7327
f 7327 7326 7328 7329
f 7329 7328 7330 7331
f 7331 7330 7332 7333
f 7333 7332 7334 7335
f 7335 7334 7336 7337
f 7339 7340 7341 7342
f 7342 7341 7343 7344
f 7344 7343 7345 7346
f 7346 7345 7347 7348
f 7348 7347 7349 7350
f 7350 7349 7351 7352
f 7352 7351 7353 7354
f 7354 7353 7355 7356
f 7356 7355 7357 7358
f 7358 7357 7359 7360
f 7360 7359 7361 7362
f 7362 7361 7363 7364
f 7366 7367 7368 7369
f 7369 7368 7370 7371
f 7371 7370 7372 7373
f 7373 7372 7374 7375
f 7375 7374 7376 7377
f 7377 7376 7378 7380 7381 7379
f 7381 7380 7382 7383
f 7383 7382 7384 7385
f 7385 7384 7386 7387
f 7387 7386 7388 7389
f 7389 7388 7390 7391
f 7391 7390 7392 7393
f 7395 7396 7397 7398
f 7398 7397 7399 7400
f 7400 7399 7401 7402
f 7402 7401 7403 7404
f 7404 7403 7405 7407 7408 7406
f 7408 7407 7409 7410
f 7410 7409 7411 7412
f 7412 7411 7413 7414
f 7414 7413 7415 7417 7416
f 7418 7419 7420 7421
f 7421 7420 7422 7423
f 7423 7422 7424 7425
f 7425 7424 7426 7427
f 7427 7426 7428 7429
f 7429 7428 7430 7431
f 7431 7430 7432 7433
f 7433 7432 7434 7435
f 7435 7434 7436 7437
f 7437 7436 7438 7439
f 7439 7438 7440 7441
f 7441 7440 7442 7443
f 7443 7442 7444 7445
f 7445 7444 7446 7447
f 7449 7450 7451 7452
f 7452 7451 7453 7454
f 7454 7453 7455 7456
f 7456 7455 7457 7458
f 7458 7457 7459 7460
f 7460 7459 7461 7463 7464 7462
f 7464 7463 7465 7466
f 7466 7465 7467 7468
f 7468 7467 7469 7470
f 7470 7469 7471 7472
f 7472 7471 7473 7474
f 7474 7473 7475 7476
f 7476 7475 7477 7478
f 7480 7481 7482 7483
f 7483 7482 7484 7485
f 7485 7484 7486 7487
f 7487 7486 7488 7489
f 7489 7488 7490 7491
f 7491 7490 7492 7494 7495 7493
f 7495 7494 7496 7497
f 7497 7496 7498 7499
f 7499 7498 7500 7501
f 7501 7500 7502 7503
f 7503 7502 7504 7505
f 7505 7504 7506 7507
f 7509 7510 7511 7512
f 7512 7511 7513 7514
f 7514 7513 7515 7516
f 7516 7515 7517 7518
f 7518 7517 7519 7520
f 7520 7519 7521 7522
f 7522 7521 7523 7524
f 7524 7523 7525 7526
f 7526 7525 7527 7528
f 7528 7527 7529 7530
f 7530 7529 7531 7532
f 7532 7531 7533 7534
f 7534 7533 7535 7536
f 7536 7535 7537 7538
f 7538 7537 7539 7540
f 7542 7543 7544 7545
f 7545 7544 7546 7547
f 7547 7546 7548 7549
f 7549 7548 7550 7551
f 7551 7550 7552 7553
f 7553 7552 7554 7556 7557 7555
f 7557 7556 7558 7559
f 7559 7558 7560 7561
f 7561 7560 7562 7563
f 7563 7562 7564 7565
f 7565 7564 7566 7567
f 7567 7566 7568 7569
f 7571 7572 7573 7574
f 7574 7573 7575 7576
f 7576 7575 7577 7578
f 7578 7577 7579 7580
f 7580 7579 7581 7582
f 7582 7581 7583 7584
f 7584 7583 7585 7586
f 7586 7585 7587 7588
f 7588 7587 7589 7590
f 7590 7589 7591 7592
f 7592 7591 7593 7594
f 7594 7593 7595 7596
f 7596 7595 7597 7598
f 7600 7601 7602 7603
f 7603 7602 7604 7605
f 7605 7604 7606 7607
f 7607 7606 7608 7609
f 7609 7608 7610 7611
f 7611 7610 7612 7614 7615 7613
f 7615 7614 7616 7617
f 7617 7616 7618 7619
f 7619 7618 7620 7621
f 7621 7620 7622 7623
f 7623 7622 7624 7625
f 7625 7624 7626 7627
f 7629 7630 7631 7632
f 7632 7631 7633 7634
f 7634 7633 7635 7636
f 7636 7635 7637 7638
f 7638 7637 7639 7641 7642 7640
f 7642 7641 7643 7644
f 7644 7643 7645 7646
f 7646 7645 7647 7648
f 7648 7647 7649 7651 7650
f 7652 7653 7654 7655
f 7655 7654 7656 7657
f 7657 7656 7658 7659
f 7659 7658 7660 7661
f 7661 7660 7662 7663
f 7663 7662 7664 7665
f 7665 7664 7666 7667
f 7667 7666 7668 7669
f 7669 7668 7670 7671
f 7671 7670 7672 7673
f 7673 7672 7674 7675
f 7675 7674 7676 7677
f 7677 7676 7678 7679
f 7679 7678 7680 7681
f 7683 7684 7685 7686
f 7686 7685 7687 7688
f 7688 7687 7689 7690
f 7690 7689 7691 7692
f 7692 7691 7693 7694
f 7694 7693 7695 7696
f 7696 7695 7697 7698
f 7698 7697 7699 7700
f 7700 7699 7701 7702
f 7702 7701 7703 7704
f 7704 7703 7705 7706
f 7706 7705 7707 7708
f 7710 7711 7712 7713
f 7713 7712 7714 7715
f 7715 7714 7716 7717
f 7717 7716 7718 7719
f 7719 7718 7720 7721
f 7721 7720 7722 7723
f 7723 7722 7724 7725
f 7725 7724 7726 7727
f 7727 7726 7728 7729
f 7729 7728 7730 7731
f 7731 7730 7732 7733
f 7735 7736 7737 7738
f 7738 7737 7739 7740
f 7740 7739 7741 7742
f 7742 7741 7743 7744
f 7744 7743 7745 7746
f 7746 7745 7747 7748
f 7748 7747 7749 7750
f 7750 7749 7751 7752
f 7752 7751 7753 7754
f 7754 7753 7755 7756
f 7756 7755 7757 7758
f 7760 7761 7762 7763
f 7763 7762 7764 7765
f 7765 7764 7766 7767
f 7767 7766 7768 7769
f 7769 7768 7770 7772 7773 7771
f 7773 7772 7774 7775
f 7775 7774 7776 7777
f 7777 7776 7778 7779
f 7779 7778 7780 7781
f 7781 7780 7782 7783
f 7783 7782 7784 7786 7785
f 7787 7788 7789 7790
f 7790 7789 7791 7792
f 7792 7791 7793 7794
f 7794 7793 7795 7796
f 7796 7795 7797 7798
f 7798 7797 7799 7800
f 7800 7799 7801 7802
f 7802 7801 7803 7804
f 7804 7803 7805 7806
f 7806 7805 7807 7808
f 7808 7807 7809 7810
f 7810 7809 7811 7812
f 7812 7811 7813 7814
f 7816 7817 7818 7819
f 7819 7818 7820 7821
f 7821 7820 7822 7823
f 7823 7822 7824 7825
f 7825 7824 7826 7827
f 7827 7826 7828 7829
f 7829 7828 7830 7831
f 7831 7830 7832 7833
f 7833 7832 7834 7835
f 7835 7834 7836 7837
f 7837 7836 7838 7839
f 7841 7842 7843 7844
f 7844 7843 7845 7846
f 7846 7845 7847 7848
f 7848 7847 7849 7850
f 7850 7849 7851 7852
f 7852 7851 7853 7854
f 7854 7853 7855 7856
f 7856 7855 7857 7858
f 7858 7857 7859 7860
f 7860 7859 7861 7862
f 7862 7861 7863 7864
f 7864 7863 7865 7866
f 7866 7865 7867 7868
f 7870 7871 7872 7873
f 7873 7872 7874 7875
f 7875 7874 7876 7877
f 7877 7876 7878 7879
f 7879 7878 7880 7881
f 7881 7880 7882 7883
f 7883 7882 7884 7885
f 7885 7884 7886 7887
f 7887 7886 7888 7889
f 7889 7888 7890 7891
f 7891 7890 7892 7893
f 7893 7892 7894 7895
f 7897 7898 7899 7900
f 7900 7899 7901 7902
f 7902 7901 7903 7904
f 7904 7903 7905 7906
f 7906 7905 7907 7908
f 7908 7907 7909 7910
f 7910 7909 7911 7912
f 7912 7911 7913 7914
f 7914 7913 7915 7916
f 7916 7915 7917 7918
f 7918 7917 7919 7920
f 7920 7919 7921 7922
f 7922 7921 7923 7924
f 7924 7923 7925 7926
f 7928 7929 7930 7931
f 7931 7930 7932 7933
f 7933 7932 7934 7935
f 7935 7934 7936 7937
f 7937 7936 7938 7939
f 7939 7938 7940 7941
f 7941 7940 7942 7943
f 7943 7942 7944 7945
f 7945 7944 7946 7947
f 7947 7946 7948 7949
f 7949 7948 7950 7951
f 7951 7950 7952 7953
f 7953 7952 7954 7955
f 7957 7958 7959 7960
f 7960 7959 7961 7962
f 7962 7961 7963 7964
f 7964 7963 7965 7966
f 7966 7965 7967 7968
f 7968 7967 7969 7970
f 7970 7969 7971 7972
f 7972 7971 7973 7974
f 7974 7973 7975 7976
f 7976 7975 7977 7978
f 7978 7977 7979 7980
f 7982 7983 7984 7985
f 7985 7984 7986 7987
f 7987 7986 7988 7989
f 7989 7988 7990 7991
f 7991 7990 7992 7993
f 7993 7992 7994 7995
f 7995 7994 7996 7998 7999 7997
f 7999 7998 8000 8001
f 8001 8000 8002 8003
f 8003 8002 8004 8005
f 8005 8004 8006 8007
f 8009 8010 8011 8012
f 8012 8011 8013 8014
f 8014 8013 8015 8016
f 8016 8015 8017 8018
f 8018 8017 8019 8020
f 8020 8019 8021 8022
f 8022 8021 8023 8024
f 8024 8023 8025 8026
f 8026 8025 8027 8028
f 8028 8027 8029 8030
f 8030 8029 8031 8032
f 8034 8035 8036 8037
f 8037 8036 8038 8039
f 8039 8038 8040 8041
f 8041 8040 8042 8043
f 8043 8042 8044 8045
f 8045 8044 8046 8047
f 8047 8046 8048 8049
f 8049 8048 8050 8051
f 8051 8050 8052 8053
f 8053 8052 8054 8055
f 8055 8054 8056 8057
f 8059 8060 8061 8062
f 8062 8061 8063 8064
f 8064 8063 8065 8066
f 8066 8065 8067 8068
f 8068 8067 8069 8070
f 8070 8069 8071 8072
f 8072 8071 8073 8074
f 8074 8073 8075 8076
f 8076 8075 8077 8078
f 8078 8077 8079 8080
f 8080 8079 8081 8082
f 8084 8085 8086 8087
f 8087 8086 8088 8089
f 8089 8088 8090 8091
f 8091 8090 8092 8093
f 8093 8092 8094 8095
f 8095 8094 8096 8097
f 8097 8096 8098 8099
f 8099 8098 8100 8101
f 8101 8100 8102 8103
f 8103 8102 8104 8105
f 8105 8104 8106 8107
f 8107 8106 8108 8109
f 8111 8112 8113 8114
f 8114 8113 8115 8116
f 8116 8115 8117 8118
f 8118 8117 8119 8120
f 8120 8119 8121 8123 8124 8122
f 8124 8123 8125 8126
f 8126 8125 8127 8128
f 8128 8127 8129 8131 8130
f 8132 8133 8134 8135
f 8135 8134 8136 8137
f 8137 8136 8138 8139
f 8139 8138 8140 8141
f 8141 8140 8142 8143
f 8143 8142 8144 8145
f 8145 8144 8146 8147
f 8147 8146 8148 8149
f 8149 8148 8150 8151
f 8151 8150 8152 8153
f 8153 8152 8154 8155
f 8155 8154 8156 8157
f 8159 8160 8161 8162
f 8162 8161 8163 8164
f 8164 8163 8165 8166
f 8166 8165 8167 8168
f 8168 8167 8169 8170
f 8170 8169 8171 8173 8174 8172
f 8174 8173 8175 8176
f 8176 8175 8177 8178
f 8178 8177 8179 8180
f 8180 8179 8181 8182
f 8184 8185 8186 8187
f 8187 8186 8188 8189
f 8189 8188 8190 8191
f 8191 8190 8192 8193
f 8193 8192 8194 8195
f 8195 8194 8196 8197
f 8197 8196 8198 8199
f 8199 8198 8200 8201
f 8201 8200 8202 8203
f 8203 8202 8204 8205
f 8205 8204 8206 8207
f 8207 8206 8208 8209
f 8209 8208 8210 8211
f 8213 8214 8215 8216
f 8216 8215 8217 8218
f 8218 8217 8219 8220
f 8220 8219 8221 8222
f 8222 8221 8223 8224
f 8224 8223 8225 8226
f 8226 8225 8227 8229 8230 8228
f 8230 8229 8231 8232
f 8232 8231 8233 8234
f 8234 8233 8235 8236
f 8236 8235 8237 8238
f 8238 8237 8239 8240
f 8240 8239 8241 8242
f 8244 8245 8246 8247
f 8247 8246 8248 8249
f 8249 8248 8250 8251
f 8251 8250 8252 8253
f 8253 8252 8254 8255
f 8255 8254 8256 8257
f 8257 8256 8258 8259
f 8259 8258 8260 8261
f 8261 8260 8262 8263
f 8263 8262 8264 8265
f 8265 8264 8266 8267
f 8267 8266 8268 8269
f 8269 8268 8270 8271
f 8271 8270 8272 8273
f 8275 8276 8277 8278
f 8278 8277 8279 8280
f 8280 8279 8281 8282
f 8282 8281 8283 8284
f 8284 8283 8285 8286
f 8286 8285 8287 8288
f 8288 8287 8289 8290
f 8290 8289 8291 8292
f 8292 8291 8293 8294
f 8294 8293 8295 8296
f 8296 8295 8297 8298
f 8298 8297 8299 8300
f 8300 8299 8301 8302
f 8302 8301 8303 8304
f 8306 8307 8308 8309
f 8309 8308 8310 8311
f 8311 8310 8312 8313
f 8313 8312 8314 8315
f 8315 8314 8316 8317
f 8317 8316 8318 8319
f 8319 8318 8320 8321
f 8321 8320 8322 8323
f 8323 8322 8324 8325
f 8325 8324 8326 8327
f 8327 8326 8328 8329
f 8331 8332 8333 8334
f 8334 8333 8335 8336
f 8336 8335 8337 8338
f 8338 8337 8339 8340
f 8340 8339 8341 8342
f 8342 8341 8343 8344
f 8344 8343 8345 8346
f 8346 8345 8347 8348
f 8348 8347 8349 8350
f 8350 8349 8351 8352
f 8352 8351 8353 8354
f 8354 8353 8355 8356
f 8356 8355 8357 8358
f 8360 8361 8362 8363
f 8363 8362 8364 8365
f 8365 8364 8366 8367
f 8367 8366 8368 8369
f 8369 8368 8370 8371
f 8371 8370 8372 8373
f 8373 8372 8374 8375
f 8375 8374 8376 8377
f 8377 8376 8378 8379
f 8379 8378 8380 8381
f 8381 8380 8382 8383
f 8383 8382 8384 8385
f 8385 8384 8386 8387
f 8387 8386 8388 8389
f 8391 8392 8393 8394
f 8394 8393 8395 8396
f 8396 8395 8397 8398
f 8398 8397 8399 8400
f 8400 8399 8401 8402
f 8402 8401 8403 8404
f 8404 8403 8405 8406
f 8406 8405 8407 8408
f 8408 8407 8409 8410
f 8410 8409 8411 8412
f 8412 8411 8413 8414
f 8414 8413 8415 8416
f 8416 8415 8417 8418
f 8418 8417 8419 8420
f 8420 8419 8421 8422
f 8424 8425 8426 8427
f 8427 8426 8428 8429
f 8429 8428 8430 8431
f 8431 8430 8432 8433
f 8433 8432 8434 8436 8437 8435
f 8437 8436 8438 8439
f 8439 8438 8440 8441
f 8441 8440 8442 8443
f 8443 8442 8444 8446 8445
f 8447 8448 8449 8450
f 8450 8449 8451 8452
f 8452 8451 8453 8454
f 8454 8453 8455 8456
f 8456 8455 8457 8458
f 8458 8457 8459 8460
f 8460 8459 8461 8462
f 8462 8461 8463 8464
f 8464 8463 8465 8466
f 8466 8465 8467 8468
f 8468 8467 8469 8470
f 8470 8469 8471 8472
f 8472 8471 8473 8474
f 8476 8477 8478 8479
f 8479 8478 8480 8481
f 8481 8480 8482 8483
f 8483 8482 8484 8485
f 8485 8484 8486 8487
f 8487 8486 8488 8489
f 8489 8488 8490 8492 8493 8491
f 8493 8492 8494 8495
f 8495 8494 8496 8497
f 8497 8496 8498 8499
f 8499 8498 8500 8501
f 8501 8500 8502 8503
f 8503 8502 8504 8505
f 8505 8504 8506 8507
f 8507 8506 8508 8509
f 8511 8512 8513 8514
f 8514 8513 8515 8516
f 8516 8515 8517 8518
f 8518 8517 8519 8520
f 8520 8519 8521 8522
f 8522 8521 8523 8524
f 8524 8523 8525 8526
f 8526 8525 8527 8528
f 8528 8527 8529 8530
f 8530 8529 8531 8532
f 8532 8531 8533 8534
f 8534 8533 8535 8536
f 8536 8535 8537 8538
f 8538 8537 8539 8540
f 8540 8539 8541 8542
f 8542 8541 8543 8544
f 8546 8547 8548 8549
f 8549 8548 8550 8551
f 8551 8550 8552 8553
f 8553 8552 8554 8555
f 8555 8554 8556 8557
f 8557 8556 8558 8559
f 8559 8558 8560 8561
f 8561 8560 8562 8563
f 8563 8562 8564 8565
f 8565 8564 8566 8567
f 8567 8566 8568 8569
f 8569 8568 8570 8571
f 8573 8574 8575 8576
f 8576 8575 8577 8578
f 8578 8577 8579 8580
f 8580 8579 8581 8582
f 8582 8581 8583 8584
f 8584 8583 8585 8587 8588 8586
f 8588 8587 8589 8590
f 8590 8589 8591 8592
f 8592 8591 8593 8594
f 8594 8593 8595 8596
f 8598 8599 8600 8601
f 8601 8600 8602 8603
f 8603 8602 8604 8605
f 8605 8604 8606 8607
f 8607 8606 8608 8610 8611 8609
f 8611 8610 8612 8613
f 8613 8612 8614 8615
f 8615 8614 8616 8617
f 8617 8616 8618 8619
f 8619 8618 8620 8621
f 8621 8620 8622 8624 8623
f 8625 8626 8627 8628
f 8628 8627 8629 8630
f 8630 8629 8631 8632
f 8632 8631 8633 8634
f 8634 8633 8635 8636
f 8636 8635 8637 8638
f 8638 8637 8639 8640
f 8640 8639 8641 8642
f 8642 8641 8643 8644
f 8644 8643 8645 8646
f 8646 8645 8647 8648
f 8648 8647 8649 8650
f 8650 8649 8651 8652
f 8654 8655 8656 8657
f 8657 8656 8658 8659
f 8659 8658 8660 8661
f 8661 8660 8662 8663
f 8663 8662 8664 8665
f 8665 8664 8666 8667
f 8667 8666 8668 8669
f 8669 8668 8670 8671
f 8671 8670 8672 8673
f 8673 8672 8674 8675
f 8677 8678 8679 8680
f 8680 8679 8681 8682
f 8682 8681 8683 8684
f 8684 8683 8685 8686
f 8686 8685 8687 8688
f 8688 8687 8689 8690
f 8690 8689 8691 8692
f 8692 8691 8693 8694
f 8694 8693 8695 8696
f 8696 8695 8697 8698
f 8698 8697 8699 8700
f 8700 8699 8701 8702
f 8704 8705 8706 8708 8709 8707
f 8709 8708 8710 8712 8713 8711
f 8713 8712 8714 8716 8718 8719 8717 8715
f 8719 8718 8720 8721
f 8721 8720 8722 8723
f 8723 8722 8724 8725
f 8727 8728 8729 8730
f 8730 8729 8731 8732
f 8732 8731 8733 8734
f 8734 8733 8735 8736
f 8736 8735 8737 8738
f 8738 8737 8739 8740
f 8740 8739 8741 8742
f 8742 8741 8743 8744
f 8744 8743 8745 8746
f 8746 8745 8747 8748
f 8750 8751 8752 8753
f 8753 8752 8754 8755
f 8755 8754 8756 8757
f 8757 8756 8758 8759
f 8759 8758 8760 8761
f 8761 8760 8762 8763
f 8763 8762 8764 8765
f 8765 8764 8766 8767
f 8767 8766 8768 8769
f 8769 8768 8770 8771
f 8771 8770 8772 8773
f 8775 8776 8777 8778
f 8778 8777 8779 8780
f 8780 8779 8781 8782
f 8782 8781 8783 8784
f 8784 8783 8785 8787 8788 8786
f 8788 8787 8789 8790
f 8790 8789 8791 8792
f 8792 8791 8793 8794
f 8794 8793 8795 8796
f 8796 8795 8797 8799 8798
f 8800 8801 8802 8803
f 8803 8802 8804 8805
f 8805 8804 8806 8807
f 8807 8806 8808 8809
f 8809 8808 8810 8811
f 8811 8810 8812 8813
f 8813 8812 8814 8815
f 8815 8814 8816 8817
f 8817 8816 8818 8819
f 8819 8818 8820 8821
f 8821 8820 8822 8823
f 8823 8822 8824 8825
f 8827 8828 8829 8830
f 8830 8829 8831 8832
f 8832 8831 8833 8834
f 8834 8833 8835 8836
f 8836 8835 8837 8839 8840 8838
f 8840 8839 8841 8842
f 8842 8841 8843 8844
f 8844 8843 8845 8846
f 8846 8845 8847 8848
f 8848 8847 8849 8851 8850
f 8852 8853 8854 8855
f 8855 8854 8856 8857
f 8857 8856 8858 8859
f 8859 8858 8860 8861
f 8861 8860 8862 8863
f 8863 8862 8864 8865
f 8865 8864 8866 8867
f 8867 8866 8868 8869
f 8869 8868 8870 8871
f 8871 8870 8872 8873
f 8873 8872 8874 8875
f 8875 8874 8876 8877
f 8879 8880 8881 8882
f 8882 8881 8883 8884
f 8884 8883 8885 8886
f 8886 8885 8887 8888
f 8888 8887 8889 8890
f 8890 8889 8891 8892
f 8892 8891 8893 8895 8896 8894
f 8896 8895 8897 8898
f 8898 8897 8899 8900
f 8900 8899 8901 8902
f 8902 8901 8903 8904
f 8906 8907 8908 8909
f 8909 8908 8910 8911
f 8911 8910 8912 8913
f 8913 8912 8914 8915
f 8915 8914 8916 8917
f 8917 8916 8918 8919
f 8919 8918 8920 8921
f 8921 8920 8922 8923
f 8923 8922 8924 8925
f 8925 8924 8926 8927
f 8927 8926 8928 8929
f 8929 8928 8930 8931
f 8931 8930 8932 8933
f 8933 8932 8934 8935
f 8935 8934 8936 8937
f 8937 8936 8938 8939
f 8939 8938 8940 8941
f 8943 8944 8945 8946
f 8946 8945 8947 8948
f 8948 8947 8949 8950
f 8950 8949 8951 8952
f 8952 8951 8953 8954
f 8954 8953 8955 8956
f 8956 8955 8957 8958
f 8958 8957 8959 8960
f 8960 8959 8961 8962
f 8962 8961 8963 8964
f 8964 8963 8965 8966
f 8966 8965 8967 8968
f 8968 8967 8969 8970
f 8972 8973 8974 8975
f 8975 8974 8976 8977
f 8977 8976 8978 8979
f 8979 8978 8980 8981
f 8981 8980 8982 8983
f 8983 8982 8984 8985
f 8985 8984 8986 8987
f 8987 8986 8988 8989
f 8989 8988 8990 8991
f 8991 8990 8992 8993
f 8995 8996 8997 8998
f 8998 8997 8999 9000
f 9000 8999 9001 9002
f 9002 9001 9003 9004
f 9004 9003 9005 9006
f 9006 9005 9007 9008
f 9008 9007 9009 9010
f 9010 9009 9011 9012
f 9012 9011 9013 9014
f 9014 9013 9015 9016
f 9016 9015 9017 9018
f 9018 9017 9019 9020
f 9022 9023 9024 9025
f 9025 9024 9026 9027
f 9027 9026 9028 9029
f 9029 9028 9030 9031
f 9031 9030 9032 9034 9035 9033
f 9035 9034 9036 9037
f 9037 9036 9038 9039
f 9039 9038 9040 9041
f 9041 9040 9042 9044 9043
f 9045 9046 9047 9048
f 9048 9047 9049 9050
f 9050 9049 9051 9052
f 9052 9051 9053 9054
f 9054 9053 9055 9056
f 9056 9055 9057 9059 9060 9058
f 9060 9059 9061 9062
f 9062 9061 9063 9064
f 9064 9063 9065 9066
f 9066 9065 9067 9068
f 9068 9067 9069 9070
f 9070 9069 9071 9072
f 9074 9075 9076 9077
f 9077 9076 9078 9079
f 9079 9078 9080 9081
f 9081 9080 9082 9083
f 9083 9082 9084 9086 9087 9085
f 9087 9086 9088 9089
f 9089 9088 9090 9091
f 9091 9090 9092 9093
f 9093 9092 9094 9096 9095
f 9097 9098 9099 9100
f 9100 9099 9101 9102
f 9102 9101 9103 9104
f 9104 9103 9105 9106
f 9106 9105 9107 9108
f 9108 9107 9109 9110
f 9110 9109 9111 9112
f 9112 9111 9113 9114
f 9114 9113 9115 9116
f 9116 9115 9117 9118
f 9118 9117 9119 9120
f 9122 9123 9124 9125
f 9125 9124 9126 9127
f 9127 9126 9128 9129
f 9129 9128 9130 9131
f 9131 9130 9132 9133
f 9133 9132 9134 9135
f 9135 9134 9136 9137
f 9137 9136 9138 9139
f 9139 9138 9140 9141
f 9141 9140 9142 9143
f 9143 9142 9144 9145
f 9145 9144 9146 9147
f 9147 9146 9148 9149
f 9151 9152 9153 9154
f 9154 9153 9155 9156
f 9156 9155 9157 9158
f 9158 9157 9159 9160
f 9160 9159 9161 9162
f 9162 9161 9163 9164
f 9164 9163 9165 9166
f 9166 9165 9167 9168
f 9168 9167 9169 9170
f 9170 9169 9171 9172
f 9172 9171 9173 9174
f 9174 9173 9175 9176
f 9178 9179 9180 9181
f 9181 9180 9182 9183
f 9183 9182 9184 9185
f 9185 9184 9186 9187
f 9187 9186 9188 9189
f 9189 9188 9190 9191
f 9191 9190 9192 9193
f 9193 9192 9194 9195
f 9195 9194 9196 9197
f 9197 9196 9198 9199
f 9199 9198 9200 9201
f 9201 9200 9202 9203
f 9205 9206 9207 9208
f 9208 9207 9209 9210
f 9210 9209 9211 9212
f 9212 9211 9213 9214
f 9214 9213 9215 9216
f 9216 9215 9217 9219 9220 9218
f 9220 9219 9221 9222
f 9222 9221 9223 9224
f 9224 9223 9225 9226
f 9226 9225 9227 9228
f 9230 9231 9232 9233
f 9233 9232 9234 9235
f 9235 9234 9236 9237
f 9237 9236 9238 9239
f 9239 9238 9240 9241
f 9241 9240 9242 9244 9245 9243
f 9245 9244 9246 9247
f 9247 9246 9248 9249
f 9249 9248 9250 9251
f 9251 9250 9252 9253
f 9255 9256 9257 9259 9260 9258
f 9260 9259 9261 9263 9264 9262
f 9264 9263 9265 9267 9269 9270 9268 9266
f 9270 9269 9271 9272
f 9272 9271 9273 9274
f 9274 9273 9275 9276
f 9278 9279 9280 9281
f 9281 9280 9282 9283
f 9283 9282 9284 9285
f 9285 9284 9286 9287
f 9287 9286 9288 9289
f 9289 9288 9290 9291
f 9291 9290 9292 9293
f 9293 9292 9294 9295
f 9295 9294 9296 9297
f 9297 9296 9298 9299
f 9301 9302 9303 9304
f 9304 9303 9305 9306
f 9306 9305 9307 9308
f 9308 9307 9309 9310
f 9310 9309 9311 9312
f 9312 9311 9313 9315 9316 9314
f 9316 9315 9317 9318
f 9318 9317 9319 9320
f 9320 9319 9321 9322
f 9322 9321 9323 9324
f 9324 9323 9325 9326
f 9326 9325 9327 9328
f 9328 9327 9329 9330
f 9330 9329 9331 9332
f 9332 9331 9333 9334
f 9334 9333 9335 9336
f 9338 9339 9340 9341
f 9341 9340 9342 9343
f 9343 9342 9344 9345
f 9345 9344 9346 9347
f 9347 9346 9348 9349
f 9349 9348 9350 9351
f 9351 9350 9352 9353
f 9353 9352 9354 9355
f 9355 9354 9356 9357
f 9357 9356 9358 9359
f 9359 9358 9360 9361
f 9361 9360 9362 9363
f 9363 9362 9364 9365
f 9367 9368 9369 9370
f 9370 9369 9371 9372
f 9372 9371 9373 9374
f 9374 9373 9375 9376
f 9376 9375 9377 9378
f 9378 9377 9379 9380
f 9380 9379 9381 9382
f 9382 9381 9383 9384
f 9384 9383 9385 9386
f 9386 9385 9387 9388
f 9388 9387 9389 9390
f 9392 9393 9394 9395
f 9395 9394 9396 9397
f 9397 9396 9398 9399
f 9399 9398 9400 9401
f 9401 9400 9402 9403
f 9403 9402 9404 9405
f 9405 9404 9406 9407
f 9407 9406 9408 9409
f 9409 9408 9410 9411
f 9411 9410 9412 9413
f 9413 9412 9414 9415
f 9415 9414 9416 9417
f 9419 9420 9421 9422
f 9422 9421 9423 9424
f 9424 9423 9425 9426
f 9426 9425 9427 9428
f 9428 9427 9429 9430
f 9430 9429 9431 9433 9434 9432
f 9434 9433 9435 9436
f 9436 9435 9437 9438
f 9438 9437 9439 9440
f 9440 9439 9441 9442
f 9442 9441 9443 9444
f 9446 9447 9448 9449
f 9449 9448 9450 9451
f 9451 9450 9452 9453
f 9453 9452 9454 9455
f 9455 9454 9456 9458 9459 9457
f 9459 9458 9460 9461
f 9461 9460 9462 9463
f 9463 9462 9464 9465
f 9465 9464 9466 9468 9467
f 9469 9470 9471 9472
f 9472 9471 9473 9474
f 9474 9473 9475 9476
f 9476 9475 9477 9478
f 9478 9477 9479 9480
f 9480 9479 9481 9483 9484 9482
f 9484 9483 9485 9486
f 9486 9485 9487 9488
f 9488 9487 9489 9490
f 9490 9489 9491 9492
f 9492 9491 9493 9494
f 9494 9493 9495 9496
f 9498 9499 9500 9501
f 9501 9500 9502 9503
f 9503 9502 9504 9505
f 9505 9504 9506 9507
f 9507 9506 9508 9509
f 9509 9508 9510 9511
f 9511 9510 9512 9513
f 9513 9512 9514 9515
f 9515 9514 9516 9517
f 9517 9516 9518 9519
f 9519 9518 9520 9521
f 9521 9520 9522 9523
f 9523 9522 9524 9525
f 9527 9528 9529 9530
f 9530 9529 9531 9532
f 9532 9531 9533 9534
f 9534 9533 9535 9536
f 9536 9535 9537 9538
f 9538 9537 9539 9540
f 9540 9539 9541 9542
f 9542 9541 9543 9544
f 9544 9543 9545 9546
f 9546 9545 9547 9548
f 9548 9547 9549 9550
f 9550 9549 9551 9552
f 9552 9551 9553 9554
f 9554 9553 9555 9556
f 9556 9555 9557 9558
f 9560 9561 9562 9563
f 9563 9562 9564 9565
f 9565 9564 9566 9567
f 9567 9566 9568 9569
f 9569 9568 9570 9572 9573 9571
f 9573 9572 9574 9575
f 9575 9574 9576 9577
f 9577 9576 9578 9580 9579
f 9581 9582 9583 9584
f 9584 9583 9585 9586
f 9586 9585 9587 9588
f 9588 9587 9589 9590
f 9590 9589 9591 9593 9594 9592
f 9594 9593 9595 9596
f 9596 9595 9597 9598
f 9598 9597 9599 9600
f 9600 9599 9601 9603 9602
f 9604 9605 9606 9607
f 9607 9606 9608 9609
f 9609 9608 9610 9611
f 9611 9610 9612 9613
f 9613 9612 9614 9615
f 9615 9614 9616 9617
f 9617 9616 9618 9619
f 9619 9618 9620 9621
f 9621 9620 9622 9623
f 9623 9622 9624 9625
f 9627 9628 9629 9630
f 9630 9629 9631 9632
f 9632 9631 9633 9634
f 9634 9633 9635 9636
f 9636 9635 9637 9638
f 9638 9637 9639 9640
f 9640 9639 9641 9642
f 9642 9641 9643 9644
f 9644 9643 9645 9646
f 9646 9645 9647 9648
f 9648 9647 9649 9650
f 9650 9649 9651 9652
f 9652 9651 9653 9654
f 9654 9653 9655 9656
f 9656 9655 9657 9658
f 9660 9661 9662 9663
f 9663 9662 9664 9665
f 9665 9664 9666 9667
f 9667 9666 9668 9669
f 9669 9668 9670 9672 9673 9671
f 9673 9672 9674 9675
f 9675 9674 9676 9677
f 9677 9676 9678 9679
f 9679 9678 9680 9681
f 9681 9680 9682 9684 9683
f 9685 9686 9687 9688
f 9688 9687 9689 9690
f 9690 9689 9691 9692
f 9692 9691 9693 9694
f 9694 9693 9695 9696
f 9696 9695 9697 9698
f 9698 9697 9699 9700
f 9700 9699 9701 9702
f 9702 9701 9703 9704
f 9704 9703 9705 9706
f 9706 9705 9707 9708
f 9708 9707 9709 9710
f 9712 9713 9714 9715
f 9715 9714 9716 9717
f 9717 9716 9718 9719
f 9719 9718 9720 9721
f 9721 9720 9722 9723
f 9723 9722 9724 9725
f 9725 9724 9726 9727
f 9727 9726 9728 9729
f 9729 9728 9730 9731
f 9731 9730 9732 9733
f 9733 9732 9734 9735
f 9735 9734 9736 9737
f 9737 9736 9738 9739
f 9741 9742 9743 9744
f 9744 9743 9745 9746
f 9746 9745 9747 9748
f 9748 9747 9749 9750
f 9750 9749 9751 9752
f 9752 9751 9753 9755 9756 9754
f 9756 9755 9757 9758
f 9758 9757 9759 9760
f 9760 9759 9761 9762
f 9762 9761 9763 9764
f 9764 9763 9765 9766
f 9766 9765 9767 9768
f 9770 9771 9772 9773
f 9773 9772 9774 9775
f 9775 9774 9776 9777
f 9777 9776 9778 9779
f 9779 9778 9780 9781
f 9781 9780 9782 9783
f 9783 9782 9784 9785
f 9785 9784 9786 9787
f 9787 9786 9788 9789
f 9789 9788 9790 9791
f 9793 9794 9795 9796
f 9796 9795 9797 9798
f 9798 9797 9799 9800
f 9800 9799 9801 9802
f 9802 9801 9803 9804
f 9804 9803 9805 9806
f 9806 9805 9807 9809 9810 9808
f 9810 9809 9811 9812
f 9812 9811 9813 9814
f 9814 9813 9815 9816
f 9816 9815 9817 9818
f 9818 9817 9819 9820
f 9822 9823 9824 9825
f 9825 9824 9826 9827
f 9827 9826 9828 9829
f 9829 9828 9830 9831
f 9831 9830 9832 9833
f 9833 9832 9834 9835
f 9835 9834 9836 9837
f 9837 9836 9838 9839
f 9839 9838 9840 9841
f 9841 9840 9842 9843
f 9843 9842 9844 9845
f 9845 9844 9846 9847
f 9849 9850 9851 9852
f 9852 9851 9853 9854
f 9854 9853 9855 9856
f 9856 9855 9857 9858
f 9858 9857 9859 9860
f 9860 9859 9861 9862
f 9862 9861 9863 9864
f 9864 9863 9865 9866
f 9866 9865 9867 9868
f 9868 9867 9869 9870
f 9870 9869 9871 9872
f 9872 9871 9873 9874
f 9876 9877 9878 9879
f 9879 9878 9880 9881
f 9881 9880 9882 9883
f 9883 9882 9884 9885
f 9885 9884 9886 9887
f 9887 9886 9888 9890 9891 9889
f 9891 9890 9892 9893
f 9893 9892 9894 9895
f 9895 9894 9896 9897
f 9897 9896 9898 9899
f 9899 9898 9900 9901
f 9901 9900 9902 9903
f 9905 9906 9907 9908
f 9908 9907 9909 9910
f 9910 9909 9911 9912
f 9912 9911 9913 9914
f 9914 9913 9915 9916
f 9916 9915 9917 9918
f 9918 9917 9919 9920
f 9920 9919 9921 9922
f 9922 9921 9923 9924
f 9924 9923 9925 9926
f 9926 9925 9927 9928
f 9928 9927 9929 9930
f 9930 9929 9931 9932
f 9932 9931 9933 9934
f 9936 9937 9938 9939
f 9939 9938 9940 9941
f 9941 9940 9942 9943
f 9943 9942 9944 9945
f 9945 9944 9946 9947
f 9947 9946 9948 9949
f 9949 9948 9950 9951
f 9951 9950 9952 9953
f 9953 9952 9954 9955
f 9955 9954 9956 9957
f 9957 9956 9958 9959
f 9961 9962 9963 9964
f 9964 9963 9965 9966
f 9966 9965 9967 9968
f 9968 9967 9969 9970
f 9970 9969 9971 9972
f 9972 9971 9973 9975 9976 9974
f 9976 9975 9977 9978
f 9978 9977 9979 9980
f 9980 9979 9981 9982
f 9982 9981 9983 9984
f 9984 9983 9985 9986
f 9986 9985 9987 9988
f 9988 9987 9989 9990
f 9990 9989 9991 9992
f 9994 9995 9996 9997
f 9997 9996 9998 9999
f 9999 9998 10000 10001
f 10001 10000 10002 10003
f 10003 10002 10004 10005
f 10005 10004 10006 10007
f 10007 10006 10008 10009
f 10009 10008 10010 10011
f 10011 10010 10012 10013
f 10013 10012 10014 10015
f 10015 10014 10016 10017
f 10017 10016 10018 10019
f 10019 10018 10020 10021
f 30 29 31
f 59 58 60
f 84 83 85
f 113 112 114
f 138 137 139
f 202 201 203
f 233 232 234
f 262 261 263
f 291 290 292
f 318 317 319
f 347 346 348
f 380 379 381
f 405 404 406
f 436 435 437
f 467 466 468
f 519 518 520
f 548 547 549
f 579 578 580
f 608 607 609
f 639 638 640
f 668 667 669
f 699 698 700
f 730 729 731
f 761 760 762
f 813 812 814
f 863 862 864
f 892 891 893
f 944 943 945
f 975 974 976
f 1006 1005 1007
f 1033 1032 1034
f 1064 1063 1065
f 1093 1092 1094
f 1114 1113 1115
f 1143 1142 1144
f 1170 1169 1171
f 1222 1221 1223
f 1253 1252 1254
f 1278 1277 1279
f 1311 1310 1312
f 1336 1335 1337
f 1365 1364 1366
f 1390 1389 1391
f 1413 1412 1414
f 1436 1435 1437
f 1471 1470 1472
f 1498 1497 1499
f 1529 1528 1530
f 1558 1557 1559
f 1589 1588 1590
f 1618 1617 1619
f 1655 1654 1656
f 1686 1685 1687
f 1717 1716 1718
f 1744 1743 1745
f 1775 1774 1776
f 1798 1797 1799
f 1831 1830 1832
f 1854 1853 1855
f 1912 1911 1913
f 1933 1932 1934
f 1954 1953 1955
f 1981 1980 1982
f 2010 2009 2011
f 2037 2036 2038
f 2066 2065 2067
f 2097 2096 2098
f 2122 2121 2123
f 2155 2154 2156
f 2184 2183 2185
f 2209 2208 2210
f 2246 2245 2247
f 2277 2276 2278
f 2304 2303 2305
f 2333 2332 2334
f 2366 2365 2367
f 2391 2390 2392
f 2418 2417 2419
f 2447 2446 2448
f 2474 2473 2475
f 2501 2500 2502
f 2530 2529 2531
f 2555 2554 2556
f 2582 2581 2583
f 2611 2610 2612
f 2636 2635 2637
f 2661 2660 2662
f 2684 2683 2685
f 2711 2710 2712
f 2740 2739 2741
f 2792 2791 2793
f 2819 2818 2820
f 2867 2866 2868
f 2898 2897 2899
f 2929 2928 2930
f 2958 2957 2959
f 2989 2988 2990
f 3016 3015 3017
f 3041 3040 3042
f 3068 3067 3069
f 3099 3098 3100
f 3155 3154 3156
f 3205 3204 3206
f 3234 3233 3235
f 3267 3266 3268
f 3294 3293 3295
f 3329 3328 3330
f 3358 3357 3359
f 3383 3382 3384
f 3412 3411 3413
f 3441 3440 3442
f 3464 3463 3465
f 3487 3486 3488
f 3518 3517 3519
f 3545 3544 3546
f 3576 3575 3577
f 3599 3598 3600
f 3626 3625 3627
f 3651 3650 3652
f 3680 3679 3681
f 3707 3706 3708
f 3736 3735 3737
f 3765 3764 3766
f 3792 3791 3793
f 3848 3847 3849
f 3877 3876 3878
f 3906 3905 3907
f 3956 3955 3957
f 3985 3984 3986
f 4016 4015 4017
f 4041 4040 4042
f 4072 4071 4073
f 4122 4121 4123
f 4149 4148 4150
f 4172 4171 4173
f 4201 4200 4202
f 4228 4227 4229
f 4255 4254 4256
f 4313 4312 4314
f 4346 4345 4347
f 4369 4368 4370
f 4400 4399 4401
f 4431 4430 4432
f 4460 4459 4461
f 4491 4490 4492
f 4518 4517 4519
f 4570 4569 4571
f 4601 4600 4602
f 4630 4629 4631
f 4661 4660 4662
f 4688 4687 4689
f 4744 4743 4745
f 4769 4768 4770
f 4796 4795 4797
f 4821 4820 4822
f 4848 4847 4849
f 4875 4874 4876
f 4908 4907 4909
f 4933 4932 4934
f 4962 4961 4963
f 4993 4992 4994
f 5022 5021 5023
f 5051 5050 5052
f 5080 5079 5081
f 5109 5108 5110
f 5138 5137 5139
f 5167 5166 5168
f 5200 5199 5201
f 5229 5228 5230
f 5281 5280 5282
f 5329 5328 5330
f 5360 5359 5361
f 5389 5388 5390
f 5416 5415 5417
f 5443 5442 5444
f 5474 5473 5475
f 5499 5498 5500
f 5532 5531 5533
f 5561 5560 5562
f 5590 5589 5591
f 5617 5616 5618
f 5669 5668 5670
f 5700 5699 5701
f 5729 5728 5730
f 5756 5755 5757
f 5783 5782 5784
f 5810 5809 5811
f 5839 5838 5840
f 5862 5861 5863
f 5914 5913 5915
f 5937 5936 5938
f 5966 5965 5967
f 5991 5990 5992
f 6016 6015 6017
f 6047 6046 6048
f 6076 6075 6077
f 6109 6108 6110
f 6136 6135 6137
f 6163 6162 6164
f 6192 6191 6193
f 6244 6243 6245
f 6275 6274 6276
f 6300 6299 6301
f 6327 6326 6328
f 6356 6355 6357
f 6387 6386 6388
f 6435 6434 6436
f 6468 6467 6469
f 6499 6498 6500
f 6528 6527 6529
f 6557 6556 6558
f 6661 6660 6662
f 6684 6683 6685
f 6721 6720 6722
f 6773 6772 6774
f 6802 6801 6803
f 6831 6830 6832
f 6854 6853 6855
f 6883 6882 6884
f 6908 6907 6909
f 6937 6936 6938
f 6966 6965 6967
f 6997 6996 6998
f 7022 7021 7023
f 7072 7071 7073
f 7099 7098 7100
f 7122 7121 7123
f 7149 7148 7150
f 7182 7181 7183
f 7213 7212 7214
f 7244 7243 7245
f 7275 7274 7276
f 7337 7336 7338
f 7364 7363 7365
f 7393 7392 7394
f 7447 7446 7448
f 7478 7477 7479
f 7507 7506 7508
f 7540 7539 7541
f 7569 7568 7570
f 7598 7597 7599
f 7627 7626 7628
f 7681 7680 7682
f 7708 7707 7709
f 7733 7732 7734
f 7758 7757 7759
f 7814 7813 7815
f 7839 7838 7840
f 7868 7867 7869
f 7895 7894 7896
f 7926 7925 7927
f 7955 7954 7956
f 7980 7979 7981
f 8007 8006 8008
f 8032 8031 8033
f 8057 8056 8058
f 8082 8081 8083
f 8109 8108 8110
f 8157 8156 8158
f 8182 8181 8183
f 8211 8210 8212
f 8242 8241 8243
f 8273 8272 8274
f 8304 8303 8305
f 8329 8328 8330
f 8358 8357 8359
f 8389 8388 8390
f 8422 8421 8423
f 8474 8473 8475
f 8509 8508 8510
f 8544 8543 8545
f 8571 8570 8572
f 8596 8595 8597
f 8652 8651 8653
f 8675 8674 8676
f 8702 8701 8703
f 8725 8724 8726
f 8748 8747 8749
f 8773 8772 8774
f 8825 8824 8826
f 8877 8876 8878
f 8904 8903 8905
f 8941 8940 8942
f 8970 8969 8971
f 8993 8992 8994
f 9020 9019 9021
f 9072 9071 9073
f 9120 9119 9121
f 9149 9148 9150
f 9176 9175 9177
f 9203 9202 9204
f 9228 9227 9229
f 9253 9252 9254
f 9276 9275 9277
f 9299 9298 9300
f 9336 9335 9337
f 9365 9364 9366
f 9390 9389 9391
f 9417 9416 9418
f 9444 9443 9445
f 9496 9495 9497
f 9525 9524 9526
f 9558 9557 9559
f 9625 9624 9626
f 9658 9657 9659
f 9710 9709 9711
f 9739 9738 9740
f 9768 9767 9769
f 9791 9790 9792
f 9820 9819 9821
f 9847 9846 9848
f 9874 9873 9875
f 9903 9902 9904
f 9934 9933 9935
f 9959 9958 9960
f 9992 9991 9993
f 10021 10020 10022
